runId,method,dataset,scenario,repeat,seed,deviceId,deviceClass,protocolVersion,networkProfile,studyPhase,pilotPurpose,diagnosticPurpose,confirmatoryRelease,confirmatoryRole,ablationPurpose,fixedSse,excludeFromFormalAggregation,serverTopology,pageOrigin,pageHost,piKp,piKi,valid,invalidReasons,requestPressureWindowCount,pressureSafeHoldCount,pressureTailOverlapCount,pressurePreemptiveOpportunityCount,pressurePreemptiveActionCount,missedPreemptiveOpportunityCount,tailDowngradeUnderPressureCount,validWindowCount,violationWindowCount,violationRate,frameTimeP95Ms,frameTimeP99Ms,timeWeightedMeanSse,requestQueuePeak,requestQueueAuc,switchCount,reversalCount,switchesPerMinute,forecastPairCount,predictionMaeMs,persistenceMaeMs,violationPrecision,violationRecall,violationF1,meanWarningLeadMs,rawFrameTimeP95Ms,rawFrameTimeP99Ms,frameBudgetViolationRate,firstStableDisplayMs,tilesLoadedTotal,tileFailureCount,stateWindowCounts,resourceCount,transferBytes,encodedBodyBytes,preRunReadinessReady,preRunReadinessWaitMs,preRunReadinessP95Ms,preRunReadinessCheckCount,loadProgressEventCount,rawFrameTimeMaxMs,frameTimeOver20Rate,frameTimeHistogram,resourceCompletionPeak100Ms,resourceCompletionTransferBytesPeak100Ms,tileLoadPeak100Ms,loadProgressEventPeak100Ms,loadProgressQueuePeak100Ms,resourceCompletionPeak250Ms,resourceCompletionTransferBytesPeak250Ms,tileLoadPeak250Ms,loadProgressEventPeak250Ms,loadProgressQueuePeak250Ms,resourceCompletionPeak500Ms,resourceCompletionTransferBytesPeak500Ms,tileLoadPeak500Ms,loadProgressEventPeak500Ms,loadProgressQueuePeak500Ms,resourceCompletionBins100Ms,tileLoadBins100Ms,loadProgressBins100Ms,resourceCompletionBins250Ms,tileLoadBins250Ms,loadProgressBins250Ms,resourceCompletionBins500Ms,tileLoadBins500Ms,loadProgressBins500Ms
android-a-acceptance-publicStress-burst-proposed-r1-mt8dvv00,proposed,publicStress,burst,1,20260823,android-a-acceptance,android,2.0.0,lan,legacy,legacy,none,none,none,none,,False,unspecified,unknown,unknown,,,False,drawing-buffer-959x540,0,0,0,0,0,0,0,78,0,0.0,16.70000000001164,16.70000000001164,7.282186571361728,0,0.0,4,0,5.973150687658974,77.0,9.785339325660317e-05,2.173337988652192e-12,,,,,16.700000000004366,16.70000000001164,0.0004158004158004158,4381.300000023839,85,0,"{""INTERACTING"": 32, ""RECOVERY"": 4, ""STABLE"": 42}",86,4122332,4096532,,,,,,,,,,,,,,,,,,,,,,,,,,,,,,,,
android-a-acceptance-publicStress-burst-proposed-r1-mt8dx0v9,proposed,publicStress,burst,1,20260823,android-a-acceptance,android,2.0.0,lan,legacy,legacy,none,none,none,none,,False,unspecified,unknown,unknown,,,False,drawing-buffer-959x540,0,0,0,0,0,0,0,78,0,0.0,16.70000000001164,16.70000000001164,7.281805330174123,0,0.0,4,0,5.973299351897018,77.0,1.6896154289106755e-05,2.078845032623836e-12,,,,,16.70000000001164,16.70000000001164,0.0,1666.699999999997,85,0,"{""INTERACTING"": 31, ""RECOVERY"": 4, ""STABLE"": 43}",87,4122332,4096532,,,,,,,,,,,,,,,,,,,,,,,,,,,,,,,,
android-a-acceptance-publicStress-burst-proposed-r1-mt8dy4g7,proposed,publicStress,burst,1,20260823,android-a-acceptance,android,2.0.0,lan,legacy,legacy,none,none,none,none,,False,unspecified,unknown,unknown,,,False,drawing-buffer-959x540,0,0,0,0,0,0,0,78,0,0.0,16.70000000001164,16.70000000001164,7.281479508920905,1,515.2000000000116,4,0,5.972987165543834,77.0,2.3045287628028214e-05,0.0,,,,,16.70000000001164,16.70000000001164,0.0,1659.3999999880907,85,0,"{""INTERACTING"": 32, ""RECOVERY"": 4, ""STABLE"": 42}",87,4122332,4096532,,,,,,,,,,,,,,,,,,,,,,,,,,,,,,,,
android-a-acceptance2-publicStress-burst-proposed-r1-mt8e8tcc,proposed,publicStress,burst,1,20260823,android-a-acceptance2,android,2.0.0,lan,legacy,legacy,none,none,none,none,,False,unspecified,unknown,unknown,,,True,,0,0,0,0,0,0,0,78,0,0.0,16.70000000001164,16.70000000001164,7.28207131076378,15,8246.400000000023,4,0,5.970342324503029,77.0,2.665264379783397e-05,6.614506921984933e-13,,,,,16.700000000004366,16.70000000001164,0.0,2203.0999999999985,85,0,"{""INTERACTING"": 31, ""RECOVERY"": 4, ""STABLE"": 43}",86,4122332,4096532,,,,,,,,,,,,,,,,,,,,,,,,,,,,,,,,
android-a-bagAmsterdam-pressureBurst-cesiumDynamic-r1-mtib63lb,cesiumDynamic,bagAmsterdam,pressureBurst,1,20260823,android-a,android,2.3.6,lan,pilot,full-pilot-v2.3.6-pressure-burst,none,none,none,none,,False,unspecified,unknown,unknown,,,True,,0,0,0,0,0,0,0,74,0,0.0,16.70000000001164,16.70000000001164,16.0,0,0.0,0,0,0.0,73.0,1.5947304359854083e-12,1.5947304359854083e-12,,,,,16.70000000001164,16.70000000001164,0.0,10122.600000023842,7,0,"{""STABLE"": 74}",8,259482,257082,True,4011.5000001192093,16.70000000001164,2.0,6.0,,,,,,,,,,,,,,,,,,,,,,,,,,,
android-a-bagAmsterdam-pressureBurst-cesiumDynamic-r1-mticiyll,cesiumDynamic,bagAmsterdam,pressureBurst,1,20260823,android-a,android,2.3.6,lan,pilot,full-pilot-v2.3.6-pressure-burst,none,none,none,none,,False,unspecified,unknown,unknown,,,True,,0,0,0,0,0,0,0,74,0,0.0,16.70000000001164,16.70000000001164,16.0,0,0.0,0,0,0.0,73.0,0.0109589041110243,0.0109589041110243,,,,,16.70000000001164,16.70000000001164,0.0,10123.800000071526,7,0,"{""STABLE"": 74}",8,259482,257082,True,4014.600000023842,16.70000000001164,2.0,6.0,,,,,,,,,,,,,,,,,,,,,,,,,,,
android-a-bagAmsterdam-pressureBurst-cesiumDynamic-r2-mtibd7oj,cesiumDynamic,bagAmsterdam,pressureBurst,2,20260824,android-a,android,2.3.6,lan,pilot,full-pilot-v2.3.6-pressure-burst,none,none,none,none,,False,unspecified,unknown,unknown,,,True,,0,0,0,0,0,0,0,74,0,0.0,16.70000000006985,16.70000000006985,16.0,0,0.0,0,0,0.0,73.0,2.0731495667810308e-11,2.0731495667810308e-11,,,,,16.70000000006985,16.70000000006985,0.0,10125.699999928474,7,0,"{""STABLE"": 74}",8,259482,257082,True,4015.100000023842,16.70000000006985,2.0,6.0,,,,,,,,,,,,,,,,,,,,,,,,,,,
android-a-bagAmsterdam-pressureBurst-cesiumDynamic-r2-mticq2nt,cesiumDynamic,bagAmsterdam,pressureBurst,2,20260824,android-a,android,2.3.6,lan,pilot,full-pilot-v2.3.6-pressure-burst,none,none,none,none,,False,unspecified,unknown,unknown,,,True,,0,0,0,0,0,0,0,74,0,0.0,16.70000000006985,16.70000000006985,16.0,0,0.0,0,0,0.0,73.0,0.005479452069466041,0.005479452069466041,,,,,16.699999999953434,16.70000000006985,0.0,10128.799999952316,7,0,"{""STABLE"": 74}",8,259482,257082,True,4026.7999999523163,16.699999999953434,2.0,6.0,,,,,,,,,,,,,,,,,,,,,,,,,,,
android-a-bagAmsterdam-pressureBurst-cesiumDynamic-r3-mtibicgt,cesiumDynamic,bagAmsterdam,pressureBurst,3,20260825,android-a,android,2.3.6,lan,pilot,full-pilot-v2.3.6-pressure-burst,none,none,none,none,,False,unspecified,unknown,unknown,,,True,,0,0,0,0,0,0,0,74,0,0.0,16.70000000006985,16.70000000006985,16.0,0,0.0,0,0,0.0,73.0,3.508406959167898e-11,3.508406959167898e-11,,,,,16.70000000006985,16.70000000006985,0.0,10120.399999976158,7,0,"{""STABLE"": 74}",8,259482,257082,True,4017.0999999046326,16.699999999953434,2.0,5.0,,,,,,,,,,,,,,,,,,,,,,,,,,,
android-a-bagAmsterdam-pressureBurst-cesiumDynamic-r3-mticute6,cesiumDynamic,bagAmsterdam,pressureBurst,3,20260825,android-a,android,2.3.6,lan,pilot,full-pilot-v2.3.6-pressure-burst,none,none,none,none,,False,unspecified,unknown,unknown,,,True,,0,0,0,0,0,0,0,74,0,0.0,16.70000000006985,16.70000000006985,16.0,0,0.0,0,0,0.0,73.0,1.6027021414729086e-11,1.6027021414729086e-11,,,,,16.699999999953434,16.70000000006985,0.0,10125.399999976158,7,0,"{""STABLE"": 74}",8,259482,257082,True,4019.3000000715256,16.699999999953434,2.0,6.0,,,,,,,,,,,,,,,,,,,,,,,,,,,
android-a-bagAmsterdam-pressureBurst-cesiumDynamic-r4-mtibpgij,cesiumDynamic,bagAmsterdam,pressureBurst,4,20260826,android-a,android,2.3.6,lan,pilot,full-pilot-v2.3.6-pressure-burst,none,none,none,none,,False,unspecified,unknown,unknown,,,True,,0,0,0,0,0,0,0,74,0,0.0,16.699999999953434,16.7000000000163,16.0,0,0.0,0,0,0.0,73.0,6.378921743941633e-12,6.378921743941633e-12,,,,,16.699999999953434,16.700000000186265,0.0,10125.399999976158,7,0,"{""STABLE"": 74}",8,259482,257082,True,4021.5999999046326,16.699999999953434,2.0,3.0,,,,,,,,,,,,,,,,,,,,,,,,,,,
android-a-bagAmsterdam-pressureBurst-cesiumDynamic-r4-mtid1xhl,cesiumDynamic,bagAmsterdam,pressureBurst,4,20260826,android-a,android,2.3.6,lan,pilot,full-pilot-v2.3.6-pressure-burst,none,none,none,none,,False,unspecified,unknown,unknown,,,True,,0,0,0,0,0,0,0,74,0,0.0,16.699999999953434,16.699999999953434,16.0,0,0.0,0,0,0.0,73.0,0.0,0.0,,,,,16.699999999953434,16.700000000186265,0.0,10127.399999976158,7,0,"{""STABLE"": 74}",8,259482,257082,True,4020.9000000953674,16.699999999953434,2.0,6.0,,,,,,,,,,,,,,,,,,,,,,,,,,,
android-a-bagAmsterdam-pressureBurst-fixed16-r1-mtib1ct6,fixed16,bagAmsterdam,pressureBurst,1,20260823,android-a,android,2.3.6,lan,pilot,full-pilot-v2.3.6-pressure-burst,none,none,none,none,,False,unspecified,unknown,unknown,,,True,,0,0,0,0,0,0,0,74,0,0.0,16.70000000001164,16.70000000001164,16.0,1,1542.3999999999942,0,0,0.0,73.0,3.1894608719708167e-12,3.1894608719708167e-12,,,,,16.70000000001164,16.70000000001164,0.0,10125.799999952316,9,0,"{""STABLE"": 74}",10,829762,826762,True,4016.600000023842,16.69999999999709,2.0,12.0,,,,,,,,,,,,,,,,,,,,,,,,,,,
android-a-bagAmsterdam-pressureBurst-fixed16-r1-mtice7vy,fixed16,bagAmsterdam,pressureBurst,1,20260823,android-a,android,2.3.6,lan,pilot,full-pilot-v2.3.6-pressure-burst,none,none,none,none,,False,unspecified,unknown,unknown,,,True,,0,0,0,0,0,0,0,74,0,0.0,16.70000000001164,16.70000000001164,16.0,1,1542.7999999999884,0,0,0.0,73.0,7.973652179927042e-13,7.973652179927042e-13,,,,,16.70000000001164,16.70000000001164,0.0,10135.0,9,0,"{""STABLE"": 74}",10,829762,826762,True,4020.7000000476837,16.69999999999709,2.0,12.0,,,,,,,,,,,,,,,,,,,,,,,,,,,
android-a-bagAmsterdam-pressureBurst-fixed16-r2-mtibc100,fixed16,bagAmsterdam,pressureBurst,2,20260824,android-a,android,2.3.6,lan,pilot,full-pilot-v2.3.6-pressure-burst,none,none,none,none,,False,unspecified,unknown,unknown,,,True,,0,0,0,0,0,0,0,74,0,0.0,16.70000000006985,16.70000000006985,16.0,1,1542.9000000000233,0,0,0.0,73.0,2.870514784773735e-11,2.870514784773735e-11,,,,,16.70000000006985,16.70000000006985,0.0,10116.700000047684,9,0,"{""STABLE"": 74}",10,829762,826762,True,4015.6999999284744,16.699999999953434,2.0,11.0,,,,,,,,,,,,,,,,,,,,,,,,,,,
android-a-bagAmsterdam-pressureBurst-fixed16-r2-mticovzp,fixed16,bagAmsterdam,pressureBurst,2,20260824,android-a,android,2.3.6,lan,pilot,full-pilot-v2.3.6-pressure-burst,none,none,none,none,,False,unspecified,unknown,unknown,,,True,,0,0,0,0,0,0,0,74,0,0.0,16.70000000006985,16.70000000006985,16.0,1,1542.5999999998603,0,0,0.0,73.0,0.002739726044301403,0.002739726044301403,,,,,16.699999999953434,16.70000000006985,0.0,10122.800000071526,9,0,"{""STABLE"": 74}",10,829762,826762,True,4024.100000023842,16.699999999953434,2.0,12.0,,,,,,,,,,,,,,,,,,,,,,,,,,,
android-a-bagAmsterdam-pressureBurst-fixed16-r3-mtibjj47,fixed16,bagAmsterdam,pressureBurst,3,20260825,android-a,android,2.3.6,lan,pilot,full-pilot-v2.3.6-pressure-burst,none,none,none,none,,False,unspecified,unknown,unknown,,,True,,0,0,0,0,0,0,0,74,0,0.0,16.70000000006985,16.70000000006985,16.0,1,1542.5999999999767,0,0,0.0,73.0,1.91367652318249e-11,1.91367652318249e-11,,,,,16.70000000006985,16.70000000006985,0.0,10108.300000071526,9,0,"{""STABLE"": 74}",10,829762,826762,True,4012.8000000715256,16.699999999953434,2.0,12.0,,,,,,,,,,,,,,,,,,,,,,,,,,,
android-a-bagAmsterdam-pressureBurst-fixed16-r3-mticw01w,fixed16,bagAmsterdam,pressureBurst,3,20260825,android-a,android,2.3.6,lan,pilot,full-pilot-v2.3.6-pressure-burst,none,none,none,none,,False,unspecified,unknown,unknown,,,True,,0,0,0,0,0,0,0,74,0,0.0,16.70000000006985,16.70000000006985,16.0,1,1542.4000000000233,0,0,0.0,73.0,0.01369863013379684,0.01369863013379684,,,,,16.699999999953434,16.70000000006985,0.0,10114.0,9,0,"{""STABLE"": 74}",10,829762,826762,True,4025.7999999523163,16.699999999953434,2.0,11.0,,,,,,,,,,,,,,,,,,,,,,,,,,,
android-a-bagAmsterdam-pressureBurst-fixed16-r4-mtiblwgo,fixed16,bagAmsterdam,pressureBurst,4,20260826,android-a,android,2.3.6,lan,pilot,full-pilot-v2.3.6-pressure-burst,none,none,none,none,,False,unspecified,unknown,unknown,,,True,,0,0,0,0,0,0,0,74,0,0.0,16.699999999953434,16.699999999953434,16.0,1,1542.6999999997206,0,0,0.0,73.0,0.0,0.0,,,,,16.699999999953434,16.700000000186265,0.0,10130.300000071526,9,0,"{""STABLE"": 74}",10,829762,826762,True,4027.6999999284744,16.699999999953434,2.0,11.0,,,,,,,,,,,,,,,,,,,,,,,,,,,
android-a-bagAmsterdam-pressureBurst-fixed16-r4-mticydg5,fixed16,bagAmsterdam,pressureBurst,4,20260826,android-a,android,2.3.6,lan,pilot,full-pilot-v2.3.6-pressure-burst,none,none,none,none,,False,unspecified,unknown,unknown,,,True,,0,0,0,0,0,0,0,74,0,0.0,16.699999999953434,16.700000000186265,16.0,1,1542.0999999998603,0,0,0.0,73.0,0.005479452053518736,0.005479452053518736,,,,,16.699999999953434,16.700000000186265,0.0,10117.300000071526,9,0,"{""STABLE"": 74}",10,829762,826762,True,4039.899999976158,16.699999999953434,2.0,12.0,,,,,,,,,,,,,,,,,,,,,,,,,,,
android-a-bagAmsterdam-pressureBurst-fixed8-r1-mtib4wwr,fixed8,bagAmsterdam,pressureBurst,1,20260823,android-a,android,2.3.6,lan,pilot,full-pilot-v2.3.6-pressure-burst,none,none,none,none,,False,unspecified,unknown,unknown,,,True,,0,0,0,0,0,0,0,74,0,0.0,16.70000000001164,16.70000000001164,8.0,12,24171.299999999814,0,0,0.0,73.0,1.5947304359854083e-12,1.5947304359854083e-12,,,,,16.70000000001164,16.70000000001164,0.0,10115.299999952316,30,0,"{""STABLE"": 74}",31,15454198,15444898,True,4015.7999999523163,16.70000000001164,2.0,48.0,,,,,,,,,,,,,,,,,,,,,,,,,,,
android-a-bagAmsterdam-pressureBurst-fixed8-r1-mtichrxg,fixed8,bagAmsterdam,pressureBurst,1,20260823,android-a,android,2.3.6,lan,pilot,full-pilot-v2.3.6-pressure-burst,none,none,none,none,,False,unspecified,unknown,unknown,,,True,,0,0,0,0,0,0,0,74,0,0.0,16.70000000001164,16.70000000001164,8.0,12,28275.49999999994,0,0,0.0,73.0,0.0027397260283540986,0.0027397260283540986,,,,,16.70000000001164,16.70000000001164,0.0,10121.700000047684,30,0,"{""STABLE"": 74}",31,15454198,15444898,True,4013.5,16.70000000001164,2.0,41.0,,,,,,,,,,,,,,,,,,,,,,,,,,,
android-a-bagAmsterdam-pressureBurst-fixed8-r2-mtib8gxn,fixed8,bagAmsterdam,pressureBurst,2,20260824,android-a,android,2.3.6,lan,pilot,full-pilot-v2.3.6-pressure-burst,none,none,none,none,,False,unspecified,unknown,unknown,,,True,,0,0,0,0,0,0,0,74,0,0.0,16.70000000001164,16.70000000001164,8.0,11,25194.20000000001,0,0,0.0,73.0,1.5947304359854083e-12,1.5947304359854083e-12,,,,,16.70000000001164,16.70000000001164,0.0,10126.5,30,0,"{""STABLE"": 74}",31,15454198,15444898,True,4012.5,16.70000000001164,2.0,49.0,,,,,,,,,,,,,,,,,,,,,,,,,,,
android-a-bagAmsterdam-pressureBurst-fixed8-r2-mticlbxs,fixed8,bagAmsterdam,pressureBurst,2,20260824,android-a,android,2.3.6,lan,pilot,full-pilot-v2.3.6-pressure-burst,none,none,none,none,,False,unspecified,unknown,unknown,,,True,,0,0,0,0,0,0,0,74,0,0.0,16.70000000001164,16.70000000001164,8.0,11,28275.59999999986,0,0,0.0,73.0,0.0027397260315435595,0.0027397260315435595,,,,,16.70000000001164,16.70000000001164,0.0,10127.899999976158,30,0,"{""STABLE"": 74}",31,15454198,15444898,True,4014.2999999523163,16.699999999953434,2.0,47.0,,,,,,,,,,,,,,,,,,,,,,,,,,,
android-a-bagAmsterdam-pressureBurst-fixed8-r3-mtibh5tg,fixed8,bagAmsterdam,pressureBurst,3,20260825,android-a,android,2.3.6,lan,pilot,full-pilot-v2.3.6-pressure-burst,none,none,none,none,,False,unspecified,unknown,unknown,,,True,,0,0,0,0,0,0,0,74,0,0.0,16.70000000006985,16.70000000006985,8.0,11,28794.899999999325,0,0,0.0,73.0,1.754203479583949e-11,1.754203479583949e-11,,,,,16.699999999953434,16.70000000006985,0.0,10131.100000023842,30,0,"{""STABLE"": 74}",31,15454198,15444898,True,4012.700000166893,16.699999999953434,2.0,51.0,,,,,,,,,,,,,,,,,,,,,,,,,,,
android-a-bagAmsterdam-pressureBurst-fixed8-r3-mtictmph,fixed8,bagAmsterdam,pressureBurst,3,20260825,android-a,android,2.3.6,lan,pilot,full-pilot-v2.3.6-pressure-burst,none,none,none,none,,False,unspecified,unknown,unknown,,,True,,0,0,0,0,0,0,0,74,0,0.0,16.70000000006985,16.70000000006985,8.0,11,28280.199999999488,0,0,0.0,73.0,0.002739726049085594,0.002739726049085594,,,,,16.699999999953434,16.70000000006985,0.0,10121.200000047684,30,0,"{""STABLE"": 74}",31,15454198,15444898,True,4025.8000000715256,16.699999999953434,2.0,48.0,,,,,,,,,,,,,,,,,,,,,,,,,,,
android-a-bagAmsterdam-pressureBurst-fixed8-r4-mtibo9uk,fixed8,bagAmsterdam,pressureBurst,4,20260826,android-a,android,2.3.6,lan,pilot,full-pilot-v2.3.6-pressure-burst,none,none,none,none,,False,unspecified,unknown,unknown,,,True,,0,0,0,0,0,0,0,74,0,0.0,16.69999999995751,16.700000000186265,8.0,11,24171.5,0,0,0.0,73.0,0.0027397260301083117,0.0027397260301083117,,,,,16.699999999953434,16.700000000186265,0.0,10120.100000023842,30,0,"{""STABLE"": 74}",31,15454198,15444898,True,4026.6999999284744,16.699999999953434,2.0,43.0,,,,,,,,,,,,,,,,,,,,,,,,,,,
android-a-bagAmsterdam-pressureBurst-fixed8-r4-mtid0qt9,fixed8,bagAmsterdam,pressureBurst,4,20260826,android-a,android,2.3.6,lan,pilot,full-pilot-v2.3.6-pressure-burst,none,none,none,none,,False,unspecified,unknown,unknown,,,True,,0,0,0,0,0,0,0,74,0,0.0,16.699999999953434,16.699999999953434,8.0,11,25188.09999999916,0,0,0.0,73.0,0.008219178070709722,0.008219178070709722,,,,,16.699999999953434,16.700000000186265,0.0,10119.300000071526,30,0,"{""STABLE"": 74}",31,15454198,15444898,True,4025.7000000476837,16.699999999953434,2.0,47.0,,,,,,,,,,,,,,,,,,,,,,,,,,,
android-a-bagAmsterdam-pressureBurst-fixedDiagnostic-r1-mtiqf2tx,fixedDiagnostic,bagAmsterdam,pressureBurst,1,20260823,android-a,android,2.3.6,lan,diagnostic,none,android-workload-identifiability,none,none,none,4.0,True,unspecified,unknown,unknown,,,True,,0,0,0,0,0,0,0,74,0,0.0,16.700000000002184,16.70000000001164,4.0,39,246976.59999999986,0,0,0.0,73.0,7.973652179927042e-13,7.973652179927042e-13,,,,,16.69999999999709,16.70000000001164,0.0,10149.0,116,0,"{""STABLE"": 74}",122,78922006,78885406,True,4016.100000023842,16.700000000004366,2.0,206.0,33.09999999999127,0.0004149377593360996,"[{""binEndMs"": 20, ""binStartMs"": 0, ""count"": 2409}, {""binEndMs"": 33.33, ""binStartMs"": 20, ""count"": 1}, {""binEndMs"": 50, ""binStartMs"": 33.33, ""count"": 0}, {""binEndMs"": 66.67, ""binStartMs"": 50, ""count"": 0}, {""binEndMs"": null, ""binStartMs"": 66.67, ""count"": 0}]",,,,,,,,,,,,,,,,,,,,,,,,
android-a-bagAmsterdam-pressureBurst-pi-r1-mtib3q7p,pi,bagAmsterdam,pressureBurst,1,20260823,android-a,android,2.3.6,lan,pilot,full-pilot-v2.3.6-pressure-burst,none,none,none,none,,False,unspecified,unknown,unknown,,,True,,0,0,0,0,0,0,0,74,0,0.0,16.70000000001164,16.70000000001164,4.053982312513962,40,221065.79999999984,1,0,1.5768932574672465,73.0,0.002739726029151464,0.002739726029151464,,,,,16.70000000001164,16.70000000001164,0.0,10128.600000023842,116,0,"{""RECOVERY"": 2, ""STABLE"": 72}",117,78904102,78869002,True,4024.7000000476837,16.70000000001164,2.0,197.0,,,,,,,,,,,,,,,,,,,,,,,,,,,
android-a-bagAmsterdam-pressureBurst-pi-r1-mticgl9q,pi,bagAmsterdam,pressureBurst,1,20260823,android-a,android,2.3.6,lan,pilot,full-pilot-v2.3.6-pressure-burst,none,none,none,none,,False,unspecified,unknown,unknown,,,True,,0,0,0,0,0,0,0,74,0,0.0,16.70000000001164,16.70000000001164,4.054131480941229,41,245293.09999999934,1,0,1.5769512800902012,73.0,3.1894608719708167e-12,3.1894608719708167e-12,,,,,16.70000000001164,16.70000000001164,0.0,10120.5,116,0,"{""RECOVERY"": 2, ""STABLE"": 72}",117,78904102,78869002,True,4018.8000000715256,16.70000000001164,2.0,212.0,,,,,,,,,,,,,,,,,,,,,,,,,,,
android-a-bagAmsterdam-pressureBurst-pi-r2-mtibauab,pi,bagAmsterdam,pressureBurst,2,20260824,android-a,android,2.3.6,lan,pilot,full-pilot-v2.3.6-pressure-burst,none,none,none,none,,False,unspecified,unknown,unknown,,,True,,0,0,0,0,0,0,0,74,0,0.0,16.70000000006985,16.70000000006985,4.0540382871933645,40,255065.60000000312,1,0,1.5766860686646735,73.0,2.0731495667810308e-11,2.0731495667810308e-11,,,,,16.699999999953434,16.70000000006985,0.0,10122.600000023842,117,0,"{""RECOVERY"": 2, ""STABLE"": 72}",118,79256134,79220734,True,4018.100000023842,16.70000000006985,2.0,208.0,,,,,,,,,,,,,,,,,,,,,,,,,,,
android-a-bagAmsterdam-pressureBurst-pi-r2-mticnpbb,pi,bagAmsterdam,pressureBurst,2,20260824,android-a,android,2.3.6,lan,pilot,full-pilot-v2.3.6-pressure-burst,none,none,none,none,,False,unspecified,unknown,unknown,,,True,,0,0,0,0,0,0,0,74,0,0.0,16.70000000006985,16.70000000006985,4.054060306527509,41,319714.79999999923,1,0,1.5773285312442493,73.0,0.010958904113416395,0.010958904113416395,,,,,16.699999999953434,16.70000000006985,0.0,10116.100000023842,117,0,"{""RECOVERY"": 2, ""STABLE"": 72}",122,79257334,79220734,True,4024.5,16.699999999953434,2.0,225.0,,,,,,,,,,,,,,,,,,,,,,,,,,,
android-a-bagAmsterdam-pressureBurst-pi-r3-mtibfl5h,pi,bagAmsterdam,pressureBurst,3,20260825,android-a,android,2.3.6,lan,pilot,full-pilot-v2.3.6-pressure-burst,none,none,none,none,,False,unspecified,unknown,unknown,,,False,window-blur|document-hidden,0,0,0,0,0,0,0,74,0,0.0,16.70000000006985,16.70000000006985,4.054039142120732,40,234531.99999999977,1,0,1.5764043792513636,73.0,2.0731495667810308e-11,2.0731495667810308e-11,,,,,16.700000000023284,16.70000000006985,0.0,10130.399999976158,119,0,"{""RECOVERY"": 2, ""STABLE"": 72}",120,80932294,80896294,True,22125.89999985695,16.70000000006985,2.0,215.0,,,,,,,,,,,,,,,,,,,,,,,,,,,
android-a-bagAmsterdam-pressureBurst-pi-r3-mtibt0gy,pi,bagAmsterdam,pressureBurst,3,20260825,android-a,android,2.3.6,lan,pilot,full-pilot-v2.3.6-pressure-burst,none,none,none,none,,False,unspecified,unknown,unknown,,,True,,0,0,0,0,0,0,0,74,0,0.0,16.699999999953434,16.7000000000163,4.054057748522625,41,250305.9999999965,1,0,1.5772538958171305,73.0,6.378921743941633e-12,6.378921743941633e-12,,,,,16.699999999953434,16.700000000186265,0.0,10121.899999976158,119,0,"{""RECOVERY"": 2, ""STABLE"": 72}",120,80932294,80896294,True,4015.4000000953674,16.699999999953434,2.0,223.0,,,,,,,,,,,,,,,,,,,,,,,,,,,
android-a-bagAmsterdam-pressureBurst-pi-r3-mticsg17,pi,bagAmsterdam,pressureBurst,3,20260825,android-a,android,2.3.6,lan,pilot,full-pilot-v2.3.6-pressure-burst,none,none,none,none,,False,unspecified,unknown,unknown,,,True,,0,0,0,0,0,0,0,74,0,0.0,16.70000000006985,16.70000000006985,4.054047518923463,41,268394.0999999993,1,0,1.576955424726661,73.0,1.4352573923868675e-11,1.4352573923868675e-11,,,,,16.699999999953434,16.70000000006985,0.0,10118.299999952316,119,0,"{""RECOVERY"": 2, ""STABLE"": 72}",120,80932294,80896294,True,4024.0999999046326,16.699999999953434,2.0,216.0,,,,,,,,,,,,,,,,,,,,,,,,,,,
android-a-bagAmsterdam-pressureBurst-pi-r4-mtibqn62,pi,bagAmsterdam,pressureBurst,4,20260826,android-a,android,2.3.6,lan,pilot,full-pilot-v2.3.6-pressure-burst,none,none,none,none,,False,unspecified,unknown,unknown,,,True,,0,0,0,0,0,0,0,74,0,0.0,16.699999999953434,16.7000000000163,4.054067408170541,39,232391.99999999907,1,0,1.5769222682449984,73.0,0.002739726029948829,0.002739726029948829,,,,,16.699999999953434,16.700000000186265,0.0,10125.799999952316,123,0,"{""RECOVERY"": 2, ""STABLE"": 72}",124,83998794,83961594,True,4011.8000000715256,16.699999999953434,2.0,216.0,,,,,,,,,,,,,,,,,,,,,,,,,,,
android-a-bagAmsterdam-pressureBurst-pi-r4-mtid345t,pi,bagAmsterdam,pressureBurst,4,20260826,android-a,android,2.3.6,lan,pilot,full-pilot-v2.3.6-pressure-burst,none,none,none,none,,False,unspecified,unknown,unknown,,,True,,0,0,0,0,0,0,0,74,0,0.0,16.699999999953434,16.699999999953434,4.054044818295328,39,312546.3000000012,1,0,1.5771834132877705,73.0,0.0,0.0,,,,,16.699999999953434,16.700000000186265,0.0,10121.299999952316,122,0,"{""RECOVERY"": 2, ""STABLE"": 72}",129,83662806,83624406,True,4019.899999976158,16.699999999953434,2.0,236.0,,,,,,,,,,,,,,,,,,,,,,,,,,,
android-a-bagAmsterdam-pressureBurst-proposed-r1-mtib2jih,proposed,bagAmsterdam,pressureBurst,1,20260823,android-a,android,2.3.6,lan,pilot,full-pilot-v2.3.6-pressure-burst,none,none,none,none,,False,unspecified,unknown,unknown,,,True,,19,19,0,0,0,0,0,74,0,0.0,16.70000000001164,16.70000000001164,6.8652820332248945,34,157355.39999999988,4,0,6.306528833975374,73.0,5.75349813454074e-12,3.986826089963521e-12,,,,,16.70000000001164,16.70000000001164,0.0,10131.300000071526,96,0,"{""INTERACTING"": 28, ""PRESSURE"": 15, ""RECOVERY"": 4, ""STABLE"": 27}",114,59430530,59400830,True,4012.399999976158,16.70000000001164,2.0,166.0,,,,,,,,,,,,,,,,,,,,,,,,,,,
android-a-bagAmsterdam-pressureBurst-proposed-r1-mticfekf,proposed,bagAmsterdam,pressureBurst,1,20260823,android-a,android,2.3.6,lan,pilot,full-pilot-v2.3.6-pressure-burst,none,none,none,none,,False,unspecified,unknown,unknown,,,True,,18,18,0,0,0,0,0,74,0,0.0,16.70000000001164,16.70000000001164,6.864981774891662,34,164546.49999999907,4,0,6.307175200187118,73.0,0.002311950461037811,0.0027397260315435595,,,,,16.70000000001164,16.70000000001164,0.0,10129.599999904633,94,0,"{""INTERACTING"": 27, ""PRESSURE"": 15, ""RECOVERY"": 4, ""STABLE"": 28}",113,58779910,58750510,True,4028.7999999523163,16.70000000001164,2.0,169.0,,,,,,,,,,,,,,,,,,,,,,,,,,,
android-a-bagAmsterdam-pressureBurst-proposed-r2-mtib7a99,proposed,bagAmsterdam,pressureBurst,2,20260824,android-a,android,2.3.6,lan,pilot,full-pilot-v2.3.6-pressure-burst,none,none,none,none,,False,unspecified,unknown,unknown,,,True,,20,20,0,0,0,0,0,74,0,0.0,16.70000000001164,16.70000000001164,6.864697796782556,34,165053.30000000075,4,0,6.3076724951312615,73.0,0.003700078579974251,0.0027397260315435595,,,,,16.70000000001164,16.70000000001164,0.0,10127.600000023842,98,0,"{""INTERACTING"": 27, ""PRESSURE"": 17, ""RECOVERY"": 4, ""STABLE"": 26}",117,60780990,60750090,True,4028.9000000953674,16.70000000001164,2.0,172.0,,,,,,,,,,,,,,,,,,,,,,,,,,,
android-a-bagAmsterdam-pressureBurst-proposed-r2-mtick5a3,proposed,bagAmsterdam,pressureBurst,2,20260824,android-a,android,2.3.6,lan,pilot,full-pilot-v2.3.6-pressure-burst,none,none,none,none,,False,unspecified,unknown,unknown,,,True,,20,20,0,0,0,0,0,74,0,0.0,16.70000000001164,16.70000000001164,6.864909056973785,34,167066.69999999978,4,0,6.309098508686832,73.0,0.0023126825461608543,0.0027397260315435595,,,,,16.70000000001164,16.70000000001164,0.0,10121.199999928474,98,0,"{""INTERACTING"": 28, ""PRESSURE"": 16, ""RECOVERY"": 4, ""STABLE"": 26}",116,60780090,60750090,True,4016.600000023842,16.70000000001164,2.0,172.0,,,,,,,,,,,,,,,,,,,,,,,,,,,
android-a-bagAmsterdam-pressureBurst-proposed-r3-mtibkprm,proposed,bagAmsterdam,pressureBurst,3,20260825,android-a,android,2.3.6,lan,pilot,full-pilot-v2.3.6-pressure-burst,none,none,none,none,,False,unspecified,unknown,unknown,,,True,,22,22,0,0,0,0,0,74,0,0.0,16.70000000006985,16.70000000006985,6.86526780058401,35,190721.00000000407,4,0,6.308302514647075,73.0,1.511261131457864e-11,9.56838261591245e-12,,,,,16.699999999953434,16.700000000186265,0.0,10132.299999952316,98,0,"{""INTERACTING"": 28, ""PRESSURE"": 18, ""RECOVERY"": 4, ""STABLE"": 24}",117,61742658,61711458,True,4012.100000143051,16.699999999953434,2.0,185.0,,,,,,,,,,,,,,,,,,,,,,,,,,,
android-a-bagAmsterdam-pressureBurst-proposed-r3-mticx6r2,proposed,bagAmsterdam,pressureBurst,3,20260825,android-a,android,2.3.6,lan,pilot,full-pilot-v2.3.6-pressure-burst,none,none,none,none,,False,unspecified,unknown,unknown,,,True,,20,20,0,0,0,0,0,74,0,0.0,16.70000000006985,16.70000000006985,6.864695630229578,35,186613.60000000196,4,0,6.308998998446424,73.0,0.006012596708581804,0.005479452055113467,,,,,16.699999999953434,16.70000000006985,0.0,10120.799999952316,97,0,"{""INTERACTING"": 27, ""PRESSURE"": 17, ""RECOVERY"": 4, ""STABLE"": 26}",116,60695022,60664122,True,4020.799999833107,16.70000000006985,2.0,176.0,,,,,,,,,,,,,,,,,,,,,,,,,,,
android-a-bagAmsterdam-pressureBurst-proposed-r4-mtibn36h,proposed,bagAmsterdam,pressureBurst,4,20260826,android-a,android,2.3.6,lan,pilot,full-pilot-v2.3.6-pressure-burst,none,none,none,none,,False,unspecified,unknown,unknown,,,True,,19,19,0,0,0,0,0,74,0,0.0,16.700000000186265,16.700000000186265,6.8644952766354725,37,167143.4000000062,4,0,6.306578549749707,73.0,2.2600125728238036e-11,1.3076809042004616e-11,,,,,16.699999999953434,16.700000000186265,0.0,10115.800000071526,101,0,"{""INTERACTING"": 27, ""PRESSURE"": 16, ""RECOVERY"": 4, ""STABLE"": 27}",120,64361750,64329650,True,4017.899999976158,16.699999999953434,2.0,179.0,,,,,,,,,,,,,,,,,,,,,,,,,,,
android-a-bagAmsterdam-pressureBurst-proposed-r4-mticzk4z,proposed,bagAmsterdam,pressureBurst,4,20260826,android-a,android,2.3.6,lan,pilot,full-pilot-v2.3.6-pressure-burst,none,none,none,none,,False,unspecified,unknown,unknown,,,True,,21,21,0,0,0,0,0,74,0,0.0,16.699999999953434,16.699999999953434,6.864299067386404,37,184016.90000000503,4,0,6.310326059806131,73.0,0.005829529269230733,0.005479452047139815,,,,,16.699999999953434,16.700000000186265,0.0,10119.0,101,0,"{""INTERACTING"": 27, ""PRESSURE"": 18, ""RECOVERY"": 4, ""STABLE"": 25}",120,64441710,64409610,True,4017.0,16.699999999953434,2.0,191.0,,,,,,,,,,,,,,,,,,,,,,,,,,,
android-a-bagAmsterdam-pressureBurst-reactive-r1-mtib064k,reactive,bagAmsterdam,pressureBurst,1,20260823,android-a,android,2.3.6,lan,pilot,full-pilot-v2.3.6-pressure-burst,none,none,none,none,,False,unspecified,unknown,unknown,,,True,,0,0,0,0,0,0,0,74,0,0.0,16.70000000000291,16.70000000001164,5.540792436667867,36,178968.90000000008,4,0,6.306280266860757,73.0,9.567993277427103e-13,9.567993277427103e-13,,,,,16.69999999999709,16.70000000001164,0.0004161464835622139,10146.0,109,0,"{""INTERACTING"": 28, ""RECOVERY"": 14, ""STABLE"": 32}",128,70399602,70364802,True,4022.1999999284744,16.69999999999709,2.0,194.0,,,,,,,,,,,,,,,,,,,,,,,,,,,
android-a-bagAmsterdam-pressureBurst-reactive-r1-mticd16t,reactive,bagAmsterdam,pressureBurst,1,20260823,android-a,android,2.3.6,lan,pilot,full-pilot-v2.3.6-pressure-burst,none,none,none,none,,False,unspecified,unknown,unknown,,,True,,0,0,0,0,0,0,0,74,0,0.0,16.69999999999709,16.699999999998546,5.540154865222066,39,370831.0999999998,4,0,6.3060151502014,73.0,7.981438949634002e-14,7.981438949634002e-14,,,,,16.69999999999709,16.70000000001164,0.0,10130.299999952316,99,0,"{""INTERACTING"": 28, ""RECOVERY"": 14, ""STABLE"": 32}",133,62480414,62447414,True,4028.4000000953674,16.69999999999709,2.0,208.0,,,,,,,,,,,,,,,,,,,,,,,,,,,
android-a-bagAmsterdam-pressureBurst-reactive-r2-mtib9nlv,reactive,bagAmsterdam,pressureBurst,2,20260824,android-a,android,2.3.6,lan,pilot,full-pilot-v2.3.6-pressure-burst,none,none,none,none,,False,unspecified,unknown,unknown,,,True,,0,0,0,0,0,0,0,74,0,0.0,16.70000000006985,16.70000000006985,5.54052030153421,38,199569.80000000022,4,0,6.306048288564777,73.0,1.8339400013832196e-11,1.8339400013832196e-11,,,,,16.70000000001164,16.70000000006985,0.0,10126.399999976158,110,0,"{""INTERACTING"": 28, ""RECOVERY"": 14, ""STABLE"": 32}",129,70751334,70716534,True,4021.7999999523163,16.70000000001164,2.0,188.0,,,,,,,,,,,,,,,,,,,,,,,,,,,
android-a-bagAmsterdam-pressureBurst-reactive-r2-mticmimi,reactive,bagAmsterdam,pressureBurst,2,20260824,android-a,android,2.3.6,lan,pilot,full-pilot-v2.3.6-pressure-burst,none,none,none,none,,False,unspecified,unknown,unknown,,,True,,0,0,0,0,0,0,0,74,0,0.0,16.70000000006985,16.70000000006985,5.540461546548907,37,224673.6000000015,4,0,6.308153288124881,73.0,1.91367652318249e-11,1.91367652318249e-11,,,,,16.699999999953434,16.70000000006985,0.0,10125.100000023842,110,0,"{""INTERACTING"": 28, ""RECOVERY"": 14, ""STABLE"": 32}",129,70751634,70716534,True,4015.0999999046326,16.70000000001164,2.0,200.0,,,,,,,,,,,,,,,,,,,,,,,,,,,
android-a-bagAmsterdam-pressureBurst-reactive-r3-mtibeecx,reactive,bagAmsterdam,pressureBurst,3,20260825,android-a,android,2.3.6,lan,pilot,full-pilot-v2.3.6-pressure-burst,none,none,none,none,,False,unspecified,unknown,unknown,,,True,,0,0,0,0,0,0,0,74,0,0.0,16.70000000006985,16.70000000006985,5.54109522419997,39,230116.39999999967,4,0,6.309198022066447,73.0,2.2326226103795717e-11,2.2326226103795717e-11,,,,,16.70000000006985,16.70000000006985,0.0,10127.300000071526,113,0,"{""INTERACTING"": 28, ""RECOVERY"": 14, ""STABLE"": 32}",132,73123034,73087634,True,4013.300000190735,16.699999999953434,2.0,204.0,,,,,,,,,,,,,,,,,,,,,,,,,,,
android-a-bagAmsterdam-pressureBurst-reactive-r3-mticr9ca,reactive,bagAmsterdam,pressureBurst,3,20260825,android-a,android,2.3.6,lan,pilot,full-pilot-v2.3.6-pressure-burst,none,none,none,none,,False,unspecified,unknown,unknown,,,True,,0,0,0,0,0,0,0,74,0,0.0,16.70000000006985,16.70000000006985,5.540789421800448,39,252403.90000000095,4,0,6.30906533825789,73.0,1.2757843487883267e-11,1.2757843487883267e-11,,,,,16.699999999953434,16.70000000006985,0.0,10114.0,112,0,"{""INTERACTING"": 28, ""RECOVERY"": 14, ""STABLE"": 32}",131,72427494,72392094,True,4023.5999999046326,16.70000000006985,2.0,214.0,,,,,,,,,,,,,,,,,,,,,,,,,,,
android-a-bagAmsterdam-pressureBurst-reactive-r4-mtibrtt8,reactive,bagAmsterdam,pressureBurst,4,20260826,android-a,android,2.3.6,lan,pilot,full-pilot-v2.3.6-pressure-burst,none,none,none,none,,False,unspecified,unknown,unknown,,,True,,0,0,0,0,0,0,0,74,0,0.0,16.699999999953434,16.700000000186265,5.5406480984975195,39,190728.19999999786,4,0,6.308551241207403,73.0,0.0027397260363277508,0.0027397260363277508,,,,,16.699999999953434,16.700000000186265,0.0,10128.699999928474,116,0,"{""INTERACTING"": 27, ""RECOVERY"": 15, ""STABLE"": 32}",135,75493694,75457394,True,4025.2000000476837,16.699999999953434,2.0,207.0,,,,,,,,,,,,,,,,,,,,,,,,,,,
android-a-bagAmsterdam-pressureBurst-reactive-r4-mtid4atk,reactive,bagAmsterdam,pressureBurst,4,20260826,android-a,android,2.3.6,lan,pilot,full-pilot-v2.3.6-pressure-burst,none,none,none,none,,False,unspecified,unknown,unknown,,,True,,0,0,0,0,0,0,0,74,0,0.0,16.699999999953434,16.699999999953434,5.540480779090358,39,227684.59999999614,4,0,6.31012696501296,73.0,0.009589041082494676,0.009589041082494676,,,,,16.699999999953434,16.700000000186265,0.0,10120.599999904633,116,0,"{""INTERACTING"": 27, ""RECOVERY"": 15, ""STABLE"": 32}",134,75493694,75457394,True,4025.799999833107,16.699999999953434,2.0,223.0,,,,,,,,,,,,,,,,,,,,,,,,,,,
android-a-bagRotterdam-pressureBurst-cesiumDynamic-r1-mtink5i0,cesiumDynamic,bagRotterdam,pressureBurst,1,20260823,android-a,android,2.3.6,lan,pilot,full-pilot-v2.3.6-d2-pressure-burst,none,none,none,none,,False,unspecified,unknown,unknown,,,True,,0,0,0,0,0,0,0,74,0,0.0,16.70000000001164,16.70000000001164,16.0,0,0.0,0,0,0.0,73.0,0.0,0.0,,,,,16.70000000001164,16.70000000001164,0.0,10124.799999952316,4,0,"{""STABLE"": 74}",5,206642,205142,True,4019.8000000715256,16.70000000001164,2.0,4.0,,,,,,,,,,,,,,,,,,,,,,,,,,,
android-a-bagRotterdam-pressureBurst-cesiumDynamic-r2-mtinr9gt,cesiumDynamic,bagRotterdam,pressureBurst,2,20260824,android-a,android,2.3.6,lan,pilot,full-pilot-v2.3.6-d2-pressure-burst,none,none,none,none,,False,unspecified,unknown,unknown,,,True,,0,0,0,0,0,0,0,74,0,0.0,16.70000000006985,16.70000000006985,16.0,0,0.0,0,0,0.0,73.0,1.754203479583949e-11,1.754203479583949e-11,,,,,16.70000000006985,16.70000000006985,0.0,10132.200000047684,4,0,"{""STABLE"": 74}",5,206642,205142,True,4024.399999976158,16.70000000006985,2.0,3.0,,,,,,,,,,,,,,,,,,,,,,,,,,,
android-a-bagRotterdam-pressureBurst-cesiumDynamic-r3-mtinw062,cesiumDynamic,bagRotterdam,pressureBurst,3,20260825,android-a,android,2.3.6,lan,pilot,full-pilot-v2.3.6-d2-pressure-burst,none,none,none,none,,False,unspecified,unknown,unknown,,,True,,0,0,0,0,0,0,0,74,0,0.0,16.70000000006985,16.70000000006985,16.0,0,0.0,0,0,0.0,73.0,3.1894608719708167e-12,3.1894608719708167e-12,,,,,16.70000000006985,16.70000000006985,0.0,10135.300000071526,4,0,"{""STABLE"": 74}",5,206642,205142,True,4022.0000001192093,16.699999999953434,2.0,3.0,,,,,,,,,,,,,,,,,,,,,,,,,,,
android-a-bagRotterdam-pressureBurst-cesiumDynamic-r4-mtio3479,cesiumDynamic,bagRotterdam,pressureBurst,4,20260826,android-a,android,2.3.6,lan,pilot,full-pilot-v2.3.6-d2-pressure-burst,none,none,none,none,,False,unspecified,unknown,unknown,,,True,,0,0,0,0,0,0,0,74,0,0.0,16.699999999953434,16.700000000186265,16.0,0,0.0,0,0,0.0,73.0,1.2757843487883267e-11,1.2757843487883267e-11,,,,,16.699999999953434,16.700000000186265,0.0,10120.0,4,0,"{""STABLE"": 74}",5,206642,205142,True,4012.7999999523163,16.699999999953434,2.0,4.0,,,,,,,,,,,,,,,,,,,,,,,,,,,
android-a-bagRotterdam-pressureBurst-fixed16-r1-mtinferj,fixed16,bagRotterdam,pressureBurst,1,20260823,android-a,android,2.3.6,lan,pilot,full-pilot-v2.3.6-d2-pressure-burst,none,none,none,none,,False,unspecified,unknown,unknown,,,True,,0,0,0,0,0,0,0,74,0,0.0,16.70000000001164,16.70000000001164,16.0,0,0.0,0,0,0.0,73.0,2.3920956539781125e-12,2.3920956539781125e-12,,,,,16.70000000001164,16.70000000001164,0.0,10117.199999928474,4,0,"{""STABLE"": 74}",5,206642,205142,True,4025.899999976158,16.69999999999709,2.0,4.0,,,,,,,,,,,,,,,,,,,,,,,,,,,
android-a-bagRotterdam-pressureBurst-fixed16-r2-mtinq2t2,fixed16,bagRotterdam,pressureBurst,2,20260824,android-a,android,2.3.6,lan,pilot,full-pilot-v2.3.6-d2-pressure-burst,none,none,none,none,,False,unspecified,unknown,unknown,,,True,,0,0,0,0,0,0,0,74,0,0.0,16.70000000006985,16.70000000006985,16.0,0,0.0,0,0,0.0,73.0,2.0731495667810308e-11,2.0731495667810308e-11,,,,,16.70000000006985,16.70000000006985,0.0,10128.5,4,0,"{""STABLE"": 74}",5,206642,205142,True,4018.0999999046326,16.699999999953434,2.0,4.0,,,,,,,,,,,,,,,,,,,,,,,,,,,
android-a-bagRotterdam-pressureBurst-fixed16-r3-mtinx6ue,fixed16,bagRotterdam,pressureBurst,3,20260825,android-a,android,2.3.6,lan,pilot,full-pilot-v2.3.6-d2-pressure-burst,none,none,none,none,,False,unspecified,unknown,unknown,,,True,,0,0,0,0,0,0,0,74,0,0.0,16.70000000006985,16.70000000006985,16.0,0,0.0,0,0,0.0,73.0,9.56838261591245e-12,9.56838261591245e-12,,,,,16.70000000006985,16.70000000006985,0.0,10117.399999976158,4,0,"{""STABLE"": 74}",5,206642,205142,True,4027.600000143051,16.70000000006985,2.0,3.0,,,,,,,,,,,,,,,,,,,,,,,,,,,
android-a-bagRotterdam-pressureBurst-fixed16-r4-mtinzk60,fixed16,bagRotterdam,pressureBurst,4,20260826,android-a,android,2.3.6,lan,pilot,full-pilot-v2.3.6-d2-pressure-burst,none,none,none,none,,False,unspecified,unknown,unknown,,,True,,0,0,0,0,0,0,0,74,0,0.0,16.699999999953434,16.7000000000163,16.0,0,0.0,0,0,0.0,73.0,0.002739726029948829,0.002739726029948829,,,,,16.699999999953434,16.700000000186265,0.0,10113.399999976158,4,0,"{""STABLE"": 74}",5,206642,205142,True,4025.2999999523163,16.699999999953434,2.0,4.0,,,,,,,,,,,,,,,,,,,,,,,,,,,
android-a-bagRotterdam-pressureBurst-fixed8-r1-mtiniyto,fixed8,bagRotterdam,pressureBurst,1,20260823,android-a,android,2.3.6,lan,pilot,full-pilot-v2.3.6-d2-pressure-burst,none,none,none,none,,False,unspecified,unknown,unknown,,,True,,0,0,0,0,0,0,0,74,0,0.0,16.70000000001164,16.70000000001164,8.0,8,11838.800000000163,0,0,0.0,73.0,0.0,0.0,,,,,16.70000000001164,16.70000000001164,0.0,10127.5,14,0,"{""STABLE"": 74}",15,8159090,8154590,True,4017.100000023842,16.70000000001164,2.0,23.0,,,,,,,,,,,,,,,,,,,,,,,,,,,
android-a-bagRotterdam-pressureBurst-fixed8-r2-mtinmiu0,fixed8,bagRotterdam,pressureBurst,2,20260824,android-a,android,2.3.6,lan,pilot,full-pilot-v2.3.6-d2-pressure-burst,none,none,none,none,,False,unspecified,unknown,unknown,,,True,,0,0,0,0,0,0,0,74,0,0.0,16.70000000001164,16.70000000001164,8.0,7,11833.199999999837,0,0,0.0,73.0,0.0,0.0,,,,,16.70000000001164,16.70000000001164,0.0,10128.600000023842,14,0,"{""STABLE"": 74}",15,8159090,8154590,True,4020.899999856949,16.70000000001164,2.0,25.0,,,,,,,,,,,,,,,,,,,,,,,,,,,
android-a-bagRotterdam-pressureBurst-fixed8-r3-mtinutgq,fixed8,bagRotterdam,pressureBurst,3,20260825,android-a,android,2.3.6,lan,pilot,full-pilot-v2.3.6-d2-pressure-burst,none,none,none,none,,False,unspecified,unknown,unknown,,,True,,0,0,0,0,0,0,0,74,0,0.0,16.70000000006985,16.70000000006985,8.0,7,11842.099999999744,0,0,0.0,73.0,3.1894608719708167e-12,3.1894608719708167e-12,,,,,16.70000000006985,16.70000000006985,0.0,10132.400000095367,14,0,"{""STABLE"": 74}",15,8159090,8154590,True,4036.899999856949,16.70000000006985,2.0,27.0,,,,,,,,,,,,,,,,,,,,,,,,,,,
android-a-bagRotterdam-pressureBurst-fixed8-r4-mtio1xiq,fixed8,bagRotterdam,pressureBurst,4,20260826,android-a,android,2.3.6,lan,pilot,full-pilot-v2.3.6-d2-pressure-burst,none,none,none,none,,False,unspecified,unknown,unknown,,,True,,0,0,0,0,0,0,0,74,0,0.0,16.699999999953434,16.700000000186265,8.0,7,18519.09999999916,0,0,0.0,73.0,1.2757843487883267e-11,1.2757843487883267e-11,,,,,16.699999999953434,16.700000000186265,0.0,10117.199999928474,14,0,"{""STABLE"": 74}",15,8159090,8154590,True,4027.4000000953674,16.699999999953434,2.0,24.0,,,,,,,,,,,,,,,,,,,,,,,,,,,
android-a-bagRotterdam-pressureBurst-fixedDiagnostic-r1-mtiqg9ix,fixedDiagnostic,bagRotterdam,pressureBurst,1,20260824,android-a,android,2.3.6,lan,diagnostic,none,android-workload-identifiability,none,none,none,4.0,True,unspecified,unknown,unknown,,,True,,0,0,0,0,0,0,0,74,0,0.0,16.70000000001164,16.70000000001164,4.0,39,233590.40000000017,0,0,0.0,73.0,0.00273972602855344,0.00273972602855344,,,,,16.70000000001164,16.70000000001164,0.0,10123.100000023842,108,0,"{""STABLE"": 74}",109,91659806,91627106,True,4024.0,16.69999999999709,2.0,214.0,18.19999999999709,0.0,"[{""binEndMs"": 20, ""binStartMs"": 0, ""count"": 2411}, {""binEndMs"": 33.33, ""binStartMs"": 20, ""count"": 0}, {""binEndMs"": 50, ""binStartMs"": 33.33, ""count"": 0}, {""binEndMs"": 66.67, ""binStartMs"": 50, ""count"": 0}, {""binEndMs"": null, ""binStartMs"": 66.67, ""count"": 0}]",,,,,,,,,,,,,,,,,,,,,,,,
android-a-bagRotterdam-pressureBurst-pi-r1-mtinhs5x,pi,bagRotterdam,pressureBurst,1,20260823,android-a,android,2.3.6,lan,pilot,full-pilot-v2.3.6-d2-pressure-burst,none,none,none,none,,False,unspecified,unknown,unknown,,,True,,0,0,0,0,0,0,0,74,0,0.0,16.70000000001164,16.70000000001164,4.054042556543798,40,303604.00000000006,1,0,1.575584738886219,73.0,0.0,0.0,,,,,16.70000000001164,16.70000000001164,0.0,10118.199999928474,104,0,"{""RECOVERY"": 2, ""STABLE"": 72}",114,88307622,88274622,True,4019.299999833107,16.70000000001164,2.0,217.0,,,,,,,,,,,,,,,,,,,,,,,,,,,
android-a-bagRotterdam-pressureBurst-pi-r2-mtinow6e,pi,bagRotterdam,pressureBurst,2,20260824,android-a,android,2.3.6,lan,pilot,full-pilot-v2.3.6-d2-pressure-burst,none,none,none,none,,False,unspecified,unknown,unknown,,,True,,0,0,0,0,0,0,0,74,0,0.0,16.70000000006985,16.70000000006985,4.053990745944129,40,265551.50000000244,1,0,1.5756054263850894,73.0,1.754203479583949e-11,1.754203479583949e-11,,,,,16.70000000006985,16.70000000006985,0.0,10125.600000023842,105,0,"{""RECOVERY"": 2, ""STABLE"": 72}",109,88386982,88354282,True,4015.600000023842,16.70000000006985,2.0,198.0,,,,,,,,,,,,,,,,,,,,,,,,,,,
android-a-bagRotterdam-pressureBurst-pi-r3-mtintmsj,pi,bagRotterdam,pressureBurst,3,20260825,android-a,android,2.3.6,lan,pilot,full-pilot-v2.3.6-d2-pressure-burst,none,none,none,none,,False,unspecified,unknown,unknown,,,True,,0,0,0,0,0,0,0,74,0,0.0,16.70000000006985,16.70000000006985,4.054043412179451,39,315018.8999999991,1,0,1.574997440629157,73.0,1.5947304359854083e-11,1.5947304359854083e-11,,,,,16.70000000006985,16.70000000006985,0.0,10124.100000023842,105,0,"{""RECOVERY"": 2, ""STABLE"": 72}",117,88626098,88593098,True,4026.4000000953674,16.70000000006985,2.0,212.0,,,,,,,,,,,,,,,,,,,,,,,,,,,
android-a-bagRotterdam-pressureBurst-pi-r4-mtio4auo,pi,bagRotterdam,pressureBurst,4,20260826,android-a,android,2.3.6,lan,pilot,full-pilot-v2.3.6-d2-pressure-burst,none,none,none,none,,False,unspecified,unknown,unknown,,,True,,0,0,0,0,0,0,0,74,0,0.0,16.700000000186265,16.700000000186265,4.053741914805313,40,216568.5000000035,1,0,1.5763174072731228,73.0,1.5947304359854083e-11,1.5947304359854083e-11,,,,,16.699999999953434,16.700000000186265,0.0,10124.600000023842,107,0,"{""RECOVERY"": 2, ""STABLE"": 72}",108,90802378,90769978,True,4018.7999999523163,16.700000000186265,2.0,194.0,,,,,,,,,,,,,,,,,,,,,,,,,,,
android-a-bagRotterdam-pressureBurst-proposed-r1-mtinglfn,proposed,bagRotterdam,pressureBurst,1,20260823,android-a,android,2.3.6,lan,pilot,full-pilot-v2.3.6-d2-pressure-burst,none,none,none,none,,False,unspecified,unknown,unknown,,,True,,23,23,0,0,0,0,0,74,0,0.0,16.70000000001164,16.70000000001164,6.8646028111015385,41,262971.9999999999,4,0,6.302918251150281,73.0,1.0771535870259108e-12,7.973652179927042e-13,,,,,16.70000000001164,16.70000000001164,0.0,10117.699999928474,95,0,"{""INTERACTING"": 28, ""PRESSURE"": 16, ""RECOVERY"": 4, ""STABLE"": 26}",114,80495838,80465538,True,4037.7000000476837,16.70000000001164,2.0,197.0,,,,,,,,,,,,,,,,,,,,,,,,,,,
android-a-bagRotterdam-pressureBurst-proposed-r2-mtinlc5m,proposed,bagRotterdam,pressureBurst,2,20260824,android-a,android,2.3.6,lan,pilot,full-pilot-v2.3.6-d2-pressure-burst,none,none,none,none,,False,unspecified,unknown,unknown,,,True,,27,27,0,0,0,0,0,74,0,0.0,16.73500000000349,16.79999999998836,6.864318467122226,39,316464.29999999923,4,0,6.3029513569728985,73.0,0.0034246575334509134,0.001369863013379684,,,,,16.70000000001164,16.70000000001164,0.0,10120.800000071526,90,0,"{""INTERACTING"": 28, ""PRESSURE"": 20, ""RECOVERY"": 4, ""STABLE"": 22}",117,73057866,73029366,True,4024.0000001192093,16.70000000001164,2.0,205.0,,,,,,,,,,,,,,,,,,,,,,,,,,,
android-a-bagRotterdam-pressureBurst-proposed-r3-mtinydio,proposed,bagRotterdam,pressureBurst,3,20260825,android-a,android,2.3.6,lan,pilot,full-pilot-v2.3.6-d2-pressure-burst,none,none,none,none,,False,unspecified,unknown,unknown,,,True,,24,24,0,0,0,0,0,74,0,0.0,16.70000000006985,16.70000000006985,6.865082053746589,40,234116.39999999176,4,0,6.302736175342128,73.0,2.009263988066491e-11,1.4352573923868675e-11,,,,,16.70000000006985,16.700000000186265,0.0,10115.300000071526,98,0,"{""INTERACTING"": 28, ""PRESSURE"": 19, ""RECOVERY"": 4, ""STABLE"": 23}",117,83251158,83219958,True,4023.100000023842,16.70000000006985,2.0,196.0,,,,,,,,,,,,,,,,,,,,,,,,,,,
android-a-bagRotterdam-pressureBurst-proposed-r4-mtio0qtl,proposed,bagRotterdam,pressureBurst,4,20260826,android-a,android,2.3.6,lan,pilot,full-pilot-v2.3.6-d2-pressure-burst,none,none,none,none,,False,unspecified,unknown,unknown,,,True,,27,27,0,0,0,0,0,74,0,0.0,16.699999999953434,16.700000000186265,6.864485281561589,40,284473.80000000144,4,0,6.305087417409922,73.0,2.7412690078313997e-11,1.91367652318249e-11,,,,,16.699999999953434,16.700000000186265,0.0,10139.200000047684,98,0,"{""INTERACTING"": 28, ""PRESSURE"": 20, ""RECOVERY"": 4, ""STABLE"": 22}",117,83251458,83219958,True,4021.3000000715256,16.699999999953434,2.0,176.0,,,,,,,,,,,,,,,,,,,,,,,,,,,
android-a-bagRotterdam-pressureBurst-reactive-r1-mtine820,reactive,bagRotterdam,pressureBurst,1,20260823,android-a,android,2.3.6,lan,pilot,full-pilot-v2.3.6-d2-pressure-burst,none,none,none,none,,False,unspecified,unknown,unknown,,,True,,0,0,0,0,0,0,0,74,0,0.0,16.700000000002657,16.70000000001164,5.540905497230241,39,253658.69999999998,4,0,6.303861903398568,73.0,1.1960478269890562e-12,1.1960478269890562e-12,,,,,16.69999999999709,16.70000000001164,0.0,10145.099999904633,104,0,"{""INTERACTING"": 28, ""RECOVERY"": 14, ""STABLE"": 32}",123,88307922,88274622,True,4042.899999976158,16.700000000010913,2.0,215.0,,,,,,,,,,,,,,,,,,,,,,,,,,,
android-a-bagRotterdam-pressureBurst-reactive-r2-mtinnpi7,reactive,bagRotterdam,pressureBurst,2,20260824,android-a,android,2.3.6,lan,pilot,full-pilot-v2.3.6-d2-pressure-burst,none,none,none,none,,False,unspecified,unknown,unknown,,,True,,0,0,0,0,0,0,0,74,0,0.0,16.70000000006985,16.70000000006985,5.540298820996262,39,322166.50000000093,4,0,6.302024525378777,73.0,1.91367652318249e-11,1.91367652318249e-11,,,,,16.70000000006985,16.70000000006985,0.0,10120.199999928474,98,0,"{""INTERACTING"": 28, ""RECOVERY"": 14, ""STABLE"": 32}",130,83886402,83853402,True,4016.899999976158,16.70000000001164,2.0,211.0,,,,,,,,,,,,,,,,,,,,,,,,,,,
android-a-bagRotterdam-pressureBurst-reactive-r3-mtinsg4n,reactive,bagRotterdam,pressureBurst,3,20260825,android-a,android,2.3.6,lan,pilot,full-pilot-v2.3.6-d2-pressure-burst,none,none,none,none,,False,unspecified,unknown,unknown,,,True,,0,0,0,0,0,0,0,74,0,0.0,16.70000000006985,16.70000000006985,5.540689050435686,40,259930.69999999646,4,0,6.300849827120417,73.0,6.378921743941633e-12,6.378921743941633e-12,,,,,16.70000000006985,16.70000000006985,0.0,10115.899999976158,105,0,"{""INTERACTING"": 28, ""RECOVERY"": 14, ""STABLE"": 32}",124,88387582,88354282,True,4018.9000000953674,16.699999999953434,2.0,215.0,,,,,,,,,,,,,,,,,,,,,,,,,,,
android-a-bagRotterdam-pressureBurst-reactive-r4-mtio5hhw,reactive,bagRotterdam,pressureBurst,4,20260826,android-a,android,2.3.6,lan,pilot,full-pilot-v2.3.6-d2-pressure-burst,none,none,none,none,,False,unspecified,unknown,unknown,,,True,,0,0,0,0,0,0,0,74,0,0.0,16.700000000186265,16.700000000186265,5.536466749166428,41,236158.89999999618,4,0,6.305716920603149,73.0,3.1894608719708167e-11,3.1894608719708167e-11,,,,,16.699999999953434,16.700000000186265,0.0,10128.699999928474,105,0,"{""INTERACTING"": 27, ""RECOVERY"": 15, ""STABLE"": 32}",124,88387882,88354282,True,4013.2000000476837,16.699999999953434,2.0,211.0,,,,,,,,,,,,,,,,,,,,,,,,,,,
android-a-smoke-publicStress-burst-proposed-r1-mt8ci01k,proposed,publicStress,burst,1,20260823,android-a-smoke,android,2.0.0,lan,legacy,legacy,none,none,none,none,,False,unspecified,unknown,unknown,,,False,initial-content-timeout,0,0,0,0,0,0,0,78,0,0.0,16.70000000001164,16.70000000001164,7.282306341094453,6,3607.1999999999243,4,0,5.971367293826102,77.0,1.9077329768069372e-05,3.590732329077535e-12,,,,,16.70000000001164,16.70000000001164,0.00041684035014589413,42908.29999997615,85,0,"{""INTERACTING"": 31, ""RECOVERY"": 4, ""STABLE"": 43}",86,4122332,4096532,,,,,,,,,,,,,,,,,,,,,,,,,,,,,,,,
android-a-smoke-publicStress-burst-proposed-r1-mt8cjqqv,proposed,publicStress,burst,1,20260823,android-a-smoke,android,2.0.0,lan,legacy,legacy,none,none,none,none,,False,unspecified,unknown,unknown,,,False,initial-content-timeout,0,0,0,0,0,0,0,78,0,0.0,16.70000000001164,16.70000000001164,7.282065954297227,14,14430.999999999854,4,0,5.970966176964506,77.0,1.8455754798658114e-05,0.0,,,,,16.70000000001164,16.70000000001164,0.0,42983.0,85,0,"{""INTERACTING"": 31, ""RECOVERY"": 4, ""STABLE"": 43}",104,4122332,4096532,,,,,,,,,,,,,,,,,,,,,,,,,,,,,,,,
android-a-smoke-publicStress-burst-proposed-r1-mt8clhj8,proposed,publicStress,burst,1,20260823,android-a-smoke,android,2.0.0,lan,legacy,legacy,none,none,none,none,,False,unspecified,unknown,unknown,,,False,initial-content-timeout,0,0,0,0,0,0,0,78,0,0.0,16.70000000001164,16.70000000001164,7.281860122528413,14,32451.49999999971,4,0,5.972139967053706,77.0,1.5781836109605498e-05,0.0,,,,,16.70000000001164,16.70000000001164,0.0,42889.799999952316,85,0,"{""INTERACTING"": 31, ""RECOVERY"": 4, ""STABLE"": 43}",104,4122332,4096532,,,,,,,,,,,,,,,,,,,,,,,,,,,,,,,,
pc-a-bagAmsterdam-burst-cesiumDynamic-r1-mt8feubm,cesiumDynamic,bagAmsterdam,burst,1,20260823,pc-a,pc,2.0.0,lan,pilot,legacy,none,none,none,none,,False,unspecified,unknown,unknown,,,True,,0,0,0,0,0,0,0,80,0,0.0,16.900000000023283,16.900000000023283,16.0,0,0.0,0,0,0.0,79.0,0.019999999994569858,0.019999999994569858,,,,,16.899999999965075,16.900000000023283,0.0,1138.2000000000116,7,0,"{""STABLE"": 80}",8,259482,257082,,,,,,,,,,,,,,,,,,,,,,,,,,,,,,,,
pc-a-bagAmsterdam-burst-cesiumDynamic-r1-mt9te1nc,cesiumDynamic,bagAmsterdam,burst,1,20260823,pc-a,pc,2.1.0,lan,pilot,request-peak-probe,none,none,none,none,,False,unspecified,unknown,unknown,,,True,,0,0,0,0,0,0,0,80,0,0.0,16.80500000004249,16.899999999965075,16.0,0,0.0,0,0,0.0,79.0,0.002784810136985959,0.002784810136985959,,,,,16.800000000046566,16.900000000023283,0.0,1163.2999999999884,7,0,"{""STABLE"": 80}",8,259482,257082,,,,,2.0,,,,,,,,,,,,,,,,,,,,,,,,,,,
pc-a-bagAmsterdam-burst-cesiumDynamic-r1-mt9vhy6q,cesiumDynamic,bagAmsterdam,burst,1,20260823,pc-a,pc,2.1.1,lan,pilot,request-peak-probe,none,none,none,none,,False,unspecified,unknown,unknown,,,True,,0,0,0,0,0,0,0,80,0,0.0,16.899999999965075,16.899999999965075,16.0,0,0.0,0,0,0.0,79.0,0.007594936710186974,0.007594936710186974,,,,,16.800000000046566,16.900000000023283,0.0,1152.1999999996042,7,0,"{""STABLE"": 80}",8,259482,257082,,,,,2.0,,,,,,,,,,,,,,,,,,,,,,,,,,,
pc-a-bagAmsterdam-burst-cesiumDynamic-r1-mt9wbmdr,cesiumDynamic,bagAmsterdam,burst,1,20260823,pc-a,pc,2.2.0,lan,pilot,request-peak-probe,none,none,none,none,,False,unspecified,unknown,unknown,,,True,,0,0,0,0,0,0,0,80,0,0.0,16.800000000046566,16.80105000004571,16.0,0,0.0,0,0,0.0,79.0,0.0001265822878826371,0.0001265822878826371,,,,,16.79999999998836,16.899999999965075,0.0,1178.1000000003842,7,0,"{""STABLE"": 80}",8,259482,257082,,,,,2.0,,,,,,,,,,,,,,,,,,,,,,,,,,,
pc-a-bagAmsterdam-burst-cesiumDynamic-r1-mt9xk3h0,cesiumDynamic,bagAmsterdam,burst,1,20260823,pc-a,pc,2.2.1,lan,pilot,request-peak-probe,none,none,none,none,,False,unspecified,unknown,unknown,,,True,,0,0,0,0,0,0,0,80,0,0.0,16.800000000046566,16.80105000004571,16.0,0,0.0,0,0,0.0,79.0,0.00012658229101401695,0.00012658229101401695,,,,,16.79999999998836,16.900000000023283,0.0,1163.5999999999767,7,0,"{""STABLE"": 80}",8,259482,257082,,,,,2.0,,,,,,,,,,,,,,,,,,,,,,,,,,,
pc-a-bagAmsterdam-burst-cesiumDynamic-r1-mt9ygfkd,cesiumDynamic,bagAmsterdam,burst,1,20260823,pc-a,pc,2.2.1,lan,pilot,request-peak-probe,none,none,none,none,,False,unspecified,unknown,unknown,,,True,,0,0,0,0,0,0,0,80,0,0.0,16.800000000046566,16.800000000046566,16.0,0,0.0,0,0,0.0,79.0,0.002531645577393492,0.002531645577393492,,,,,16.79999999998836,16.899999999965075,0.0,1662.0999999970081,7,0,"{""STABLE"": 80}",8,259482,257082,,,,,2.0,,,,,,,,,,,,,,,,,,,,,,,,,,,
pc-a-bagAmsterdam-burst-cesiumDynamic-r1-mtb5b9d1,cesiumDynamic,bagAmsterdam,burst,1,20260823,pc-a,pc,2.2.2,lan,pilot,request-peak-probe,none,none,none,none,,False,unspecified,unknown,unknown,,,True,,0,0,0,0,0,0,0,79,0,0.0,16.900000000023283,16.910000000020954,16.0,1,1000.0,0,0,0.0,78.0,0.01551282051316377,0.01551282051316377,,,,,16.900000000023283,17.0,0.0,1166.899999994028,8,0,"{""STABLE"": 79}",9,813058,810358,,,,,5.0,,,,,,,,,,,,,,,,,,,,,,,,,,,
pc-a-bagAmsterdam-burst-cesiumDynamic-r1-mtb8zvsm,cesiumDynamic,bagAmsterdam,burst,1,20260823,pc-a,pc,2.3.0,lan,pilot,request-peak-probe,none,none,none,none,,False,unspecified,unknown,unknown,,,True,,0,0,0,0,0,0,0,78,35,0.44871794871794873,65.89874999998538,66.61230000003206,16.0,1,500.0,0,0,0.0,77.0,3.0688311688319247,3.0688311688319247,0.9117647058823529,0.9117647058823529,0.9117647058823528,512.3838709677427,33.5,50.20000000001164,0.09433962264150944,1798.900000008929,8,0,"{""STABLE"": 78}",9,813058,810358,,,,,5.0,,,,,,,,,,,,,,,,,,,,,,,,,,,
pc-a-bagAmsterdam-burst-cesiumDynamic-r1-mtbapg8e,cesiumDynamic,bagAmsterdam,burst,1,20260823,pc-a,pc,2.3.1,lan,pilot,request-peak-probe,none,none,none,none,,False,unspecified,unknown,unknown,,,True,,0,0,0,0,0,0,0,79,43,0.5443037974683544,66.68000000000582,66.71100000000588,16.0,1,500.0999999999767,0,0,0.0,78.0,5.075256410255008,5.075256410255008,0.9302325581395349,0.9302325581395349,0.9302325581395349,513.3550000000002,50.0,66.70000000001164,0.12587038028923406,2151.9999999880674,8,0,"{""STABLE"": 79}",9,813058,810358,,,,,6.0,,,,,,,,,,,,,,,,,,,,,,,,,,,
pc-a-bagAmsterdam-burst-cesiumDynamic-r1-mtbc2mnw,cesiumDynamic,bagAmsterdam,burst,1,20260823,pc-a,pc,2.3.1,lan,pilot,full-pilot,none,none,none,none,,False,unspecified,unknown,unknown,,,True,,0,0,0,0,0,0,0,79,28,0.35443037974683544,66.70999999972992,66.89999999994552,16.0,1,500.10000000009313,0,0,0.0,78.0,3.211923076860452,3.211923076860452,0.9259259259259259,0.8928571428571429,0.9090909090909091,513.3400000000187,33.5,66.59999999962747,0.07860696517412935,1919.5,8,0,"{""STABLE"": 79}",9,813058,810358,,,,,5.0,,,,,,,,,,,,,,,,,,,,,,,,,,,
pc-a-bagAmsterdam-burst-cesiumDynamic-r1-mtbj3x8l,cesiumDynamic,bagAmsterdam,burst,1,20260823,pc-a,pc,2.3.2,lan,pilot,request-peak-probe,none,none,none,none,,False,unspecified,unknown,unknown,,,True,,0,0,0,0,0,0,0,79,0,0.0,16.900000000023283,16.900000000023283,16.0,0,0.0,0,0,0.0,78.0,0.024423076914890485,0.024423076914890485,,,,,16.899999999965075,16.900000000023283,0.0,10195.5,7,0,"{""STABLE"": 79}",8,259482,257082,,,,,2.0,,,,,,,,,,,,,,,,,,,,,,,,,,,
pc-a-bagAmsterdam-burst-cesiumDynamic-r1-mtbjk7i8,cesiumDynamic,bagAmsterdam,burst,1,20260823,pc-a,pc,2.3.2,lan,pilot,full-pilot,none,none,none,none,,False,unspecified,unknown,unknown,,,True,,0,0,0,0,0,0,0,79,0,0.0,16.9000000001397,16.90110000013816,16.0,0,0.0,0,0,0.0,78.0,0.005256410302498747,0.005256410302498747,,,,,16.900000000023283,17.0,0.0,10171.40000000596,7,0,"{""STABLE"": 79}",8,259482,257082,,,,,2.0,,,,,,,,,,,,,,,,,,,,,,,,,,,
pc-a-bagAmsterdam-burst-cesiumDynamic-r1-mtchp5aj,cesiumDynamic,bagAmsterdam,burst,1,20260823,pc-a,pc,2.3.3,lan,pilot,request-peak-probe,none,none,none,none,,False,unspecified,unknown,unknown,,,True,,0,0,0,0,0,0,0,79,0,0.0,16.900000000023283,16.922000000018162,16.0,1,500.0,0,0,0.0,78.0,0.022948717944307608,0.022948717944307608,,,,,16.800000000046566,16.900000000023283,0.0,10140.90000000596,8,0,"{""STABLE"": 79}",9,813058,810358,True,4030.1999999582767,16.800000000046566,2.0,5.0,,,,,,,,,,,,,,,,,,,,,,,,,,,
pc-a-bagAmsterdam-burst-cesiumDynamic-r1-mtgrb95c,cesiumDynamic,bagAmsterdam,burst,1,20260823,pc-a,pc,2.3.3,lan,pilot,request-peak-probe,none,none,none,none,,False,unspecified,unknown,unknown,,,False,window-blur,0,0,0,0,0,0,0,78,60,0.7692307692307693,97.65374999998804,172.68629999999365,16.0,1,500.0,0,0,0.0,77.0,8.42525974025396,8.42525974025396,0.95,0.9661016949152542,0.957983193277311,515.2245614035086,50.09999999997672,83.35400000003399,0.18518518518518517,11315.099999964237,8,0,"{""STABLE"": 78}",9,813058,810358,True,10100.300000011921,16.79999999998836,5.0,6.0,,,,,,,,,,,,,,,,,,,,,,,,,,,
pc-a-bagAmsterdam-burst-cesiumDynamic-r1-mtgrclv8,cesiumDynamic,bagAmsterdam,burst,1,20260823,pc-a,pc,2.3.3,lan,pilot,request-peak-probe,none,none,none,none,,False,unspecified,unknown,unknown,,,True,,0,0,0,0,0,0,0,79,0,0.0,17.0,17.02589999999397,16.0,1,516.5999999999767,0,0,0.0,78.0,0.022948717955202917,0.022948717955202917,,,,,16.800000000046566,17.10000000000058,0.001271186440677966,10499.800000011921,8,0,"{""STABLE"": 79}",9,813058,810358,True,4032.800000011921,16.79999999998836,2.0,5.0,,,,,,,,,,,,,,,,,,,,,,,,,,,
pc-a-bagAmsterdam-burst-cesiumDynamic-r1-mtgsttp0,cesiumDynamic,bagAmsterdam,burst,1,20260823,pc-a,pc,2.3.4,lan,pilot,request-peak-probe,none,none,none,none,,False,unspecified,unknown,unknown,,,True,,0,0,0,0,0,0,0,79,0,0.0,16.901500000022935,16.94999999999214,16.0,1,516.7000000000116,0,0,0.0,78.0,0.0082051282147102,0.0082051282147102,,,,,16.800000000046566,19.750999999977626,0.003369839932603201,10141.5,8,0,"{""STABLE"": 79}",9,813058,810358,True,4030.900000035763,16.800000000046566,2.0,6.0,,,,,,,,,,,,,,,,,,,,,,,,,,,
pc-a-bagAmsterdam-burst-cesiumDynamic-r1-mtgyl4bi,cesiumDynamic,bagAmsterdam,burst,1,20260823,pc-a,pc,2.3.5,lan,pilot,request-peak-probe,none,none,none,none,,False,unspecified,unknown,unknown,,,True,,0,0,0,0,0,0,0,75,43,0.5733333333333334,66.63699999999575,66.81210000003945,16.0,1,500.20000000001164,0,0,0.0,74.0,5.68101351351332,5.68101351351332,0.8604651162790697,0.8809523809523809,0.8705882352941177,515.3243243243274,50.0,66.64000000000233,0.12144008597528211,10534.5,8,0,"{""STABLE"": 75}",9,813058,810358,True,4022.900000035763,16.79999999998836,2.0,5.0,,,,,,,,,,,,,,,,,,,,,,,,,,,
pc-a-bagAmsterdam-burst-cesiumDynamic-r1-mtgz9kts,cesiumDynamic,bagAmsterdam,burst,1,20260823,pc-a,pc,2.3.5,lan,pilot,full-pilot,none,none,none,none,,False,unspecified,unknown,unknown,,,True,,0,0,0,0,0,0,0,76,0,0.0,16.9000000001397,16.905000000132713,16.0,1,500.30000000004657,0,0,0.0,75.0,0.020066666648257535,0.020066666648257535,,,,,16.800000000046566,16.9000000001397,0.0008347245409015025,10250.800000011921,8,0,"{""STABLE"": 76}",9,813058,810358,True,50781.80000001192,16.9000000001397,25.0,5.0,,,,,,,,,,,,,,,,,,,,,,,,,,,
pc-a-bagAmsterdam-burst-cesiumDynamic-r2-mt8flg0o,cesiumDynamic,bagAmsterdam,burst,2,20260824,pc-a,pc,2.0.0,lan,pilot,legacy,none,none,none,none,,False,unspecified,unknown,unknown,,,True,,0,0,0,0,0,0,0,79,0,0.0,16.900000000023283,16.900000000023283,16.0,0,0.0,0,0,0.0,78.0,0.014230769224918633,0.014230769224918633,,,,,16.800000000046566,16.900000000023283,0.0,1131.2000000014668,7,0,"{""STABLE"": 79}",8,259482,257082,,,,,,,,,,,,,,,,,,,,,,,,,,,,,,,,
pc-a-bagAmsterdam-burst-cesiumDynamic-r2-mtbc9aci,cesiumDynamic,bagAmsterdam,burst,2,20260824,pc-a,pc,2.3.1,lan,pilot,full-pilot,none,none,none,none,,False,unspecified,unknown,unknown,,,True,,0,0,0,0,0,0,0,78,45,0.5769230769230769,62.72474999979834,65.35259999978658,16.0,1,1000.0,0,0,0.0,77.0,3.944480519454516,3.944480519454516,0.9333333333333333,0.9333333333333333,0.9333333333333333,517.0714285714286,35.54999999999859,66.6999999997206,0.12479827864443249,2022.899999997113,9,0,"{""STABLE"": 78}",10,829762,826762,,,,,8.0,,,,,,,,,,,,,,,,,,,,,,,,,,,
pc-a-bagAmsterdam-burst-cesiumDynamic-r2-mtbjqtb2,cesiumDynamic,bagAmsterdam,burst,2,20260824,pc-a,pc,2.3.2,lan,pilot,full-pilot,none,none,none,none,,False,unspecified,unknown,unknown,,,True,,0,0,0,0,0,0,0,78,26,0.3333333333333333,68.0345000000897,87.40179999997414,16.0,0,0.0,0,0,0.0,77.0,1.9358441558593922,1.9358441558593922,0.9615384615384616,1.0,0.9803921568627451,520.6879999999982,33.4000000001397,66.75200000011363,0.063933626159102,10670.40000000596,7,0,"{""STABLE"": 78}",8,259482,257082,,,,,3.0,,,,,,,,,,,,,,,,,,,,,,,,,,,
pc-a-bagAmsterdam-burst-cesiumDynamic-r2-mtgzjpw4,cesiumDynamic,bagAmsterdam,burst,2,20260824,pc-a,pc,2.3.5,lan,pilot,full-pilot,none,none,none,none,,False,unspecified,unknown,unknown,,,False,pre-run-frame-instability,0,0,0,0,0,0,0,74,74,1.0,52.23299999989793,81.76775000017834,16.0,1,1500.2000000001863,0,0,0.0,73.0,1.6095205479626817,1.6095205479626817,1.0,1.0,1.0,513.9465753424638,50.0,66.5999999998603,0.3646788990825688,10878.300000011921,9,0,"{""STABLE"": 74}",10,829762,826762,False,60734.90000003576,49.89999999990687,30.0,9.0,,,,,,,,,,,,,,,,,,,,,,,,,,,
pc-a-bagAmsterdam-burst-cesiumDynamic-r2-mth0bq2h,cesiumDynamic,bagAmsterdam,burst,2,20260824,pc-a,pc,2.3.5,lan,pilot,full-pilot,none,none,none,none,,False,unspecified,unknown,unknown,,,True,,0,0,0,0,0,0,0,76,11,0.14473684210526316,35.26000000000921,50.07000000006519,16.0,1,1533.6999999997206,0,0,0.0,75.0,0.6904666665997357,0.6904666665997357,0.8181818181818182,0.75,0.7826086956521738,561.1555555555452,16.899999999906868,33.39999999990687,0.014199655765920827,10253.899999976158,9,0,"{""STABLE"": 76}",10,829762,826762,True,4032.800000011921,16.800000000279397,2.0,8.0,,,,,,,,,,,,,,,,,,,,,,,,,,,
pc-a-bagAmsterdam-burst-cesiumDynamic-r3-mt8fpu9c,cesiumDynamic,bagAmsterdam,burst,3,20260825,pc-a,pc,2.0.0,lan,pilot,legacy,none,none,none,none,,False,unspecified,unknown,unknown,,,True,,0,0,0,0,0,0,0,80,0,0.0,16.900000000023283,16.900000000023283,16.0,0,0.0,0,0,0.0,79.0,0.023924050613046963,0.023924050613046963,,,,,16.800000000046566,16.900000000023283,0.0,1153.1999999999534,7,0,"{""STABLE"": 80}",8,259482,257082,,,,,,,,,,,,,,,,,,,,,,,,,,,,,,,,
pc-a-bagAmsterdam-burst-cesiumDynamic-r3-mtbcdps0,cesiumDynamic,bagAmsterdam,burst,3,20260825,pc-a,pc,2.3.1,lan,pilot,full-pilot,none,none,none,none,,False,unspecified,unknown,unknown,,,True,,0,0,0,0,0,0,0,79,9,0.11392405063291139,50.307499999904536,66.56999999973922,16.0,1,1000.1000000000931,0,0,0.0,78.0,0.8634615384704932,0.8634615384704932,0.8888888888888888,1.0,0.9411764705882353,522.9249999999884,17.0,49.80599999981932,0.01786492374727669,2070.9999999939464,9,0,"{""STABLE"": 79}",10,829762,826762,,,,,8.0,,,,,,,,,,,,,,,,,,,,,,,,,,,
pc-a-bagAmsterdam-burst-cesiumDynamic-r3-mtbjv80a,cesiumDynamic,bagAmsterdam,burst,3,20260825,pc-a,pc,2.3.2,lan,pilot,full-pilot,none,none,none,none,,False,unspecified,unknown,unknown,,,True,,0,0,0,0,0,0,0,78,0,0.0,16.90075000013865,16.92685000010219,16.0,0,0.0,0,0,0.0,77.0,0.01175324678278906,0.01175324678278906,,,,,16.9000000001397,17.0,0.0,10211.20000000298,7,0,"{""STABLE"": 78}",8,259482,257082,,,,,3.0,,,,,,,,,,,,,,,,,,,,,,,,,,,
pc-a-bagAmsterdam-burst-cesiumDynamic-r3-mtgzs7dj,cesiumDynamic,bagAmsterdam,burst,3,20260825,pc-a,pc,2.3.5,lan,pilot,full-pilot,none,none,none,none,,False,unspecified,unknown,unknown,,,False,pre-run-frame-instability,0,0,0,0,0,0,0,76,21,0.27631578947368424,54.18250000005355,72.36875000012222,16.0,1,1516.7000000001863,0,0,0.0,75.0,4.085933333308126,4.085933333308126,0.65,0.65,0.65,503.9076923077138,33.39999999990687,50.0,0.05510688836104513,10905.199999988079,9,0,"{""STABLE"": 76}",10,829762,826762,False,60947.79999989271,16.799999999813735,30.0,9.0,,,,,,,,,,,,,,,,,,,,,,,,,,,
pc-a-bagAmsterdam-burst-cesiumDynamic-r3-mth0gsf6,cesiumDynamic,bagAmsterdam,burst,3,20260825,pc-a,pc,2.3.5,lan,pilot,full-pilot,none,none,none,none,,False,unspecified,unknown,unknown,,,True,,0,0,0,0,0,0,0,74,55,0.7432432432432432,108.434000000084,122.87129999996485,16.0,1,1500.0,0,0,0.0,73.0,9.482054794502561,9.482054794502561,0.9636363636363636,0.9636363636363636,0.9636363636363636,523.9301886792417,66.70000000018626,100.10000000009313,0.29253731343283584,10693.700000047684,9,0,"{""STABLE"": 74}",10,829762,826762,True,28539.19999998808,19.39499999603719,14.0,9.0,,,,,,,,,,,,,,,,,,,,,,,,,,,
pc-a-bagAmsterdam-burst-cesiumDynamic-r4-mt8fwfgx,cesiumDynamic,bagAmsterdam,burst,4,20260826,pc-a,pc,2.0.0,lan,pilot,legacy,none,none,none,none,,False,unspecified,unknown,unknown,,,True,,0,0,0,0,0,0,0,79,0,0.0,16.9000000001397,16.9000000001397,16.0,0,0.0,0,0,0.0,78.0,0.014487179491418182,0.014487179491418182,,,,,16.899999999906868,16.9000000001397,0.0,1145.499999998603,7,0,"{""STABLE"": 79}",8,259482,257082,,,,,,,,,,,,,,,,,,,,,,,,,,,,,,,,
pc-a-bagAmsterdam-burst-cesiumDynamic-r4-mtbckc24,cesiumDynamic,bagAmsterdam,burst,4,20260826,pc-a,pc,2.3.1,lan,pilot,full-pilot,none,none,none,none,,False,unspecified,unknown,unknown,,,True,,0,0,0,0,0,0,0,79,0,0.0,16.899999999930152,16.900000000027475,16.0,1,1533.1000000000931,0,0,0.0,78.0,0.01294871791301725,0.01294871791301725,,,,,16.899999999906868,16.90000000037253,0.0,1192.399999997113,9,0,"{""STABLE"": 79}",10,829762,826762,,,,,8.0,,,,,,,,,,,,,,,,,,,,,,,,,,,
pc-a-bagAmsterdam-burst-cesiumDynamic-r4-mtbk1tjf,cesiumDynamic,bagAmsterdam,burst,4,20260826,pc-a,pc,2.3.2,lan,pilot,full-pilot,none,none,none,none,,False,unspecified,unknown,unknown,,,True,,0,0,0,0,0,0,0,79,0,0.0,16.9000000001397,16.905000000132713,16.0,0,0.0,0,0,0.0,78.0,0.003397435944479573,0.003397435944479573,,,,,16.9000000001397,17.0,0.0,10171.300000011921,7,0,"{""STABLE"": 79}",8,259482,257082,,,,,2.0,,,,,,,,,,,,,,,,,,,,,,,,,,,
pc-a-bagAmsterdam-burst-cesiumDynamic-r4-mth03sza,cesiumDynamic,bagAmsterdam,burst,4,20260826,pc-a,pc,2.3.5,lan,pilot,full-pilot,none,none,none,none,,False,unspecified,unknown,unknown,,,True,,0,0,0,0,0,0,0,75,0,0.0,16.899999999913852,16.90259999992652,16.0,1,1549.6999999997206,0,0,0.0,74.0,0.012567567541830362,0.012567567541830362,,,,,16.800000000279397,16.90000000037253,0.0004166666666666667,10177.300000011921,9,0,"{""STABLE"": 75}",10,829762,826762,True,4029.699999988079,16.899999999906868,2.0,9.0,,,,,,,,,,,,,,,,,,,,,,,,,,,
pc-a-bagAmsterdam-burst-fixed16-r1-mt8fag28,fixed16,bagAmsterdam,burst,1,20260823,pc-a,pc,2.0.0,lan,pilot,legacy,none,none,none,none,,False,unspecified,unknown,unknown,,,True,,0,0,0,0,0,0,0,80,0,0.0,16.899999999994908,16.90000000000873,16.0,0,0.0,0,0,0.0,79.0,0.01063291139221344,0.01063291139221344,,,,,16.80000000000291,16.90000000000873,0.0,1162.8999999999942,7,0,"{""STABLE"": 80}",8,259482,257082,,,,,,,,,,,,,,,,,,,,,,,,,,,,,,,,
pc-a-bagAmsterdam-burst-fixed16-r1-mt9t9nkp,fixed16,bagAmsterdam,burst,1,20260823,pc-a,pc,2.1.0,lan,pilot,request-peak-probe,none,none,none,none,,False,unspecified,unknown,unknown,,,True,,0,0,0,0,0,0,0,79,0,0.0,16.814500000014085,16.89999999999418,16.0,0,0.0,0,0,0.0,78.0,0.0025641025669010456,0.0025641025669010456,,,,,16.800000000017462,16.89999999999418,0.0,1151.5999999992491,7,0,"{""STABLE"": 79}",8,259482,257082,,,,,3.0,,,,,,,,,,,,,,,,,,,,,,,,,,,
pc-a-bagAmsterdam-burst-fixed16-r1-mt9vdjvo,fixed16,bagAmsterdam,burst,1,20260823,pc-a,pc,2.1.1,lan,pilot,request-peak-probe,none,none,none,none,,False,unspecified,unknown,unknown,,,True,,0,0,0,0,0,0,0,79,0,0.0,16.80000000000291,16.805000000002472,16.0,0,0.0,0,0,0.0,78.0,0.00012820512819389798,0.00012820512819389798,,,,,16.80000000000291,16.89999999999418,0.0,1202.4000000003725,7,0,"{""STABLE"": 79}",8,259482,257082,,,,,2.0,,,,,,,,,,,,,,,,,,,,,,,,,,,
pc-a-bagAmsterdam-burst-fixed16-r1-mt9w77ul,fixed16,bagAmsterdam,burst,1,20260823,pc-a,pc,2.2.0,lan,pilot,request-peak-probe,none,none,none,none,,False,unspecified,unknown,unknown,,,True,,0,0,0,0,0,0,0,80,0,0.0,16.805000000002472,16.805000000002472,16.0,0,0.0,0,0,0.0,79.0,0.0005063291138796983,0.0005063291138796983,,,,,16.80000000000291,16.89999999999418,0.0,1182.100000000748,7,0,"{""STABLE"": 80}",8,259482,257082,,,,,2.0,,,,,,,,,,,,,,,,,,,,,,,,,,,
pc-a-bagAmsterdam-burst-fixed16-r1-mt9xfokk,fixed16,bagAmsterdam,burst,1,20260823,pc-a,pc,2.2.1,lan,pilot,request-peak-probe,none,none,none,none,,False,unspecified,unknown,unknown,,,True,,0,0,0,0,0,0,0,80,0,0.0,16.800250000002887,16.828900000000388,16.0,0,0.0,0,0,0.0,79.0,0.0029746835440440374,0.0029746835440440374,,,,,16.80000000000291,16.90000000000873,0.0004166666666666667,1213.699999999255,7,0,"{""STABLE"": 80}",8,259482,257082,,,,,2.0,,,,,,,,,,,,,,,,,,,,,,,,,,,
pc-a-bagAmsterdam-burst-fixed16-r1-mt9yby6e,fixed16,bagAmsterdam,burst,1,20260823,pc-a,pc,2.2.1,lan,pilot,request-peak-probe,none,none,none,none,,False,unspecified,unknown,unknown,,,True,,0,0,0,0,0,0,0,80,0,0.0,16.80000000000291,16.80000000000291,16.0,0,0.0,0,0,0.0,79.0,3.6840291717384434e-13,3.6840291717384434e-13,,,,,16.80000000000291,16.89999999999418,0.0004166666666666667,1195.0999999970227,7,0,"{""STABLE"": 80}",8,259482,257082,,,,,2.0,,,,,,,,,,,,,,,,,,,,,,,,,,,
pc-a-bagAmsterdam-burst-fixed16-r1-mtb56uqu,fixed16,bagAmsterdam,burst,1,20260823,pc-a,pc,2.2.2,lan,pilot,request-peak-probe,none,none,none,none,,False,unspecified,unknown,unknown,,,True,,0,0,0,0,0,0,0,79,18,0.22784810126582278,66.5,67.06739999999701,16.0,9,14668.300000000017,0,0,0.0,78.0,2.064487179487181,2.064487179487181,0.9444444444444444,1.0,0.9714285714285714,513.7470588235292,17.10000000000291,50.10000000000582,0.03325842696629214,2110.699999999997,30,0,"{""STABLE"": 79}",31,14438758,14429458,,,,,30.0,,,,,,,,,,,,,,,,,,,,,,,,,,,
pc-a-bagAmsterdam-burst-fixed16-r1-mtb8vgju,fixed16,bagAmsterdam,burst,1,20260823,pc-a,pc,2.3.0,lan,pilot,request-peak-probe,none,none,none,none,,False,unspecified,unknown,unknown,,,True,,0,0,0,0,0,0,0,79,0,0.0,16.89999999999418,16.89999999999434,16.0,9,11649.89999999995,0,0,0.0,78.0,0.016666666663737645,0.016666666663737645,,,,,16.89999999999418,16.900000000023283,0.0,1214.1000000029744,30,0,"{""STABLE"": 79}",31,14438758,14429458,,,,,20.0,,,,,,,,,,,,,,,,,,,,,,,,,,,
pc-a-bagAmsterdam-burst-fixed16-r1-mtbal0zz,fixed16,bagAmsterdam,burst,1,20260823,pc-a,pc,2.3.1,lan,pilot,request-peak-probe,none,none,none,none,,False,unspecified,unknown,unknown,,,True,,0,0,0,0,0,0,0,79,0,0.0,16.90000000000873,16.90000000000873,16.0,9,14150.699999999837,0,0,0.0,78.0,0.014230769230692749,0.014230769230692749,,,,,16.89999999999418,16.90000000000873,0.00041684035014589413,1164.8999999970256,30,0,"{""STABLE"": 79}",31,14438758,14429458,,,,,18.0,,,,,,,,,,,,,,,,,,,,,,,,,,,
pc-a-bagAmsterdam-burst-fixed16-r1-mtbby6je,fixed16,bagAmsterdam,burst,1,20260823,pc-a,pc,2.3.1,lan,pilot,full-pilot,none,none,none,none,,False,unspecified,unknown,unknown,,,True,,0,0,0,0,0,0,0,78,46,0.5897435897435898,66.64049999994226,66.7584500002407,16.0,9,21335.400000000373,0,0,0.0,77.0,5.286558441508733,5.286558441508733,0.9130434782608695,0.9333333333333333,0.9230769230769231,515.1095238095261,50.0,66.70000000018626,0.11939492166396543,1962.199999990873,30,0,"{""STABLE"": 78}",31,14438758,14429458,,,,,33.0,,,,,,,,,,,,,,,,,,,,,,,,,,,
pc-a-bagAmsterdam-burst-fixed16-r1-mtbiziru,fixed16,bagAmsterdam,burst,1,20260823,pc-a,pc,2.3.2,lan,pilot,request-peak-probe,none,none,none,none,,False,unspecified,unknown,unknown,,,True,,0,0,0,0,0,0,0,78,0,0.0,16.90000000000873,16.90115000000863,16.0,1,1516.800000000003,0,0,0.0,77.0,0.010454545457053297,0.010454545457053297,,,,,16.89999999999418,17.0,0.0,10193.800000011921,9,0,"{""STABLE"": 78}",10,829762,826762,,,,,9.0,,,,,,,,,,,,,,,,,,,,,,,,,,,
pc-a-bagAmsterdam-burst-fixed16-r1-mtbjft2w,fixed16,bagAmsterdam,burst,1,20260823,pc-a,pc,2.3.2,lan,pilot,full-pilot,none,none,none,none,,False,unspecified,unknown,unknown,,,True,,0,0,0,0,0,0,0,79,0,0.0,16.900000000023283,16.900000000023283,16.0,1,1533.2999999999302,0,0,0.0,78.0,0.022692307681800354,0.022692307681800354,,,,,16.900000000023283,16.900000000023283,0.0,10180.79999999702,9,0,"{""STABLE"": 79}",10,829762,826762,,,,,8.0,,,,,,,,,,,,,,,,,,,,,,,,,,,
pc-a-bagAmsterdam-burst-fixed16-r1-mtchke7v,fixed16,bagAmsterdam,burst,1,20260823,pc-a,pc,2.3.3,lan,pilot,request-peak-probe,none,none,none,none,,False,unspecified,unknown,unknown,,,True,,0,0,0,0,0,0,0,79,0,0.0,16.89999999999418,16.89999999999418,16.0,9,15298.99999999997,0,0,0.0,78.0,0.020384615379869186,0.020384615379869186,,,,,16.89999999999418,16.900000000023283,0.00041684035014589413,10184.0,30,0,"{""STABLE"": 79}",31,14438758,14429458,True,4022.0999999940395,16.89999999999418,2.0,23.0,,,,,,,,,,,,,,,,,,,,,,,,,,,
pc-a-bagAmsterdam-burst-fixed16-r1-mtgr6igp,fixed16,bagAmsterdam,burst,1,20260823,pc-a,pc,2.3.3,lan,pilot,request-peak-probe,none,none,none,none,,False,unspecified,unknown,unknown,,,True,,0,0,0,0,0,0,0,78,0,0.0,16.900000000023283,16.900000000023283,16.0,9,11500.50000000003,0,0,0.0,77.0,0.011688311688614065,0.011688311688614065,,,,,16.89999999999418,17.0,0.0004166666666666667,10141.699999988079,30,0,"{""STABLE"": 78}",31,14438758,14429458,True,4021.399999976158,16.89999999999418,2.0,22.0,,,,,,,,,,,,,,,,,,,,,,,,,,,
pc-a-bagAmsterdam-burst-fixed16-r1-mtgsolq1,fixed16,bagAmsterdam,burst,1,20260823,pc-a,pc,2.3.4,lan,pilot,request-peak-probe,none,none,none,none,,False,unspecified,unknown,unknown,,,True,,0,0,0,0,0,0,0,78,13,0.16666666666666666,50.18100000000835,56.60820000000511,16.0,9,26985.799999999974,0,0,0.0,77.0,2.138376623374187,2.138376623374187,0.8461538461538461,0.9166666666666666,0.8799999999999999,503.05454545454467,17.20000000001164,50.0,0.02823845809054236,10670.5,30,0,"{""STABLE"": 78}",31,14438758,14429458,True,4026.699999988079,16.8150000000016,2.0,31.0,,,,,,,,,,,,,,,,,,,,,,,,,,,
pc-a-bagAmsterdam-burst-fixed16-r1-mtgyg6b6,fixed16,bagAmsterdam,burst,1,20260823,pc-a,pc,2.3.5,lan,pilot,request-peak-probe,none,none,none,none,,False,unspecified,unknown,unknown,,,True,,0,0,0,0,0,0,0,75,0,0.0,16.899999999994396,16.90000000000873,16.0,9,14232.500000000015,0,0,0.0,74.0,0.01898648648265581,0.01898648648265581,,,,,16.89999999999418,16.900000000023283,0.0004170141784820684,10192.199999988079,30,0,"{""STABLE"": 75}",31,14438758,14429458,True,4035.2000000476837,16.89999999999418,2.0,24.0,,,,,,,,,,,,,,,,,,,,,,,,,,,
pc-a-bagAmsterdam-burst-fixed16-r1-mtgz4i2t,fixed16,bagAmsterdam,burst,1,20260823,pc-a,pc,2.3.5,lan,pilot,full-pilot,none,none,none,none,,False,unspecified,unknown,unknown,,,True,,0,0,0,0,0,0,0,76,0,0.0,16.89999999991851,16.899999999991266,16.0,9,14036.599999999627,0,0,0.0,75.0,0.010666666665890527,0.010666666665890527,,,,,16.899999999906868,17.0,0.0016701461377870565,10239.699999988079,30,0,"{""STABLE"": 76}",31,14438758,14429458,True,4032.199999988079,16.899999999906868,2.0,25.0,,,,,,,,,,,,,,,,,,,,,,,,,,,
pc-a-bagAmsterdam-burst-fixed16-r1-mtgzlemy,fixed16,bagAmsterdam,burst,1,20260823,pc-a,pc,2.3.5,lan,pilot,full-pilot,none,none,none,none,,False,unspecified,unknown,unknown,,,False,pre-run-frame-instability,0,0,0,0,0,0,0,72,72,1.0,100.24674999999203,100.55479999999193,16.0,1,1533.5,0,0,0.0,71.0,3.801830985915413,3.801830985915413,1.0,1.0,1.0,527.9535211267607,97.39500000002478,100.53099999997939,0.9727564102564102,11023.700000047684,9,0,"{""STABLE"": 72}",10,829762,826762,False,61149.19999998808,71.34999999999854,30.0,11.0,,,,,,,,,,,,,,,,,,,,,,,,,,,
pc-a-bagAmsterdam-burst-fixed16-r2-mt8fkcik,fixed16,bagAmsterdam,burst,2,20260824,pc-a,pc,2.0.0,lan,pilot,legacy,none,none,none,none,,False,unspecified,unknown,unknown,,,True,,0,0,0,0,0,0,0,79,0,0.0,16.900000000023283,16.900000000023283,16.0,0,0.0,0,0,0.0,78.0,0.014294871785498806,0.014294871785498806,,,,,16.800000000046566,16.900000000023283,0.0004166666666666667,1145.9000000015367,7,0,"{""STABLE"": 79}",8,259482,257082,,,,,,,,,,,,,,,,,,,,,,,,,,,,,,,,
pc-a-bagAmsterdam-burst-fixed16-r2-mtbc86co,fixed16,bagAmsterdam,burst,2,20260824,pc-a,pc,2.3.1,lan,pilot,full-pilot,none,none,none,none,,False,unspecified,unknown,unknown,,,True,,0,0,0,0,0,0,0,79,6,0.0759493670886076,33.39049999994226,33.42200000007264,16.0,8,24097.79999999609,0,0,0.0,78.0,1.585192307631054,1.585192307631054,0.6666666666666666,0.6666666666666666,0.6666666666666666,516.625,17.0,33.42200000029055,0.020623080298376482,1589.7999999909662,31,0,"{""STABLE"": 79}",32,14509802,14500202,,,,,24.0,,,,,,,,,,,,,,,,,,,,,,,,,,,
pc-a-bagAmsterdam-burst-fixed16-r2-mtbjpp9z,fixed16,bagAmsterdam,burst,2,20260824,pc-a,pc,2.3.2,lan,pilot,full-pilot,none,none,none,none,,False,unspecified,unknown,unknown,,,True,,0,0,0,0,0,0,0,78,23,0.2948717948717949,85.70149999996346,99.83069999984232,16.0,2,2034.0,0,0,0.0,77.0,4.445584415566999,4.445584415566999,0.9130434782608695,0.875,0.8936170212765957,518.2714285714263,33.5,66.80000000004657,0.07092907092907093,10638.5,9,0,"{""STABLE"": 78}",10,829762,826762,,,,,7.0,,,,,,,,,,,,,,,,,,,,,,,,,,,
pc-a-bagAmsterdam-burst-fixed16-r2-mtgzh9pz,fixed16,bagAmsterdam,burst,2,20260824,pc-a,pc,2.3.5,lan,pilot,full-pilot,none,none,none,none,,False,unspecified,unknown,unknown,,,False,pre-run-frame-instability,0,0,0,0,0,0,0,74,72,0.972972972972973,110.27549999996306,117.19660000002928,16.0,8,32156.600000000326,0,0,0.0,73.0,6.173972602746257,6.173972602746257,0.9859154929577465,0.9859154929577465,0.9859154929577465,514.7957142857169,49.800000000046566,83.39199999990873,0.16598240469208211,10514.200000047684,31,0,"{""STABLE"": 74}",32,14509802,14500202,False,61939.499999940395,33.39999999990687,30.0,27.0,,,,,,,,,,,,,,,,,,,,,,,,,,,
pc-a-bagAmsterdam-burst-fixed16-r2-mth09xct,fixed16,bagAmsterdam,burst,2,20260824,pc-a,pc,2.3.5,lan,pilot,full-pilot,none,none,none,none,,False,unspecified,unknown,unknown,,,True,,0,0,0,0,0,0,0,76,0,0.0,16.90000000037253,16.90000000037253,16.0,8,15137.000000001863,0,0,0.0,75.0,0.014533333305890418,0.014533333305890418,,,,,16.899999999906868,17.0,0.0,10145.0,31,0,"{""STABLE"": 76}",32,14509802,14500202,True,32501.69999998808,16.899999999906868,16.0,24.0,,,,,,,,,,,,,,,,,,,,,,,,,,,
pc-a-bagAmsterdam-burst-fixed16-r3-mt8fqxqz,fixed16,bagAmsterdam,burst,3,20260825,pc-a,pc,2.0.0,lan,pilot,legacy,none,none,none,none,,False,unspecified,unknown,unknown,,,True,,0,0,0,0,0,0,0,79,0,0.0,16.900000000023283,16.900000000023283,16.0,0,0.0,0,0,0.0,78.0,0.024423076906793576,0.024423076906793576,,,,,16.800000000046566,16.900000000023283,0.0004166666666666667,1143.5999999984633,7,0,"{""STABLE"": 79}",8,259482,257082,,,,,,,,,,,,,,,,,,,,,,,,,,,,,,,,
pc-a-bagAmsterdam-burst-fixed16-r3-mtbcetst,fixed16,bagAmsterdam,burst,3,20260825,pc-a,pc,2.3.1,lan,pilot,full-pilot,none,none,none,none,,False,unspecified,unknown,unknown,,,True,,0,0,0,0,0,0,0,78,36,0.46153846153846156,66.70000000011642,66.77999999988825,16.0,8,17168.400000002235,0,0,0.0,77.0,2.9371428571351177,2.9371428571351177,0.9722222222222222,0.9722222222222222,0.9722222222222222,510.4942857142937,49.74500000001861,66.79999999981374,0.09730848861283643,1564.999999997206,31,0,"{""STABLE"": 78}",32,14509802,14500202,,,,,27.0,,,,,,,,,,,,,,,,,,,,,,,,,,,
pc-a-bagAmsterdam-burst-fixed16-r3-mtbjwbke,fixed16,bagAmsterdam,burst,3,20260825,pc-a,pc,2.3.2,lan,pilot,full-pilot,none,none,none,none,,False,unspecified,unknown,unknown,,,True,,0,0,0,0,0,0,0,78,0,0.0,16.9000000001397,16.9000000001397,16.0,2,2066.7999999998137,0,0,0.0,77.0,0.0038961039160608823,0.0038961039160608823,,,,,16.899999999906868,17.0,0.0,10156.60000000894,9,0,"{""STABLE"": 78}",10,829762,826762,,,,,5.0,,,,,,,,,,,,,,,,,,,,,,,,,,,
pc-a-bagAmsterdam-burst-fixed16-r3-mtgzumy6,fixed16,bagAmsterdam,burst,3,20260825,pc-a,pc,2.3.5,lan,pilot,full-pilot,none,none,none,none,,False,unspecified,unknown,unknown,,,True,,0,0,0,0,0,0,0,76,0,0.0,16.899999999906868,16.899999999906868,16.0,8,16233.600000002421,0,0,0.0,75.0,0.01626666663587083,0.01626666663587083,,,,,16.800000000279397,16.90000000037253,0.00041718815185648727,10188.399999976158,31,0,"{""STABLE"": 76}",32,14509802,14500202,True,59108.80000001192,16.800000000279397,29.0,30.0,,,,,,,,,,,,,,,,,,,,,,,,,,,
pc-a-bagAmsterdam-burst-fixed16-r4-mt8ft4q9,fixed16,bagAmsterdam,burst,4,20260826,pc-a,pc,2.0.0,lan,pilot,legacy,none,none,none,none,,False,unspecified,unknown,unknown,,,True,,0,0,0,0,0,0,0,80,0,0.0,16.899999999918215,16.900000000023283,16.0,0,0.0,0,0,0.0,79.0,0.01164556960752107,0.01164556960752107,,,,,16.800000000046566,16.900000000023283,0.0,1142.2999999970198,7,0,"{""STABLE"": 80}",8,259482,257082,,,,,,,,,,,,,,,,,,,,,,,,,,,,,,,,
pc-a-bagAmsterdam-burst-fixed16-r4-mtbch1kz,fixed16,bagAmsterdam,burst,4,20260826,pc-a,pc,2.3.1,lan,pilot,full-pilot,none,none,none,none,,False,unspecified,unknown,unknown,,,True,,0,0,0,0,0,0,0,79,0,0.0,16.899999999906868,16.899999999906868,16.0,9,13249.400000000838,0,0,0.0,78.0,0.019230769171666103,0.019230769171666103,,,,,16.899999999906868,16.90000000037253,0.0,1169.5999999940395,31,0,"{""STABLE"": 79}",32,14509802,14500202,,,,,18.0,,,,,,,,,,,,,,,,,,,,,,,,,,,
pc-a-bagAmsterdam-burst-fixed16-r4-mtbjyiwe,fixed16,bagAmsterdam,burst,4,20260826,pc-a,pc,2.3.2,lan,pilot,full-pilot,none,none,none,none,,False,unspecified,unknown,unknown,,,True,,0,0,0,0,0,0,0,79,0,0.0,16.9000000001397,16.905000000132713,16.0,2,2033.2000000001863,0,0,0.0,78.0,0.007820512857347804,0.007820512857347804,,,,,16.9000000001397,17.0,0.0,10171.20000000298,9,0,"{""STABLE"": 79}",10,829762,826762,,,,,5.0,,,,,,,,,,,,,,,,,,,,,,,,,,,
pc-a-bagAmsterdam-burst-fixed16-r4-mtgzy7cl,fixed16,bagAmsterdam,burst,4,20260826,pc-a,pc,2.3.5,lan,pilot,full-pilot,none,none,none,none,,False,unspecified,unknown,unknown,,,True,,0,0,0,0,0,0,0,73,50,0.684931506849315,135.91000000010237,147.58639999995938,16.0,9,25085.799999996554,0,0,0.0,72.0,9.801666666625202,9.801666666625202,1.0,0.98,0.98989898989899,529.2693877550963,66.88999999994411,132.77800000009157,0.3031465848042978,10255.300000011921,31,0,"{""STABLE"": 73}",32,14509802,14500202,True,4044.300000011921,16.800000000279397,2.0,28.0,,,,,,,,,,,,,,,,,,,,,,,,,,,
pc-a-bagAmsterdam-burst-fixed8-r1-mt8fdqt4,fixed8,bagAmsterdam,burst,1,20260823,pc-a,pc,2.0.0,lan,pilot,legacy,none,none,none,none,,False,unspecified,unknown,unknown,,,True,,0,0,0,0,0,0,0,79,0,0.0,16.89999999999418,16.900000000023283,8.0,0,0.0,0,0,0.0,78.0,0.02025641025020141,0.02025641025020141,,,,,16.899999999965075,16.900000000023283,0.0,1174.7999999999884,11,0,"{""STABLE"": 79}",12,2615922,2612322,,,,,,,,,,,,,,,,,,,,,,,,,,,,,,,,
pc-a-bagAmsterdam-burst-fixed8-r1-mt9tcy44,fixed8,bagAmsterdam,burst,1,20260823,pc-a,pc,2.1.0,lan,pilot,request-peak-probe,none,none,none,none,,False,unspecified,unknown,unknown,,,True,,0,0,0,0,0,0,0,80,0,0.0,16.80500000004249,16.828900000027613,8.0,4,2000.0,0,0,0.0,79.0,0.0045569620342758976,0.0045569620342758976,,,,,16.800000000046566,16.900000000023283,0.00041684035014589413,1151.1000000007334,11,0,"{""STABLE"": 80}",12,2615922,2612322,,,,,5.0,,,,,,,,,,,,,,,,,,,,,,,,,,,
pc-a-bagAmsterdam-burst-fixed8-r1-mt9vgufr,fixed8,bagAmsterdam,burst,1,20260823,pc-a,pc,2.1.1,lan,pilot,request-peak-probe,none,none,none,none,,False,unspecified,unknown,unknown,,,True,,0,0,0,0,0,0,0,79,0,0.0,16.89999999999418,16.89999999999418,8.0,4,2000.0,0,0,0.0,78.0,0.013012820512365316,0.013012820512365316,,,,,16.800000000017462,16.89999999999418,0.0004166666666666667,1154.3000000011234,11,0,"{""STABLE"": 79}",12,2615922,2612322,,,,,6.0,,,,,,,,,,,,,,,,,,,,,,,,,,,
pc-a-bagAmsterdam-burst-fixed8-r1-mt9waimr,fixed8,bagAmsterdam,burst,1,20260823,pc-a,pc,2.2.0,lan,pilot,request-peak-probe,none,none,none,none,,False,unspecified,unknown,unknown,,,True,,0,0,0,0,0,0,0,80,0,0.0,16.814499999986438,16.89999999999418,8.0,4,2000.0,0,0,0.0,79.0,0.004050632914077991,0.004050632914077991,,,,,16.800000000017462,16.89999999999418,0.0008336807002917883,1155.4000000011292,11,0,"{""STABLE"": 80}",12,2615922,2612322,,,,,7.0,,,,,,,,,,,,,,,,,,,,,,,,,,,
pc-a-bagAmsterdam-burst-fixed8-r1-mt9xizok,fixed8,bagAmsterdam,burst,1,20260823,pc-a,pc,2.2.1,lan,pilot,request-peak-probe,none,none,none,none,,False,unspecified,unknown,unknown,,,True,,0,0,0,0,0,0,0,80,0,0.0,16.899999999965075,16.89999999999418,8.0,0,0.0,0,0,0.0,79.0,0.011265822785152724,0.011265822785152724,,,,,16.800000000017462,16.89999999999418,0.0,1161.7999999970198,7,0,"{""STABLE"": 80}",8,259482,257082,,,,,2.0,,,,,,,,,,,,,,,,,,,,,,,,,,,
pc-a-bagAmsterdam-burst-fixed8-r1-mt9yf989,fixed8,bagAmsterdam,burst,1,20260823,pc-a,pc,2.2.1,lan,pilot,request-peak-probe,none,none,none,none,,False,unspecified,unknown,unknown,,,False,document-hidden,0,0,0,0,0,0,0,65,1,0.015384615384615385,22.341000000004925,3945.391999999989,8.0,0,0.0,0,0,0.0,63.0,0.924841269839459,0.924841269839459,,,,,16.89999999999418,17.17400000001013,0.0041515308770108976,1246.799999998504,7,0,"{""STABLE"": 65}",8,259482,257082,,,,,2.0,,,,,,,,,,,,,,,,,,,,,,,,,,,
pc-a-bagAmsterdam-burst-fixed8-r1-mt9yimuu,fixed8,bagAmsterdam,burst,1,20260823,pc-a,pc,2.2.1,lan,pilot,request-peak-probe,none,none,none,none,,False,unspecified,unknown,unknown,,,True,,0,0,0,0,0,0,0,80,0,0.0,16.800000000046566,16.80105000004571,8.0,0,0.0,0,0,0.0,79.0,0.0001265822881036249,0.0001265822881036249,,,,,16.79999999998836,16.899999999965075,0.0,1217.1999999977415,7,0,"{""STABLE"": 80}",8,259482,257082,,,,,2.0,,,,,,,,,,,,,,,,,,,,,,,,,,,
pc-a-bagAmsterdam-burst-fixed8-r1-mtb5a5sy,fixed8,bagAmsterdam,burst,1,20260823,pc-a,pc,2.2.2,lan,pilot,request-peak-probe,none,none,none,none,,False,unspecified,unknown,unknown,,,True,,0,0,0,0,0,0,0,79,4,0.05063291139240506,26.860999999992615,58.478199999988476,8.0,43,48806.49999999945,0,0,0.0,78.0,1.2454487179461546,1.2454487179461546,0.75,0.75,0.75,505.4666666666647,16.900000000023283,33.40000000001426,0.0137221269296741,1235.5999999940395,65,0,"{""STABLE"": 79}",66,35777750,35757950,,,,,26.0,,,,,,,,,,,,,,,,,,,,,,,,,,,
pc-a-bagAmsterdam-burst-fixed8-r1-mtb8yrft,fixed8,bagAmsterdam,burst,1,20260823,pc-a,pc,2.3.0,lan,pilot,request-peak-probe,none,none,none,none,,False,unspecified,unknown,unknown,,,True,,0,0,0,0,0,0,0,78,49,0.6282051282051282,148.0382499999855,598.4000000000001,8.0,45,128891.40000000031,0,0,0.0,77.0,20.071688311683594,20.071688311683594,0.9375,0.9,0.9183673469387755,509.6533333333339,49.90000000002328,83.29999999999418,0.11446119486320491,1994.300000002957,65,0,"{""STABLE"": 78}",66,35777750,35757950,,,,,27.0,,,,,,,,,,,,,,,,,,,,,,,,,,,
pc-a-bagAmsterdam-burst-fixed8-r1-mtbaobvc,fixed8,bagAmsterdam,burst,1,20260823,pc-a,pc,2.3.1,lan,pilot,request-peak-probe,none,none,none,none,,False,unspecified,unknown,unknown,,,True,,0,0,0,0,0,0,0,77,62,0.8051948051948052,196.10200000000822,459.6533999999949,8.0,45,113453.20000000088,0,0,0.0,76.0,15.273947368420956,15.273947368420956,0.9836065573770492,0.967741935483871,0.975609756097561,527.5233333333327,50.20000000001164,83.39999999999971,0.21592442645074225,2001.199999988079,65,0,"{""STABLE"": 77}",66,35777750,35757950,,,,,28.0,,,,,,,,,,,,,,,,,,,,,,,,,,,
pc-a-bagAmsterdam-burst-fixed8-r1-mtbc1il8,fixed8,bagAmsterdam,burst,1,20260823,pc-a,pc,2.3.1,lan,pilot,full-pilot,none,none,none,none,,False,unspecified,unknown,unknown,,,True,,0,0,0,0,0,0,0,78,67,0.8589743589743589,84.14424999990845,266.60000000009313,8.0,44,91659.50000000373,0,0,0.0,77.0,10.661753246747564,10.661753246747564,0.9848484848484849,0.9848484848484849,0.9848484848484849,514.8892307692279,50.10000000009313,83.40000000021887,0.21316818774445892,1759.8999999938533,65,0,"{""STABLE"": 78}",66,35777750,35757950,,,,,28.0,,,,,,,,,,,,,,,,,,,,,,,,,,,
pc-a-bagAmsterdam-burst-fixed8-r1-mtbj2tnl,fixed8,bagAmsterdam,burst,1,20260823,pc-a,pc,2.3.2,lan,pilot,request-peak-probe,none,none,none,none,,False,unspecified,unknown,unknown,,,True,,0,0,0,0,0,0,0,78,0,0.0,16.899999999999782,16.900000000023283,8.0,18,30704.5,0,0,0.0,77.0,0.02428571428074013,0.02428571428074013,,,,,16.89999999999418,16.900000000023283,0.0008343763037129745,10228.09999999404,40,0,"{""STABLE"": 78}",41,21082090,21069790,,,,,25.0,,,,,,,,,,,,,,,,,,,,,,,,,,,
pc-a-bagAmsterdam-burst-fixed8-r1-mtbjj3xa,fixed8,bagAmsterdam,burst,1,20260823,pc-a,pc,2.3.2,lan,pilot,full-pilot,none,none,none,none,,False,unspecified,unknown,unknown,,,True,,0,0,0,0,0,0,0,78,0,0.0,16.900000000023283,16.906900000021675,8.0,18,30719.199999998556,0,0,0.0,77.0,0.00785714286453606,0.00785714286453606,,,,,16.900000000023283,17.0,0.0008350730688935282,10227.89999999106,40,0,"{""STABLE"": 78}",41,21082090,21069790,,,,,28.0,,,,,,,,,,,,,,,,,,,,,,,,,,,
pc-a-bagAmsterdam-burst-fixed8-r1-mtchnyd1,fixed8,bagAmsterdam,burst,1,20260823,pc-a,pc,2.3.3,lan,pilot,request-peak-probe,none,none,none,none,,False,unspecified,unknown,unknown,,,True,,0,0,0,0,0,0,0,79,0,0.0,16.950500000011523,26.94299999999289,8.0,45,48089.59999999864,0,0,0.0,78.0,0.4391025641007734,0.4391025641007734,,,,,16.900000000023283,33.24000000000234,0.006776789495976281,10221.799999982119,65,0,"{""STABLE"": 79}",66,35777750,35757950,True,4034.399999976158,16.800000000046566,2.0,22.0,,,,,,,,,,,,,,,,,,,,,,,,,,,
pc-a-bagAmsterdam-burst-fixed8-r1-mtgra2dw,fixed8,bagAmsterdam,burst,1,20260823,pc-a,pc,2.3.3,lan,pilot,request-peak-probe,none,none,none,none,,False,unspecified,unknown,unknown,,,True,,0,0,0,0,0,0,0,77,60,0.7792207792207793,148.24900000001233,530.8951999999938,8.0,44,120300.30000000016,0,0,0.0,76.0,17.4898026315776,17.4898026315776,0.9830508474576272,0.9666666666666667,0.9747899159663865,520.4120689655166,66.51999999999535,83.5,0.23747426218256693,10177.0,65,0,"{""STABLE"": 77}",66,35777750,35757950,True,4026.7000000476837,16.800000000046566,2.0,30.0,,,,,,,,,,,,,,,,,,,,,,,,,,,
pc-a-bagAmsterdam-burst-fixed8-r1-mtgssn0j,fixed8,bagAmsterdam,burst,1,20260823,pc-a,pc,2.3.4,lan,pilot,request-peak-probe,none,none,none,none,,False,unspecified,unknown,unknown,,,True,,0,0,0,0,0,0,0,78,0,0.0,17.0,19.459950000006337,8.0,45,51735.3999999981,0,0,0.0,77.0,0.2961688311707024,0.2961688311707024,,,,,16.900000000023283,33.300000000046566,0.009791400595998296,10196.199999988079,65,0,"{""STABLE"": 78}",66,35777750,35757950,True,4043.400000035763,16.79999999998836,2.0,22.0,,,,,,,,,,,,,,,,,,,,,,,,,,,
pc-a-bagAmsterdam-burst-fixed8-r1-mtgyjqtx,fixed8,bagAmsterdam,burst,1,20260823,pc-a,pc,2.3.5,lan,pilot,request-peak-probe,none,none,none,none,,False,unspecified,unknown,unknown,,,True,,0,0,0,0,0,0,0,74,52,0.7027027027027027,90.93775000002323,385.08999999997883,8.0,45,99292.59999999753,0,0,0.0,73.0,14.468630136987906,14.468630136987906,0.9607843137254902,0.9423076923076923,0.9514563106796117,513.9775510204098,50.09999999997672,83.30000000004307,0.14821323960164032,10545.099999964237,65,0,"{""STABLE"": 74}",66,35777750,35757950,True,12218.700000047684,16.899999999970895,6.0,26.0,,,,,,,,,,,,,,,,,,,,,,,,,,,
pc-a-bagAmsterdam-burst-fixed8-r1-mtgz82j7,fixed8,bagAmsterdam,burst,1,20260823,pc-a,pc,2.3.5,lan,pilot,full-pilot,none,none,none,none,,False,unspecified,unknown,unknown,,,True,,0,0,0,0,0,0,0,74,41,0.5540540540540541,111.65500000001612,429.64809999989075,8.0,44,117118.49999999744,0,0,0.0,73.0,17.687808219180916,17.687808219180916,0.95,0.926829268292683,0.9382716049382716,524.1315789473684,50.0,99.89999999990687,0.11527541169789893,10671.400000035763,65,0,"{""STABLE"": 74}",66,35777750,35757950,True,18250.00000011921,16.810000000032595,9.0,30.0,,,,,,,,,,,,,,,,,,,,,,,,,,,
pc-a-bagAmsterdam-burst-fixed8-r2-mt8fh1kd,fixed8,bagAmsterdam,burst,2,20260824,pc-a,pc,2.0.0,lan,pilot,legacy,none,none,none,none,,False,unspecified,unknown,unknown,,,True,,0,0,0,0,0,0,0,79,0,0.0,16.900000000023283,16.900000000023283,8.0,0,0.0,0,0,0.0,78.0,0.010384615392607608,0.010384615392607608,,,,,16.800000000046566,16.900000000023283,0.0,1151.6000000030035,11,0,"{""STABLE"": 79}",12,2615922,2612322,,,,,,,,,,,,,,,,,,,,,,,,,,,,,,,,
pc-a-bagAmsterdam-burst-fixed8-r2-mtbc4uj8,fixed8,bagAmsterdam,burst,2,20260824,pc-a,pc,2.3.1,lan,pilot,full-pilot,none,none,none,none,,False,unspecified,unknown,unknown,,,True,,0,0,0,0,0,0,0,78,14,0.1794871794871795,111.51175000014788,428.6812999997737,8.0,45,118210.00000001071,0,0,0.0,77.0,12.651818181810805,12.651818181810805,0.9285714285714286,0.9285714285714286,0.9285714285714286,541.0384615384615,33.200000000186265,63.5660000000362,0.03680981595092025,2030.5999999912456,65,0,"{""STABLE"": 78}",66,35777750,35757950,,,,,21.0,,,,,,,,,,,,,,,,,,,,,,,,,,,
pc-a-bagAmsterdam-burst-fixed8-r2-mtbjmejq,fixed8,bagAmsterdam,burst,2,20260824,pc-a,pc,2.3.2,lan,pilot,full-pilot,none,none,none,none,,False,unspecified,unknown,unknown,,,True,,0,0,0,0,0,0,0,79,0,0.0,16.9000000001397,16.9000000001397,8.0,19,31316.39999999688,0,0,0.0,78.0,0.01025641028939457,0.01025641028939457,,,,,16.899999999906868,17.0,0.0012526096033402922,10195.5,41,0,"{""STABLE"": 79}",42,21354562,21341962,,,,,23.0,,,,,,,,,,,,,,,,,,,,,,,,,,,
pc-a-bagAmsterdam-burst-fixed8-r2-mtgzcz4c,fixed8,bagAmsterdam,burst,2,20260824,pc-a,pc,2.3.5,lan,pilot,full-pilot,none,none,none,none,,False,unspecified,unknown,unknown,,,True,,0,0,0,0,0,0,0,75,34,0.4533333333333333,150.0425000000233,161.23520000002574,8.0,46,31555.600000004983,0,0,0.0,74.0,5.613445945944304,5.613445945944304,0.9696969696969697,0.9411764705882353,0.955223880597015,520.1999999999971,33.699999999953434,99.91600000011735,0.09708222811671087,10461.699999988079,65,0,"{""STABLE"": 75}",66,35777750,35757950,True,4025.300000011921,16.800000000046566,2.0,30.0,,,,,,,,,,,,,,,,,,,,,,,,,,,
pc-a-bagAmsterdam-burst-fixed8-r3-mt8foqrk,fixed8,bagAmsterdam,burst,3,20260825,pc-a,pc,2.0.0,lan,pilot,legacy,none,none,none,none,,False,unspecified,unknown,unknown,,,True,,0,0,0,0,0,0,0,79,0,0.0,16.900000000023283,16.900000000023283,8.0,0,0.0,0,0,0.0,78.0,0.017499999998014968,0.017499999998014968,,,,,16.800000000046566,16.900000000023283,0.0004166666666666667,1156.2000000014668,11,0,"{""STABLE"": 79}",12,2615922,2612322,,,,,,,,,,,,,,,,,,,,,,,,,,,,,,,,
pc-a-bagAmsterdam-burst-fixed8-r3-mtbcclu2,fixed8,bagAmsterdam,burst,3,20260825,pc-a,pc,2.3.1,lan,pilot,full-pilot,none,none,none,none,,False,unspecified,unknown,unknown,,,True,,0,0,0,0,0,0,0,79,33,0.4177215189873418,52.223999999873186,254.22909999997626,8.0,44,88286.60000000848,0,0,0.0,78.0,8.031794871785086,8.031794871785086,0.90625,0.8787878787878788,0.8923076923076922,506.3448275862069,33.39999999990687,50.19999999995809,0.06682926829268293,1497.199999990873,65,0,"{""STABLE"": 79}",66,35777750,35757950,,,,,29.0,,,,,,,,,,,,,,,,,,,,,,,,,,,
pc-a-bagAmsterdam-burst-fixed8-r3-mtbju4ep,fixed8,bagAmsterdam,burst,3,20260825,pc-a,pc,2.3.2,lan,pilot,full-pilot,none,none,none,none,,False,unspecified,unknown,unknown,,,True,,0,0,0,0,0,0,0,79,0,0.0,16.9000000001397,16.906600000130478,8.0,19,26814.40000000084,0,0,0.0,78.0,0.015128205119011248,0.015128205119011248,,,,,16.899999999906868,16.907000000129937,0.001670843776106934,10241.39999999106,41,0,"{""STABLE"": 79}",42,21354562,21341962,,,,,31.0,,,,,,,,,,,,,,,,,,,,,,,,,,,
pc-a-bagAmsterdam-burst-fixed8-r3-mtgzr0gl,fixed8,bagAmsterdam,burst,3,20260825,pc-a,pc,2.3.5,lan,pilot,full-pilot,none,none,none,none,,False,unspecified,unknown,unknown,,,True,,0,0,0,0,0,0,0,76,9,0.11842105263157894,33.62000000011176,49.96374999996624,8.0,45,58599.99999999814,0,0,0.0,75.0,1.9613999999923029,1.9613999999923029,0.7777777777777778,0.7,0.7368421052631577,504.81428571431235,16.899999999906868,33.5,0.0199479618386817,10400.599999964237,65,0,"{""STABLE"": 76}",66,35777750,35757950,True,4023.699999988079,16.92000000029802,2.0,22.0,,,,,,,,,,,,,,,,,,,,,,,,,,,
pc-a-bagAmsterdam-burst-fixed8-r4-mt8fvbzb,fixed8,bagAmsterdam,burst,4,20260826,pc-a,pc,2.0.0,lan,pilot,legacy,none,none,none,none,,False,unspecified,unknown,unknown,,,True,,0,0,0,0,0,0,0,79,0,0.0,16.89999999991851,16.9000000001397,8.0,4,2001.199999999255,0,0,0.0,78.0,0.016666666658308644,0.016666666658308644,,,,,16.800000000046566,16.9000000001397,0.0,1135.2000000015832,11,0,"{""STABLE"": 79}",12,2615922,2612322,,,,,,,,,,,,,,,,,,,,,,,,,,,,,,,,
pc-a-bagAmsterdam-burst-fixed8-r4-mtbcj8k4,fixed8,bagAmsterdam,burst,4,20260826,pc-a,pc,2.3.1,lan,pilot,full-pilot,none,none,none,none,,False,unspecified,unknown,unknown,,,True,,0,0,0,0,0,0,0,79,2,0.02531645569620253,22.44499999980901,33.41539999992121,8.0,46,40506.80000001099,0,0,0.0,78.0,0.5727564102417825,0.5727564102417825,0.5,0.5,0.5,500.1999999997206,16.899999999906868,33.39999999990687,0.012356199403493822,1147.5999999940395,65,0,"{""STABLE"": 79}",66,35777750,35757950,,,,,20.0,,,,,,,,,,,,,,,,,,,,,,,,,,,
pc-a-bagAmsterdam-burst-fixed8-r4-mtbk0pyh,fixed8,bagAmsterdam,burst,4,20260826,pc-a,pc,2.3.2,lan,pilot,full-pilot,none,none,none,none,,False,unspecified,unknown,unknown,,,True,,0,0,0,0,0,0,0,78,0,0.0,16.9000000001397,16.9000000001397,8.0,19,31499.09999999893,0,0,0.0,77.0,0.012857142873047967,0.012857142873047967,,,,,16.899999999906868,17.0,0.0012531328320802004,10227.29999999702,41,0,"{""STABLE"": 78}",42,21354562,21341962,,,,,24.0,,,,,,,,,,,,,,,,,,,,,,,,,,,
pc-a-bagAmsterdam-burst-fixed8-r4-mth01tmj,fixed8,bagAmsterdam,burst,4,20260826,pc-a,pc,2.3.5,lan,pilot,full-pilot,none,none,none,none,,False,unspecified,unknown,unknown,,,True,,0,0,0,0,0,0,0,75,4,0.05333333333333334,33.33599999984726,109.61919999983904,8.0,44,49646.20000001043,0,0,0.0,74.0,3.005202702681433,3.005202702681433,0.75,0.75,0.75,505.60000000009313,16.899999999906868,33.40000000037253,0.015638575152041704,10159.800000011921,65,0,"{""STABLE"": 75}",66,35777750,35757950,True,40843.499999940395,16.800000000279397,20.0,24.0,,,,,,,,,,,,,,,,,,,,,,,,,,,
pc-a-bagAmsterdam-burst-pi-r1-mt8fcna6,pi,bagAmsterdam,burst,1,20260823,pc-a,pc,2.0.0,lan,pilot,legacy,none,none,none,none,,False,unspecified,unknown,unknown,,,True,,0,0,0,0,0,0,0,79,0,0.0,22.742000000006698,33.20000000001164,4.050102585042875,43,21504.30000000025,1,0,1.5030775512862584,78.0,1.2564743589721379,1.2564743589721379,,,,,16.89999999999418,33.39999999999418,0.012875536480686695,1195.1000000029744,67,0,"{""RECOVERY"": 2, ""STABLE"": 77}",68,36179030,36158630,,,,,,,,,,,,,,,,,,,,,,,,,,,,,,,,
pc-a-bagAmsterdam-burst-pi-r1-mt9tbul6,pi,bagAmsterdam,burst,1,20260823,pc-a,pc,2.1.0,lan,pilot,request-peak-probe,none,none,none,none,,False,unspecified,unknown,unknown,,,True,,0,0,0,0,0,0,0,79,4,0.05063291139240506,33.304000000011,33.39999999999418,4.049966529119663,43,49224.200000000186,1,0,1.4986961343631047,78.0,2.185128205124762,2.185128205124762,0.5,0.5,0.5,508.25,16.900000000023283,33.40000000002328,0.024242424242424242,1173.1000000007334,67,0,"{""RECOVERY"": 2, ""STABLE"": 77}",68,36179030,36158630,,,,,21.0,,,,,,,,,,,,,,,,,,,,,,,,,,,
pc-a-bagAmsterdam-burst-pi-r1-mt9vfqx1,pi,bagAmsterdam,burst,1,20260823,pc-a,pc,2.1.1,lan,pilot,request-peak-probe,none,none,none,none,,False,unspecified,unknown,unknown,,,True,,0,0,0,0,0,0,0,80,6,0.075,34.09450000000516,49.0699999999937,5.881192235912601,44,49717.09999999977,9,2,13.3658734598306,79.0,2.5227215189876224,2.5227215189876224,0.6666666666666666,0.5714285714285714,0.6153846153846153,504.17499999999563,16.89999999999418,33.40000000002328,0.01984469370146678,1130.200000000361,67,0,"{""PRESSURE"": 4, ""RECOVERY"": 6, ""STABLE"": 70}",68,36179030,36158630,,,,,22.0,,,,,,,,,,,,,,,,,,,,,,,,,,,
pc-a-bagAmsterdam-burst-pi-r1-mt9w9ew7,pi,bagAmsterdam,burst,1,20260823,pc-a,pc,2.2.0,lan,pilot,request-peak-probe,none,none,none,none,,False,unspecified,unknown,unknown,,,True,,0,0,0,0,0,0,0,80,0,0.0,16.900000000013097,21.734700000016524,4.051125989044428,47,66497.9999999991,1,0,1.4844944554132093,79.0,0.32696202531496454,0.32696202531496454,,,,,16.89999999999418,33.39999999999418,0.014102564102564103,1143.6000000011118,67,0,"{""RECOVERY"": 2, ""STABLE"": 78}",68,36179030,36158630,,,,,20.0,,,,,,,,,,,,,,,,,,,,,,,,,,,
pc-a-bagAmsterdam-burst-pi-r1-mt9xhvw7,pi,bagAmsterdam,burst,1,20260823,pc-a,pc,2.2.1,lan,pilot,request-peak-probe,none,none,none,none,,False,unspecified,unknown,unknown,,,True,,0,0,0,0,0,0,0,80,0,0.0,16.89999999999418,16.89999999999418,4.05131605414708,0,0.0,1,0,1.4900131866167012,79.0,0.008860759497096997,0.008860759497096997,,,,,16.800000000017462,16.89999999999418,0.0004166666666666667,1218.0999999970081,7,0,"{""RECOVERY"": 2, ""STABLE"": 78}",8,259482,257082,,,,,2.0,,,,,,,,,,,,,,,,,,,,,,,,,,,
pc-a-bagAmsterdam-burst-pi-r1-mt9ye5gi,pi,bagAmsterdam,burst,1,20260823,pc-a,pc,2.2.1,lan,pilot,request-peak-probe,none,none,none,none,,False,unspecified,unknown,unknown,,,False,window-blur,0,0,0,0,0,0,0,80,0,0.0,25.42650000000546,33.20000000000031,4.051221277903944,0,0.0,1,0,1.4875492130864656,79.0,0.675949367087813,0.675949367087813,,,,,16.800000000017462,17.22899999998422,0.0054806070826306915,1164.7000000000116,7,0,"{""RECOVERY"": 2, ""STABLE"": 78}",8,259482,257082,,,,,2.0,,,,,,,,,,,,,,,,,,,,,,,,,,,
pc-a-bagAmsterdam-burst-pi-r1-mt9yhjcf,pi,bagAmsterdam,burst,1,20260823,pc-a,pc,2.2.1,lan,pilot,request-peak-probe,none,none,none,none,,False,unspecified,unknown,unknown,,,True,,0,0,0,0,0,0,0,80,0,0.0,16.800000000046566,16.805000000045403,4.049523583130287,0,0.0,1,0,1.4857074939085997,79.0,0.00012658228935633872,0.00012658228935633872,,,,,16.79999999998836,16.900000000023283,0.0,1150.9000000000233,7,0,"{""RECOVERY"": 2, ""STABLE"": 78}",8,259482,257082,,,,,2.0,,,,,,,,,,,,,,,,,,,,,,,,,,,
pc-a-bagAmsterdam-burst-pi-r1-mtb592ak,pi,bagAmsterdam,burst,1,20260823,pc-a,pc,2.2.2,lan,pilot,request-peak-probe,none,none,none,none,,False,unspecified,unknown,unknown,,,True,,0,0,0,0,0,0,0,79,24,0.3037974683544304,40.23000000000428,122.55500000000299,5.9017322115957125,65,148574.4000000003,9,2,13.39338862653279,78.0,4.463910256412139,4.463910256412139,0.8695652173913043,0.8333333333333334,0.851063829787234,515.0300000000003,33.29999999998836,33.60000000000582,0.04054669703872437,1127.8999999970256,180,0,"{""PRESSURE"": 4, ""RECOVERY"": 6, ""STABLE"": 69}",189,129857102,129800402,,,,,38.0,,,,,,,,,,,,,,,,,,,,,,,,,,,
pc-a-bagAmsterdam-burst-pi-r1-mtb8xnmq,pi,bagAmsterdam,burst,1,20260823,pc-a,pc,2.3.0,lan,pilot,request-peak-probe,none,none,none,none,,False,unspecified,unknown,unknown,,,True,,0,0,0,0,0,0,0,79,28,0.35443037974683544,79.53249999999508,139.9600000000093,18.202677988568453,68,157138.50000000125,27,7,40.364174552630395,78.0,7.249679487177921,7.249679487177921,0.8888888888888888,0.8571428571428571,0.8727272727272727,508.3583333333336,33.39999999999418,66.79999999999738,0.05458937198067633,1142.400000008929,177,0,"{""PRESSURE"": 15, ""RECOVERY"": 13, ""STABLE"": 51}",185,129500238,129444738,,,,,37.0,,,,,,,,,,,,,,,,,,,,,,,,,,,
pc-a-bagAmsterdam-burst-pi-r1-mtban8ax,pi,bagAmsterdam,burst,1,20260823,pc-a,pc,2.3.1,lan,pilot,request-peak-probe,none,none,none,none,,False,unspecified,unknown,unknown,,,True,,0,0,0,0,0,0,0,79,28,0.35443037974683544,35.820000000000434,66.69999999998254,6.670101293221665,67,114772.90000000165,9,2,13.465864034672107,78.0,2.956602564101324,2.956602564101324,0.8888888888888888,0.8571428571428571,0.8727272727272727,505.5750000000007,33.29999999998836,33.57599999998228,0.04134831460674157,1143.6000000000058,185,0,"{""PRESSURE"": 4, ""RECOVERY"": 6, ""STABLE"": 69}",188,128363210,128306810,,,,,38.0,,,,,,,,,,,,,,,,,,,,,,,,,,,
pc-a-bagAmsterdam-burst-pi-r1-mtbc0er1,pi,bagAmsterdam,burst,1,20260823,pc-a,pc,2.3.1,lan,pilot,full-pilot,none,none,none,none,,False,unspecified,unknown,unknown,,,True,,0,0,0,0,0,0,0,77,29,0.37662337662337664,346.6630000000307,537.6479999999998,21.710535029214544,63,307461.9000000111,41,11,61.24293278961502,76.0,28.48815789470284,28.48815789470284,0.8620689655172413,0.8333333333333334,0.847457627118644,537.3640000000037,33.5,100.00799999998881,0.0670632774472688,1912.2000000001863,149,0,"{""PRESSURE"": 24, ""RECOVERY"": 18, ""STABLE"": 35}",174,116778222,116727222,,,,,37.0,,,,,,,,,,,,,,,,,,,,,,,,,,,
pc-a-bagAmsterdam-burst-pi-r1-mtbj1q4s,pi,bagAmsterdam,burst,1,20260823,pc-a,pc,2.3.2,lan,pilot,request-peak-probe,none,none,none,none,,False,unspecified,unknown,unknown,,,True,,0,0,0,0,0,0,0,78,4,0.05128205128205128,36.94050000000158,89.98000000001058,5.956215576597509,64,146002.0999999996,9,2,13.624287563296168,77.0,3.890259740256414,3.890259740256414,0.75,0.75,0.75,500.0999999999961,16.89999999999418,33.39999999999418,0.012543252595155709,10164.40000000596,153,0,"{""PRESSURE"": 4, ""RECOVERY"": 6, ""STABLE"": 68}",154,104179506,104133306,,,,,45.0,,,,,,,,,,,,,,,,,,,,,,,,,,,
pc-a-bagAmsterdam-burst-pi-r1-mtbji0ed,pi,bagAmsterdam,burst,1,20260823,pc-a,pc,2.3.2,lan,pilot,full-pilot,none,none,none,none,,False,unspecified,unknown,unknown,,,True,,0,0,0,0,0,0,0,78,4,0.05128205128205128,33.56400000004357,78.31999999993718,5.556785456935956,68,146334.5,9,2,13.653085218006943,77.0,2.659350649344538,2.659350649344538,0.75,0.75,0.75,505.56666666665114,16.900000000023283,33.300000000046566,0.009478672985781991,10165.79999999702,153,0,"{""PRESSURE"": 4, ""RECOVERY"": 6, ""STABLE"": 68}",154,104179506,104133306,,,,,45.0,,,,,,,,,,,,,,,,,,,,,,,,,,,
pc-a-bagAmsterdam-burst-pi-r1-mtchmrqs,pi,bagAmsterdam,burst,1,20260823,pc-a,pc,2.3.3,lan,pilot,request-peak-probe,none,none,none,none,,False,unspecified,unknown,unknown,,,True,,0,0,0,0,0,0,0,79,20,0.25316455696202533,35.149999999999906,50.046100000016104,5.929945811673063,67,116842.49999999965,9,2,13.522040926710542,78.0,2.3392307692367833,2.3392307692367833,0.8421052631578947,0.7619047619047619,0.8,535.4312500000015,33.20000000001164,33.55599999998696,0.031180400890868598,10144.700000017881,183,0,"{""PRESSURE"": 4, ""RECOVERY"": 6, ""STABLE"": 69}",187,127792242,127736142,True,4025.0,16.89999999999418,2.0,40.0,,,,,,,,,,,,,,,,,,,,,,,,,,,
pc-a-bagAmsterdam-burst-pi-r1-mtgr8vq3,pi,bagAmsterdam,burst,1,20260823,pc-a,pc,2.3.3,lan,pilot,request-peak-probe,none,none,none,none,,False,unspecified,unknown,unknown,,,True,,0,0,0,0,0,0,0,78,25,0.32051282051282054,36.06000000002955,50.0,6.3315942380162715,66,113653.90000000142,10,2,15.14451654917044,77.0,2.2486363636360718,2.2486363636360718,0.875,0.84,0.8571428571428572,507.1857142857126,33.29999999998836,33.56099999998581,0.04107142857142857,10172.100000023842,180,0,"{""PRESSURE"": 4, ""RECOVERY"": 7, ""STABLE"": 67}",186,129039022,128983222,True,4028.399999976158,16.79999999998836,2.0,39.0,,,,,,,,,,,,,,,,,,,,,,,,,,,
pc-a-bagAmsterdam-burst-pi-r1-mtgsqzxi,pi,bagAmsterdam,burst,1,20260823,pc-a,pc,2.3.4,lan,pilot,request-peak-probe,none,none,none,none,,False,unspecified,unknown,unknown,,,True,,0,0,0,0,0,0,0,77,67,0.8701298701298701,66.70500000000932,67.39040000001724,53.32551212968647,35,20148.19999999914,11,3,16.673108549515337,76.0,3.9267763157885147,3.9267763157885147,0.9848484848484849,0.9701492537313433,0.9774436090225564,515.1461538461543,50.10000000000582,66.89999999999418,0.25500667556742324,10700.300000011921,46,0,"{""PRESSURE"": 7, ""RECOVERY"": 5, ""STABLE"": 65}",47,24330462,24316362,True,24332.5,16.800000000017462,12.0,21.0,,,,,,,,,,,,,,,,,,,,,,,,,,,
pc-a-bagAmsterdam-burst-pi-r1-mtgyijvh,pi,bagAmsterdam,burst,1,20260823,pc-a,pc,2.3.5,lan,pilot,request-peak-probe,none,none,none,none,,False,unspecified,unknown,unknown,,,True,,0,0,0,0,0,0,0,75,30,0.4,54.39200000001809,66.60000000003492,15.09694830370711,66,113144.90000000127,16,5,25.251063964101416,74.0,2.4878378378385846,2.4878378378385846,0.8620689655172413,0.8333333333333334,0.847457627118644,508.69199999999955,33.5,50.20000000001164,0.07446808510638298,10156.600000023842,177,0,"{""PRESSURE"": 9, ""RECOVERY"": 8, ""STABLE"": 58}",182,127781534,127726934,True,4029.699999988079,16.89999999999418,2.0,36.0,,,,,,,,,,,,,,,,,,,,,,,,,,,
pc-a-bagAmsterdam-burst-pi-r1-mtgz6vhw,pi,bagAmsterdam,burst,1,20260823,pc-a,pc,2.3.5,lan,pilot,full-pilot,none,none,none,none,,False,unspecified,unknown,unknown,,,True,,0,0,0,0,0,0,0,75,37,0.49333333333333335,69.9670000001089,90.00000000004643,23.06775829316903,68,126500.49999999581,27,7,42.38818154701194,74.0,5.458513513537171,5.458513513537171,0.8888888888888888,0.8648648648648649,0.8767123287671232,511.4875000000102,33.5,66.7,0.08329126703685008,10264.5,169,0,"{""PRESSURE"": 16, ""RECOVERY"": 12, ""STABLE"": 47}",174,116983246,116931046,True,4020.5,16.800000000046566,2.0,29.0,,,,,,,,,,,,,,,,,,,,,,,,,,,
pc-a-bagAmsterdam-burst-pi-r2-mt8fj916,pi,bagAmsterdam,burst,2,20260824,pc-a,pc,2.0.0,lan,pilot,legacy,none,none,none,none,,False,unspecified,unknown,unknown,,,True,,0,0,0,0,0,0,0,79,0,0.0,33.23699999995064,33.29999999998836,4.049996501644222,37,18500.0,1,0,1.4992953311943413,78.0,1.3620512820521247,1.3620512820521247,,,,,16.900000000023283,33.40000000002328,0.015537332757876565,1142.9000000029919,67,0,"{""RECOVERY"": 2, ""STABLE"": 77}",68,36179030,36158630,,,,,,,,,,,,,,,,,,,,,,,,,,,,,,,,
pc-a-bagAmsterdam-burst-pi-r2-mtbc71zc,pi,bagAmsterdam,burst,2,20260824,pc-a,pc,2.3.1,lan,pilot,full-pilot,none,none,none,none,,False,unspecified,unknown,unknown,,,True,,0,0,0,0,0,0,0,78,53,0.6794871794871795,253.87699999988735,300.10000000009313,37.390707541903055,61,241430.39999999432,35,10,52.107241665943555,77.0,21.238051948012696,21.238051948012696,0.9056603773584906,0.9230769230769231,0.9142857142857143,520.4979166666648,50.0,83.39999999990687,0.12149532710280374,2514.299999990966,133,0,"{""PRESSURE"": 19, ""RECOVERY"": 17, ""STABLE"": 42}",152,106460202,106414602,,,,,42.0,,,,,,,,,,,,,,,,,,,,,,,,,,,
pc-a-bagAmsterdam-burst-pi-r2-mtbjolnk,pi,bagAmsterdam,burst,2,20260824,pc-a,pc,2.3.2,lan,pilot,full-pilot,none,none,none,none,,False,unspecified,unknown,unknown,,,True,,0,0,0,0,0,0,0,77,50,0.6493506493506493,93.20599999986113,192.90060000003356,41.320427085555,19,47471.000000005355,39,10,58.7179905398793,76.0,10.155921052630966,10.155921052630966,0.9,0.9183673469387755,0.9090909090909091,517.8000000000052,50.0,116.6959999999497,0.13372434017595308,10202.199999988079,47,0,"{""PRESSURE"": 23, ""RECOVERY"": 17, ""STABLE"": 37}",53,26109786,26095386,,,,,30.0,,,,,,,,,,,,,,,,,,,,,,,,,,,
pc-a-bagAmsterdam-burst-pi-r2-mtgzg2k5,pi,bagAmsterdam,burst,2,20260824,pc-a,pc,2.3.5,lan,pilot,full-pilot,none,none,none,none,,False,unspecified,unknown,unknown,,,True,,0,0,0,0,0,0,0,75,38,0.5066666666666667,156.95899999996132,274.0042000000787,19.60645859246764,65,216225.09999998985,35,9,54.87556312780271,74.0,15.4429729729765,15.4429729729765,0.8648648648648649,0.8205128205128205,0.8421052631578947,508.88750000000437,33.4000000001397,100.0,0.07180020811654526,10340.300000011921,163,0,"{""PRESSURE"": 20, ""RECOVERY"": 16, ""STABLE"": 39}",184,118326426,118276026,True,4021.399999976158,17.0,2.0,36.0,,,,,,,,,,,,,,,,,,,,,,,,,,,
pc-a-bagAmsterdam-burst-pi-r3-mt8fnn9b,pi,bagAmsterdam,burst,3,20260825,pc-a,pc,2.0.0,lan,pilot,legacy,none,none,none,none,,False,unspecified,unknown,unknown,,,True,,0,0,0,0,0,0,0,79,3,0.0379746835443038,22.646000000033435,33.37000000003027,4.050123554561996,35,17510.50000000163,1,0,1.503706636859863,78.0,0.9822435897522694,0.9822435897522694,0.6666666666666666,0.6666666666666666,0.6666666666666666,508.3499999999767,16.900000000023283,33.40000000002328,0.018080068876452863,1164.4999999969732,67,0,"{""RECOVERY"": 2, ""STABLE"": 77}",68,36179030,36158630,,,,,,,,,,,,,,,,,,,,,,,,,,,,,,,,
pc-a-bagAmsterdam-burst-pi-r3-mtbcbi1m,pi,bagAmsterdam,burst,3,20260825,pc-a,pc,2.3.1,lan,pilot,full-pilot,none,none,none,none,,False,unspecified,unknown,unknown,,,True,,0,0,0,0,0,0,0,77,30,0.38961038961038963,219.38800000000768,349.29079999993724,16.04337459123615,60,276702.0000000014,46,14,69.05507141945685,76.0,17.521973684151348,17.521973684151348,0.8333333333333334,0.8333333333333334,0.8333333333333334,519.3519999999739,33.3000000002794,81.56000000019706,0.04226752859273993,1880.599999987986,171,0,"{""PRESSURE"": 25, ""RECOVERY"": 22, ""STABLE"": 30}",194,121852946,121800146,,,,,65.0,,,,,,,,,,,,,,,,,,,,,,,,,,,
pc-a-bagAmsterdam-burst-pi-r3-mtbjt0un,pi,bagAmsterdam,burst,3,20260825,pc-a,pc,2.3.2,lan,pilot,full-pilot,none,none,none,none,,False,unspecified,unknown,unknown,,,True,,0,0,0,0,0,0,0,78,6,0.07692307692307693,33.39999999990687,54.98000000002789,4.813854604330646,68,145012.8000000096,7,2,10.592205145794125,77.0,1.8475324675675113,1.8475324675675113,0.6666666666666666,0.6666666666666666,0.6666666666666666,512.5,16.9000000001397,33.39999999990687,0.012027491408934709,10214.70000000298,153,0,"{""PRESSURE"": 3, ""RECOVERY"": 5, ""STABLE"": 70}",154,104179506,104133306,,,,,42.0,,,,,,,,,,,,,,,,,,,,,,,,,,,
pc-a-bagAmsterdam-burst-pi-r3-mtgzokrv,pi,bagAmsterdam,burst,3,20260825,pc-a,pc,2.3.5,lan,pilot,full-pilot,none,none,none,none,,False,unspecified,unknown,unknown,,,False,pre-run-frame-instability,0,0,0,0,0,0,0,73,37,0.5068493150684932,238.6979999999236,249.89999999990687,30.750742416835696,62,134140.7000000095,17,5,26.805846828237332,72.0,9.773194444031422,9.773194444031422,0.9444444444444444,0.9444444444444444,0.9444444444444444,535.8029411764788,99.89999999990687,166.65899999987334,0.12905317769131,11053.799999952316,173,0,"{""PRESSURE"": 8, ""RECOVERY"": 10, ""STABLE"": 55}",174,120477366,120425166,False,60893.39999997616,117.59999999993005,30.0,44.0,,,,,,,,,,,,,,,,,,,,,,,,,,,
pc-a-bagAmsterdam-burst-pi-r3-mth0eck7,pi,bagAmsterdam,burst,3,20260825,pc-a,pc,2.3.5,lan,pilot,full-pilot,none,none,none,none,,False,unspecified,unknown,unknown,,,False,pre-run-frame-instability,0,0,0,0,0,0,0,72,72,1.0,131.7412499999964,150.70070000001488,63.540003292559526,0,0.0,1,0,1.5678855234516438,71.0,12.128028168996234,12.128028168996234,1.0,1.0,1.0,531.7112676056338,99.78000000026077,142.403999999947,0.6804733727810651,11417.199999988079,7,0,"{""PRESSURE"": 2, ""STABLE"": 70}",8,259482,257082,False,60758.39999991655,16.899999999906868,30.0,3.0,,,,,,,,,,,,,,,,,,,,,,,,,,,
pc-a-bagAmsterdam-burst-pi-r3-mth0kwng,pi,bagAmsterdam,burst,3,20260825,pc-a,pc,2.3.5,lan,pilot,full-pilot,none,none,none,none,,False,unspecified,unknown,unknown,,,True,,0,0,0,0,0,0,0,75,33,0.44,175.96900000003617,223.88100000010564,37.69488166789476,44,140413.60000000708,32,13,50.32620291420156,74.0,12.621216216239436,12.621216216239436,0.8125,0.7428571428571429,0.7761194029850748,516.6653846153596,33.39999999990687,66.69999999988359,0.06459816887080366,10773.699999988079,41,0,"{""PRESSURE"": 19, ""RECOVERY"": 14, ""STABLE"": 42}",95,21413634,21397734,True,4036.199999988079,17.0,2.0,26.0,,,,,,,,,,,,,,,,,,,,,,,,,,,
pc-a-bagAmsterdam-burst-pi-r4-mt8fxiyf,pi,bagAmsterdam,burst,4,20260826,pc-a,pc,2.0.0,lan,pilot,legacy,none,none,none,none,,False,unspecified,unknown,unknown,,,True,,0,0,0,0,0,0,0,79,0,0.0,22.605000000074412,25.013899999938822,4.049966404312246,37,18507.399999998277,1,0,1.4986923908889442,78.0,1.034358974382008,1.034358974382008,,,,,16.9000000001397,33.39999999990687,0.012903225806451613,1153.0999999984633,67,0,"{""RECOVERY"": 2, ""STABLE"": 77}",68,36179030,36158630,,,,,,,,,,,,,,,,,,,,,,,,,,,,,,,,
pc-a-bagAmsterdam-burst-pi-r4-mtbclfk3,pi,bagAmsterdam,burst,4,20260826,pc-a,pc,2.3.1,lan,pilot,full-pilot,none,none,none,none,,False,unspecified,unknown,unknown,,,True,,0,0,0,0,0,0,0,79,35,0.4430379746835443,64.39200000005998,66.61870000011055,20.058754133391545,60,94519.90000000829,21,5,31.162741233005864,78.0,4.051410256376048,4.051410256376048,0.9117647058823529,0.8611111111111112,0.8857142857142858,516.6709677419295,33.60000000009313,53.81999999991662,0.09146033350176858,1124.3999999999069,181,0,"{""PRESSURE"": 12, ""RECOVERY"": 10, ""STABLE"": 57}",182,123473842,123419242,,,,,32.0,,,,,,,,,,,,,,,,,,,,,,,,,,,
pc-a-bagAmsterdam-burst-pi-r4-mtbk2x2o,pi,bagAmsterdam,burst,4,20260826,pc-a,pc,2.3.2,lan,pilot,full-pilot,none,none,none,none,,False,unspecified,unknown,unknown,,,True,,0,0,0,0,0,0,0,78,9,0.11538461538461539,39.01375000006196,72.47499999995334,5.937026333339921,62,123278.99999999208,9,2,13.64159980598612,77.0,2.73525974026264,2.73525974026264,0.6666666666666666,0.6666666666666666,0.6666666666666666,500.06666666665114,16.9000000001397,33.4000000001397,0.015941404566996983,10160.20000000298,155,0,"{""PRESSURE"": 4, ""RECOVERY"": 6, ""STABLE"": 68}",156,106296066,106249266,,,,,46.0,,,,,,,,,,,,,,,,,,,,,,,,,,,
pc-a-bagAmsterdam-burst-pi-r4-mth04zmp,pi,bagAmsterdam,burst,4,20260826,pc-a,pc,2.3.5,lan,pilot,full-pilot,none,none,none,none,,False,unspecified,unknown,unknown,,,True,,0,0,0,0,0,0,0,73,54,0.7397260273972602,147.00799999999697,529.4681999999704,48.78636421223968,52,134039.60000026412,17,7,26.37383095406994,72.0,22.591874999975293,22.591874999975293,0.9811320754716981,0.9629629629629629,0.9719626168224299,531.75,66.6999999997206,100.39999999990687,0.2491077801570307,10169.199999988079,43,0,"{""PRESSURE"": 9, ""RECOVERY"": 9, ""STABLE"": 55}",83,46471770,46448070,True,4031.199999988079,16.899999999906868,2.0,23.0,,,,,,,,,,,,,,,,,,,,,,,,,,,
pc-a-bagAmsterdam-burst-proposed-r1-mt8fbjkb,proposed,bagAmsterdam,burst,1,20260823,pc-a,pc,2.0.0,lan,pilot,legacy,none,none,none,none,,False,unspecified,unknown,unknown,,,True,,0,0,0,0,0,0,0,79,0,0.0,17.032500000001892,24.986599999993867,7.310836012379442,0,0.0,4,0,5.999730012149455,78.0,0.9011417711575902,0.7660897435919848,,,,,16.89999999999418,33.24500000000115,0.006791171477079796,1144.700000001496,67,0,"{""INTERACTING"": 32, ""RECOVERY"": 4, ""STABLE"": 43}",68,36179030,36158630,,,,,,,,,,,,,,,,,,,,,,,,,,,,,,,,
pc-a-bagAmsterdam-burst-proposed-r1-mt9tar3u,proposed,bagAmsterdam,burst,1,20260823,pc-a,pc,2.1.0,lan,pilot,request-peak-probe,none,none,none,none,,False,unspecified,unknown,unknown,,,True,,0,0,0,0,0,0,0,79,3,0.0379746835443038,17.48299999999927,33.37000000000116,9.198332594323903,44,30116.59999999989,10,2,15.030700205169053,78.0,0.9655152225362397,0.5577564102583715,0.5,0.3333333333333333,0.4,500.0,16.800000000017462,17.0,0.005050505050505051,1157.5999999996275,67,0,"{""INTERACTING"": 30, ""PRESSURE"": 3, ""RECOVERY"": 7, ""STABLE"": 39}",68,36179030,36158630,,,,,33.0,,,,,,,,,,,,,,,,,,,,,,,,,,,
pc-a-bagAmsterdam-burst-proposed-r1-mt9venfm,proposed,bagAmsterdam,burst,1,20260823,pc-a,pc,2.1.1,lan,pilot,request-peak-probe,none,none,none,none,,False,unspecified,unknown,unknown,,,True,,0,0,0,0,0,0,0,80,4,0.05,17.649000000014592,33.60000000000582,10.51935929766499,44,30842.000000000044,12,2,17.835821265253344,79.0,0.8961007263376879,0.42531645570069704,0.6666666666666666,0.5,0.5714285714285715,500.0500000000029,16.800000000017462,16.89999999999418,0.004201680672268907,1127.9000000007509,67,0,"{""INTERACTING"": 30, ""PRESSURE"": 4, ""RECOVERY"": 8, ""STABLE"": 38}",68,36179030,36158630,,,,,32.0,,,,,,,,,,,,,,,,,,,,,,,,,,,
pc-a-bagAmsterdam-burst-proposed-r1-mt9w8be6,proposed,bagAmsterdam,burst,1,20260823,pc-a,pc,2.2.0,lan,pilot,request-peak-probe,none,none,none,none,,False,unspecified,unknown,unknown,,,True,,0,0,0,0,0,0,0,79,0,0.0,16.89999999999418,33.26100000000384,10.124248456898187,31,29579.299999999785,5,1,7.502926141195064,78.0,0.30326894342468447,0.22179487179835122,,,,,16.800000000017462,16.899999999995927,0.002092925910422771,1191.699999999997,59,0,"{""INTERACTING"": 48, ""PRESSURE"": 1, ""RECOVERY"": 4, ""STABLE"": 26}",60,30581006,30563006,,,,,29.0,,,,,,,,,,,,,,,,,,,,,,,,,,,
pc-a-bagAmsterdam-burst-proposed-r1-mt9xgsdt,proposed,bagAmsterdam,burst,1,20260823,pc-a,pc,2.2.1,lan,pilot,request-peak-probe,none,none,none,none,,False,unspecified,unknown,unknown,,,True,,0,0,0,0,0,0,0,80,0,0.0,16.89999999999418,16.89999999999418,10.042909510337537,0,0.0,4,0,5.940402907827223,79.0,0.009876945212199091,0.005189873421670834,,,,,16.800000000017462,16.89999999999418,0.0,1177.5999999977648,7,0,"{""INTERACTING"": 48, ""RECOVERY"": 4, ""STABLE"": 28}",8,259482,257082,,,,,2.0,,,,,,,,,,,,,,,,,,,,,,,,,,,
pc-a-bagAmsterdam-burst-proposed-r1-mt9yd1yh,proposed,bagAmsterdam,burst,1,20260823,pc-a,pc,2.2.1,lan,pilot,request-peak-probe,none,none,none,none,,False,unspecified,unknown,unknown,,,True,,0,0,0,0,0,0,0,80,0,0.0,16.809750000015192,16.89999999999418,10.0552801257379,0,0.0,4,0,5.94037350098387,79.0,0.010773533029171996,0.007848101268232212,,,,,16.800000000017462,16.89999999999418,0.0,1151.4999999992579,7,0,"{""INTERACTING"": 48, ""RECOVERY"": 4, ""STABLE"": 28}",8,259482,257082,,,,,3.0,,,,,,,,,,,,,,,,,,,,,,,,,,,
pc-a-bagAmsterdam-burst-proposed-r1-mtb57ysv,proposed,bagAmsterdam,burst,1,20260823,pc-a,pc,2.2.2,lan,pilot,request-peak-probe,none,none,none,none,,False,unspecified,unknown,unknown,,,True,,4,1,3,0,0,0,2,79,3,0.0379746835443038,27.26650000000142,35.46079999999022,11.223308527650074,36,77282.8999999999,6,1,8.980937959181633,78.0,1.6789333076157977,0.9011538461550245,0.6666666666666666,0.6666666666666666,0.6666666666666666,516.6499999999942,16.89999999999418,33.30000000001746,0.009373668512995313,1155.799999988085,125,0,"{""INTERACTING"": 47, ""PRESSURE"": 4, ""RECOVERY"": 3, ""STABLE"": 25}",126,84849002,84811202,,,,,52.0,,,,,,,,,,,,,,,,,,,,,,,,,,,
pc-a-bagAmsterdam-burst-proposed-r1-mtb8wk3u,proposed,bagAmsterdam,burst,1,20260823,pc-a,pc,2.3.0,lan,pilot,request-peak-probe,none,none,none,none,,False,unspecified,unknown,unknown,,,True,,0,0,0,0,0,0,0,80,0,0.0,33.14800000000716,33.300000000011714,11.248525444596105,36,79398.50000000044,7,1,10.404254844790811,79.0,0.7657702898583435,0.4333544303768437,0.0,,,,16.89999999999418,33.29999999998836,0.007227891156462585,1144.7000000000116,125,0,"{""INTERACTING"": 48, ""PRESSURE"": 4, ""RECOVERY"": 3, ""STABLE"": 25}",126,84849002,84811202,,,,,53.0,,,,,,,,,,,,,,,,,,,,,,,,,,,
pc-a-bagAmsterdam-burst-proposed-r1-mtbam4jo,proposed,bagAmsterdam,burst,1,20260823,pc-a,pc,2.3.1,lan,pilot,request-peak-probe,none,none,none,none,,False,unspecified,unknown,unknown,,,True,,3,0,2,3,1,2,2,79,0,0.0,18.53199999999813,33.29999999998836,14.184615692935129,36,45315.80000000028,8,2,12.02446979603492,78.0,0.8322908591127816,0.43730769230441635,0.0,,,,16.89999999999418,17.0,0.0037831021437578815,1152.1000000000058,96,0,"{""INTERACTING"": 45, ""PRESSURE"": 4, ""RECOVERY"": 4, ""STABLE"": 26}",97,62659162,62630062,,,,,38.0,,,,,,,,,,,,,,,,,,,,,,,,,,,
pc-a-bagAmsterdam-burst-proposed-r1-mtbbzatf,proposed,bagAmsterdam,burst,1,20260823,pc-a,pc,2.3.1,lan,pilot,full-pilot,none,none,none,none,,False,unspecified,unknown,unknown,,,True,,0,0,0,0,0,0,0,79,64,0.810126582278481,66.78649999986402,71.64680000007516,58.767776259442606,0,0.0,2,0,2.965283938292489,78.0,7.3782119490724885,5.390064102537534,0.96875,0.96875,0.96875,513.4596774193474,50.10000000009313,83.29999999981374,0.24383744170552965,1917.6000000000931,7,0,"{""INTERACTING"": 11, ""PRESSURE"": 65, ""STABLE"": 3}",8,259482,257082,,,,,2.0,,,,,,,,,,,,,,,,,,,,,,,,,,,
pc-a-bagAmsterdam-burst-proposed-r1-mtbj0mkd,proposed,bagAmsterdam,burst,1,20260823,pc-a,pc,2.3.2,lan,pilot,request-peak-probe,none,none,none,none,,False,unspecified,unknown,unknown,,,True,,1,0,0,1,1,0,0,78,0,0.0,16.90375000002241,20.691250000013845,10.084377363454015,29,36979.40000000005,5,1,7.588347333834166,77.0,0.22893892595394863,0.2263636363626953,,,,,16.89999999999418,17.0,0.0033585222502099076,10222.39999999106,80,0,"{""INTERACTING"": 47, ""PRESSURE"": 1, ""RECOVERY"": 4, ""STABLE"": 26}",81,48445650,48421350,,,,,42.0,,,,,,,,,,,,,,,,,,,,,,,,,,,
pc-a-bagAmsterdam-burst-proposed-r1-mtbjgwv5,proposed,bagAmsterdam,burst,1,20260823,pc-a,pc,2.3.2,lan,pilot,full-pilot,none,none,none,none,,False,unspecified,unknown,unknown,,,False,window-blur,2,0,1,2,1,1,1,79,0,0.0,17.0,33.26880000005383,10.05427098416261,29,37301.099999999045,6,1,9.018442715352881,78.0,0.24615145430883742,0.24179487178364822,,,,,16.900000000023283,17.0,0.00336417157275021,10173.20000000298,80,0,"{""INTERACTING"": 47, ""PRESSURE"": 2, ""RECOVERY"": 4, ""STABLE"": 26}",81,48445650,48421350,,,,,43.0,,,,,,,,,,,,,,,,,,,,,,,,,,,
pc-a-bagAmsterdam-burst-proposed-r1-mtbk544n,proposed,bagAmsterdam,burst,1,20260823,pc-a,pc,2.3.2,lan,pilot,full-pilot,none,none,none,none,,False,unspecified,unknown,unknown,,,True,,2,0,1,2,1,1,1,79,0,0.0,16.905000000132713,33.22220000006468,10.03920753914123,29,37486.80000000098,6,1,9.010925747468805,78.0,0.22705015559125963,0.22333333335655675,,,,,16.9000000001397,17.0,0.0025188916876574307,10230.70000000298,80,0,"{""INTERACTING"": 47, ""PRESSURE"": 2, ""RECOVERY"": 4, ""STABLE"": 26}",81,48445650,48421350,,,,,39.0,,,,,,,,,,,,,,,,,,,,,,,,,,,
pc-a-bagAmsterdam-burst-proposed-r1-mtchlkv8,proposed,bagAmsterdam,burst,1,20260823,pc-a,pc,2.3.3,lan,pilot,request-peak-probe,none,none,none,none,,False,unspecified,unknown,unknown,,,True,,3,0,3,0,0,0,3,79,4,0.05063291139240506,18.658000000013033,33.5,14.290507801446855,36,50554.700000000215,8,2,12.01956183688953,78.0,0.8605563143869017,0.46083333332674387,0.75,0.75,0.75,505.5666666666705,16.89999999999418,17.156000000000972,0.006321112515802781,10137.800000011921,96,0,"{""INTERACTING"": 45, ""PRESSURE"": 4, ""RECOVERY"": 4, ""STABLE"": 26}",97,62659162,62630062,True,4030.100000023842,16.79999999998836,2.0,39.0,,,,,,,,,,,,,,,,,,,,,,,,,,,
pc-a-bagAmsterdam-burst-proposed-r1-mtgr7p36,proposed,bagAmsterdam,burst,1,20260823,pc-a,pc,2.3.3,lan,pilot,request-peak-probe,none,none,none,none,,False,unspecified,unknown,unknown,,,True,,5,5,0,0,0,0,0,79,0,0.0,17.499999999999385,33.199999999974445,10.198803559748082,36,67520.00000000116,5,2,7.518476656383059,78.0,0.7572067550506697,0.4953846153859507,0.0,,,,16.89999999999418,33.199999999970316,0.00505902192242833,10142.899999976158,125,0,"{""INTERACTING"": 46, ""PRESSURE"": 5, ""RECOVERY"": 4, ""STABLE"": 24}",126,84849002,84811202,True,4032.600000023842,16.800000000017462,2.0,54.0,,,,,,,,,,,,,,,,,,,,,,,,,,,
pc-a-bagAmsterdam-burst-proposed-r1-mtgspsyx,proposed,bagAmsterdam,burst,1,20260823,pc-a,pc,2.3.4,lan,pilot,request-peak-probe,none,none,none,none,,False,unspecified,unknown,unknown,,,True,,0,0,0,0,0,0,0,77,43,0.5584415584415584,66.7010000000114,69.21039999999562,55.44151137541517,1,516.8999999999942,5,2,7.5659562233773,76.0,5.678786142086614,3.8306578947364613,0.8888888888888888,0.9302325581395349,0.9090909090909092,522.9199999999997,50.0,66.70000000001164,0.1413583655438984,10400.5,8,0,"{""INTERACTING"": 18, ""PRESSURE"": 46, ""RECOVERY"": 1, ""STABLE"": 12}",9,813058,810358,True,4033.199999988079,17.0,2.0,5.0,,,,,,,,,,,,,,,,,,,,,,,,,,,
pc-a-bagAmsterdam-burst-proposed-r1-mtgyhczu,proposed,bagAmsterdam,burst,1,20260823,pc-a,pc,2.3.5,lan,pilot,request-peak-probe,none,none,none,none,,False,unspecified,unknown,unknown,,,True,,6,3,2,3,1,2,2,75,0,0.0,17.0,33.29999999998836,12.496190230794713,36,48744.9000000004,7,2,11.042809290683545,74.0,0.8199479320923999,0.4633108108081836,0.0,,,,16.89999999999418,17.126999999999533,0.005475989890480202,10135.400000035763,96,0,"{""INTERACTING"": 43, ""PRESSURE"": 6, ""RECOVERY"": 4, ""STABLE"": 22}",97,62659162,62630062,True,4047.099999964237,16.89999999999418,2.0,45.0,,,,,,,,,,,,,,,,,,,,,,,,,,,
pc-a-bagAmsterdam-burst-proposed-r1-mtgz5osu,proposed,bagAmsterdam,burst,1,20260823,pc-a,pc,2.3.5,lan,pilot,full-pilot,none,none,none,none,,False,unspecified,unknown,unknown,,,True,,0,0,0,0,0,0,0,75,3,0.04,33.206499999966475,33.40000000004703,13.00788759649156,13,29612.700000001816,7,3,11.04263508823594,74.0,1.7839926165417008,1.0590540540766429,0.5,0.6666666666666666,0.5714285714285715,508.20000000006985,16.9000000001397,33.236000000052165,0.007610993657505285,10175.300000011921,53,0,"{""INTERACTING"": 44, ""PRESSURE"": 4, ""RECOVERY"": 3, ""STABLE"": 24}",54,27808642,27792442,True,4029.800000011921,16.899999999906868,2.0,44.0,,,,,,,,,,,,,,,,,,,,,,,,,,,
pc-a-bagAmsterdam-burst-proposed-r2-mt8ffxtl,proposed,bagAmsterdam,burst,2,20260824,pc-a,pc,2.0.0,lan,pilot,legacy,none,none,none,none,,False,unspecified,unknown,unknown,,,False,window-blur,0,0,0,0,0,0,0,79,10,0.12658227848101267,52.33300000002568,66.62199999997614,22.572633526242758,0,0.0,12,2,17.99932502531155,78.0,2.76533243651011,1.5235256410310924,0.8181818181818182,0.9,0.8571428571428572,511.14444444444314,16.900000000023283,33.49100000000208,0.015151515151515152,1191.3999999969965,67,0,"{""INTERACTING"": 27, ""PRESSURE"": 12, ""RECOVERY"": 6, ""STABLE"": 34}",68,36179030,36158630,,,,,,,,,,,,,,,,,,,,,,,,,,,,,,,,
pc-a-bagAmsterdam-burst-proposed-r2-mt8fzq67,proposed,bagAmsterdam,burst,2,20260824,pc-a,pc,2.0.0,lan,pilot,legacy,none,none,none,none,,False,unspecified,unknown,unknown,,,True,,0,0,0,0,0,0,0,79,0,0.0,18.530000000120978,33.199999999953434,9.160324151700612,0,0.0,10,2,14.993140638158026,78.0,0.9097137528518499,0.43237179486239213,0.0,,,,16.899999999906868,17.0,0.0037799244015119695,1122.6999999985565,67,0,"{""INTERACTING"": 29, ""PRESSURE"": 3, ""RECOVERY"": 7, ""STABLE"": 40}",68,36179030,36158630,,,,,,,,,,,,,,,,,,,,,,,,,,,,,,,,
pc-a-bagAmsterdam-burst-proposed-r2-mtbc3qk7,proposed,bagAmsterdam,burst,2,20260824,pc-a,pc,2.3.1,lan,pilot,full-pilot,none,none,none,none,,False,unspecified,unknown,unknown,,,True,,0,0,0,0,0,0,0,79,33,0.4177215189873418,50.65000000018627,63.20699999992968,53.68739268276923,0,0.0,6,3,8.958655803466979,78.0,3.8584898170056103,2.0347435897604242,0.9117647058823529,0.96875,0.9393939393939394,512.3774193548447,33.40000000037253,50.10000000009313,0.07198443579766536,1552.4999999939464,7,0,"{""INTERACTING"": 23, ""PRESSURE"": 34, ""RECOVERY"": 3, ""STABLE"": 19}",8,259482,257082,,,,,2.0,,,,,,,,,,,,,,,,,,,,,,,,,,,
pc-a-bagAmsterdam-burst-proposed-r2-mtbjlb0s,proposed,bagAmsterdam,burst,2,20260824,pc-a,pc,2.3.2,lan,pilot,full-pilot,none,none,none,none,,False,unspecified,unknown,unknown,,,True,,2,2,0,0,0,0,0,79,0,0.0,16.9000000001397,18.617200000049262,9.971573665074077,29,38021.79999999539,4,0,6.009795967426935,78.0,0.19806135780786505,0.1966666666844526,,,,,16.899999999906868,17.0,0.003352891869237217,10160.300000011921,80,0,"{""INTERACTING"": 47, ""PRESSURE"": 2, ""RECOVERY"": 4, ""STABLE"": 26}",81,48445650,48421350,,,,,37.0,,,,,,,,,,,,,,,,,,,,,,,,,,,
pc-a-bagAmsterdam-burst-proposed-r2-mtgzbs37,proposed,bagAmsterdam,burst,2,20260824,pc-a,pc,2.3.5,lan,pilot,full-pilot,none,none,none,none,,False,unspecified,unknown,unknown,,,True,,0,0,0,0,0,0,0,76,8,0.10526315789473684,33.404999999911524,58.914999999935354,44.116937848424804,13,13001.299999998184,8,3,12.510066694293034,75.0,3.4503596571954858,2.2625333333198583,0.5714285714285714,0.8888888888888888,0.6956521739130435,564.6000000000058,17.0,33.5,0.017543859649122806,10264.399999976158,26,0,"{""INTERACTING"": 35, ""PRESSURE"": 14, ""RECOVERY"": 3, ""STABLE"": 24}",27,11559954,11551854,True,4025.300000011921,16.799999999813735,2.0,18.0,,,,,,,,,,,,,,,,,,,,,,,,,,,
pc-a-bagAmsterdam-burst-proposed-r3-mt8fs18x,proposed,bagAmsterdam,burst,3,20260825,pc-a,pc,2.0.0,lan,pilot,legacy,none,none,none,none,,False,unspecified,unknown,unknown,,,True,,0,0,0,0,0,0,0,79,0,0.0,24.40299999998981,33.29999999993015,8.02505716463415,0,0.0,8,2,12.034659820282435,78.0,1.7763746481760416,1.1049999999871898,0.0,,,,16.899999999906868,33.29999999993015,0.00550381033022862,1137.1999999999534,67,0,"{""INTERACTING"": 30, ""PRESSURE"": 2, ""RECOVERY"": 6, ""STABLE"": 41}",68,36179030,36158630,,,,,,,,,,,,,,,,,,,,,,,,,,,,,,,,
pc-a-bagAmsterdam-burst-proposed-r3-mtbcfxqk,proposed,bagAmsterdam,burst,3,20260825,pc-a,pc,2.3.1,lan,pilot,full-pilot,none,none,none,none,,False,unspecified,unknown,unknown,,,True,,0,0,0,0,0,0,0,79,49,0.620253164556962,66.70900000014808,66.79610000017333,57.84441778976408,0,0.0,4,1,5.9600527464667925,78.0,5.4506155065764785,3.912499999976121,0.9230769230769231,0.9795918367346939,0.9504950495049506,512.1729166666724,50.0,66.79999999981374,0.14829545454545454,1993.399999997113,7,0,"{""INTERACTING"": 19, ""PRESSURE"": 52, ""RECOVERY"": 1, ""STABLE"": 7}",8,259482,257082,,,,,2.0,,,,,,,,,,,,,,,,,,,,,,,,,,,
pc-a-bagAmsterdam-burst-proposed-r3-mtbjxfbx,proposed,bagAmsterdam,burst,3,20260825,pc-a,pc,2.3.2,lan,pilot,full-pilot,none,none,none,none,,False,unspecified,unknown,unknown,,,True,,2,0,1,2,1,1,1,79,0,0.0,16.9000000001397,33.299999999953435,10.05927621986965,29,36847.300000000745,6,1,9.018442715352906,78.0,0.2267202840366208,0.22358974359887776,,,,,16.899999999906868,17.0,0.0029374737725556023,10209.09999999404,80,0,"{""INTERACTING"": 47, ""PRESSURE"": 2, ""RECOVERY"": 4, ""STABLE"": 26}",81,48445650,48421350,,,,,39.0,,,,,,,,,,,,,,,,,,,,,,,,,,,
pc-a-bagAmsterdam-burst-proposed-r3-mtgzx0fe,proposed,bagAmsterdam,burst,3,20260825,pc-a,pc,2.3.5,lan,pilot,full-pilot,none,none,none,none,,False,unspecified,unknown,unknown,,,True,,3,3,0,0,0,0,0,76,4,0.05263157894736842,23.937499999930104,46.692499999992734,34.98389210340536,21,25853.49999999767,7,2,10.941802635932385,75.0,1.5469940187039937,0.8609333332640328,0.75,0.75,0.75,511.0333333333644,16.899999999906868,17.0,0.0037831021437578815,10190.400000035763,56,0,"{""INTERACTING"": 42, ""PRESSURE"": 7, ""RECOVERY"": 4, ""STABLE"": 23}",57,31372926,31355826,True,4027.800000011921,16.800000000279397,2.0,30.0,,,,,,,,,,,,,,,,,,,,,,,,,,,
pc-a-bagAmsterdam-burst-proposed-r4-mt8fu88g,proposed,bagAmsterdam,burst,4,20260826,pc-a,pc,2.0.0,lan,pilot,legacy,none,none,none,none,,False,unspecified,unknown,unknown,,,True,,0,0,0,0,0,0,0,79,1,0.012658227848101266,23.541999999979012,33.30770000003581,7.412596304509966,0,0.0,6,2,9.01094830218715,78.0,1.924636318373585,1.4798076923057493,,0.0,,,16.900000000023283,33.39999999990687,0.010615711252653927,1141.1999999999534,67,0,"{""INTERACTING"": 31, ""PRESSURE"": 1, ""RECOVERY"": 5, ""STABLE"": 42}",68,36179030,36158630,,,,,,,,,,,,,,,,,,,,,,,,,,,,,,,,
pc-a-bagAmsterdam-burst-proposed-r4-mtbci52j,proposed,bagAmsterdam,burst,4,20260826,pc-a,pc,2.3.1,lan,pilot,full-pilot,none,none,none,none,,False,unspecified,unknown,unknown,,,True,,3,0,3,0,0,0,3,79,4,0.05063291139240506,23.66000000024898,33.5,14.213233602991947,36,49298.29999999935,8,2,11.99964001079962,78.0,1.1094913064282743,0.5901282050775173,0.75,0.75,0.75,505.5999999999379,16.899999999906868,33.10000000009313,0.004643309413254538,1142.999999997206,96,0,"{""INTERACTING"": 45, ""PRESSURE"": 4, ""RECOVERY"": 4, ""STABLE"": 26}",97,62659162,62630062,,,,,35.0,,,,,,,,,,,,,,,,,,,,,,,,,,,
pc-a-bagAmsterdam-burst-proposed-r4-mtbjzmg1,proposed,bagAmsterdam,burst,4,20260826,pc-a,pc,2.3.2,lan,pilot,full-pilot,none,none,none,none,,False,unspecified,unknown,unknown,,,True,,2,0,1,2,1,1,1,78,0,0.0,16.957500000059373,33.300000000046566,10.097565529369342,35,40515.29999999842,6,1,9.082904208160002,77.0,0.22812390288151654,0.2216883117290721,,,,,16.9000000001397,17.022999999967872,0.0021026072329688814,10156.79999999702,86,0,"{""INTERACTING"": 46, ""PRESSURE"": 2, ""RECOVERY"": 4, ""STABLE"": 26}",87,53614982,53588882,,,,,42.0,,,,,,,,,,,,,,,,,,,,,,,,,,,
pc-a-bagAmsterdam-burst-proposed-r4-mtgzze6e,proposed,bagAmsterdam,burst,4,20260826,pc-a,pc,2.3.5,lan,pilot,full-pilot,none,none,none,none,,False,unspecified,unknown,unknown,,,False,pre-run-frame-instability,0,0,0,0,0,0,0,75,35,0.4666666666666667,82.83350000017552,127.54710000007687,62.21988120005088,0,0.0,4,0,6.233490988709559,74.0,6.79241930610452,5.270540540551494,0.5925925925925926,0.9142857142857143,0.7191011235955056,521.3687500000087,33.5,66.70000000018626,0.07595573440643863,10793.0,7,0,"{""INTERACTING"": 8, ""PRESSURE"": 55, ""STABLE"": 12}",8,259482,257082,False,60839.09999984503,16.800000000279397,30.0,3.0,,,,,,,,,,,,,,,,,,,,,,,,,,,
pc-a-bagAmsterdam-burst-proposed-r4-mth0iirg,proposed,bagAmsterdam,burst,4,20260826,pc-a,pc,2.3.5,lan,pilot,full-pilot,none,none,none,none,,False,unspecified,unknown,unknown,,,True,,0,0,0,0,0,0,0,76,4,0.05263157894736842,21.053750000265424,54.17499999993015,34.41913468095844,21,33798.90000000177,8,2,12.494078327459473,75.0,1.847321260088227,1.0103999999705702,0.6,0.75,0.6666666666666665,500.0999999999379,16.899999999906868,17.0,0.00463743676222597,10154.800000011921,56,0,"{""INTERACTING"": 41, ""PRESSURE"": 5, ""RECOVERY"": 4, ""STABLE"": 26}",57,31372926,31355826,True,4030.5000000596046,16.899999999906868,2.0,32.0,,,,,,,,,,,,,,,,,,,,,,,,,,,
pc-a-bagAmsterdam-burst-reactive-r1-mt8f9cb9,reactive,bagAmsterdam,burst,1,20260823,pc-a,pc,2.0.0,lan,pilot,legacy,none,none,none,none,,False,unspecified,unknown,unknown,,,True,,0,0,0,0,0,0,0,79,0,0.0,22.605000000004566,23.117899999997473,6.041648661542806,0,0.0,4,0,5.994769563555799,78.0,0.7867948717948539,0.7867948717948539,,,,,16.900000000001455,33.39999999999418,0.012903225806451613,1188.6000000014901,67,0,"{""INTERACTING"": 31, ""RECOVERY"": 16, ""STABLE"": 32}",68,36179030,36158630,,,,,,,,,,,,,,,,,,,,,,,,,,,,,,,,
pc-a-bagAmsterdam-burst-reactive-r1-mt9t8jsg,reactive,bagAmsterdam,burst,1,20260823,pc-a,pc,2.1.0,lan,pilot,request-peak-probe,none,none,none,none,,False,unspecified,unknown,unknown,,,False,window-blur,0,0,0,0,0,0,0,79,4,0.05063291139240506,35.08950000000074,54.406500000005806,6.05080726374947,41,30009.699999999953,4,0,5.997316201000051,78.0,2.204102564102401,2.204102564102401,0.75,0.75,0.75,505.6333333333314,16.89999999999418,33.5,0.021691973969631236,1174.199999999997,67,0,"{""INTERACTING"": 32, ""RECOVERY"": 14, ""STABLE"": 33}",68,36179030,36158630,,,,,32.0,,,,,,,,,,,,,,,,,,,,,,,,,,,
pc-a-bagAmsterdam-burst-reactive-r1-mt9tf565,reactive,bagAmsterdam,burst,1,20260823,pc-a,pc,2.1.0,lan,pilot,request-peak-probe,none,none,none,none,,False,unspecified,unknown,unknown,,,True,,0,0,0,0,0,0,0,80,12,0.15,33.3999999999984,33.412100000020466,6.022253163743021,41,35448.899999999616,4,0,5.935495997249885,79.0,1.6641772151924983,1.6641772151924983,0.5,0.46153846153846156,0.48000000000000004,505.5499999999981,33.199999999953434,33.5,0.027348919276576972,1187.800000000745,67,0,"{""INTERACTING"": 32, ""PRESSURE"": 7, ""RECOVERY"": 8, ""STABLE"": 33}",68,36179030,36158630,,,,,32.0,,,,,,,,,,,,,,,,,,,,,,,,,,,
pc-a-bagAmsterdam-burst-reactive-r1-mt9vcg49,reactive,bagAmsterdam,burst,1,20260823,pc-a,pc,2.1.1,lan,pilot,request-peak-probe,none,none,none,none,,False,unspecified,unknown,unknown,,,True,,0,0,0,0,0,0,0,79,2,0.02531645569620253,33.20449999999964,33.37660000000094,6.050865438023227,41,30299.599999999984,4,0,6.004773795167156,78.0,1.8169230769228442,1.8169230769228442,0.5,0.3333333333333333,0.4,500.2000000000007,16.900000000001455,33.400000000001455,0.017649591046061126,1669.5000000011169,67,0,"{""INTERACTING"": 32, ""RECOVERY"": 13, ""STABLE"": 34}",68,36179030,36158630,,,,,29.0,,,,,,,,,,,,,,,,,,,,,,,,,,,
pc-a-bagAmsterdam-burst-reactive-r1-mt9w64c9,reactive,bagAmsterdam,burst,1,20260823,pc-a,pc,2.2.0,lan,pilot,request-peak-probe,none,none,none,none,,False,unspecified,unknown,unknown,,,True,,0,0,0,0,0,0,0,80,0,0.0,21.615000000001476,33.299999999995634,7.325355106246994,44,30083.40000000001,4,0,5.945273755084447,79.0,0.8082911392394184,0.8082911392394184,,,,,16.854999999998082,33.39999999999418,0.01148936170212766,1154.2000000000007,67,0,"{""INTERACTING"": 48, ""RECOVERY"": 8, ""STABLE"": 24}",68,36179030,36158630,,,,,31.0,,,,,,,,,,,,,,,,,,,,,,,,,,,
pc-a-bagAmsterdam-burst-reactive-r1-mt9xel0g,reactive,bagAmsterdam,burst,1,20260823,pc-a,pc,2.2.1,lan,pilot,request-peak-probe,none,none,none,none,,False,unspecified,unknown,unknown,,,True,,0,0,0,0,0,0,0,80,0,0.0,16.899999999994197,16.900000000001455,7.3360451013316625,0,0.0,4,0,5.952661459741406,79.0,0.008101265822973202,0.008101265822973202,,,,,16.80000000000291,16.900000000001455,0.0,1220.2999999992553,7,0,"{""INTERACTING"": 48, ""RECOVERY"": 8, ""STABLE"": 24}",8,259482,257082,,,,,3.0,,,,,,,,,,,,,,,,,,,,,,,,,,,
pc-a-bagAmsterdam-burst-reactive-r1-mt9yaue4,reactive,bagAmsterdam,burst,1,20260823,pc-a,pc,2.2.1,lan,pilot,request-peak-probe,none,none,none,none,,False,unspecified,unknown,unknown,,,True,,0,0,0,0,0,0,0,80,0,0.0,16.80000000000291,16.80000000000291,7.326169296205197,0,0.0,4,0,5.945259027504256,79.0,1.0039339261461062e-12,1.0039339261461062e-12,,,,,16.80000000000291,16.900000000001455,0.0,1673.5999999985106,7,0,"{""INTERACTING"": 48, ""RECOVERY"": 8, ""STABLE"": 24}",8,259482,257082,,,,,3.0,,,,,,,,,,,,,,,,,,,,,,,,,,,
pc-a-bagAmsterdam-burst-reactive-r1-mtb55r2y,reactive,bagAmsterdam,burst,1,20260823,pc-a,pc,2.2.2,lan,pilot,request-peak-probe,none,none,none,none,,False,unspecified,unknown,unknown,,,False,window-blur,0,0,0,0,0,0,0,79,12,0.1518987341772152,33.45200000000048,37.015899999994055,9.592791307605843,33,109509.1000000004,6,3,8.992131884600976,78.0,2.6057051282052828,2.6057051282052828,0.6363636363636364,0.5833333333333334,0.6086956521739131,507.12857142857166,17.0,33.730999999998886,0.02378854625550661,1151.699999994038,145,0,"{""INTERACTING"": 47, ""PRESSURE"": 12, ""RECOVERY"": 4, ""STABLE"": 16}",146,98162886,98119086,,,,,60.0,,,,,,,,,,,,,,,,,,,,,,,,,,,
pc-a-bagAmsterdam-burst-reactive-r1-mtb5ccv7,reactive,bagAmsterdam,burst,1,20260823,pc-a,pc,2.2.2,lan,pilot,request-peak-probe,none,none,none,none,,False,unspecified,unknown,unknown,,,True,,0,0,0,0,0,0,0,79,11,0.13924050632911392,33.93900000000309,38.39349999999969,8.024936748301863,41,115408.5999999994,5,1,7.478033277248095,78.0,2.294487179485244,2.294487179485244,0.6363636363636364,0.6363636363636364,0.6363636363636364,504.84285714286045,17.0,33.5,0.017398869073510223,1175.1999999940163,175,0,"{""INTERACTING"": 47, ""PRESSURE"": 7, ""RECOVERY"": 4, ""STABLE"": 21}",176,121029598,120976798,,,,,64.0,,,,,,,,,,,,,,,,,,,,,,,,,,,
pc-a-bagAmsterdam-burst-reactive-r1-mtb8ud1p,reactive,bagAmsterdam,burst,1,20260823,pc-a,pc,2.3.0,lan,pilot,request-peak-probe,none,none,none,none,,False,unspecified,unknown,unknown,,,True,,0,0,0,0,0,0,0,79,14,0.17721518987341772,35.55499999999981,62.375,7.619190292123124,60,100779.99999999991,7,3,10.521542859003809,78.0,2.628589743591043,2.628589743591043,0.7857142857142857,0.7333333333333333,0.7586206896551724,507.61818181818074,16.90000000000873,33.5,0.0243161094224924,1169.6000000029817,178,0,"{""INTERACTING"": 48, ""PRESSURE"": 10, ""RECOVERY"": 5, ""STABLE"": 16}",179,122715354,122661654,,,,,61.0,,,,,,,,,,,,,,,,,,,,,,,,,,,
pc-a-bagAmsterdam-burst-reactive-r1-mtbajxig,reactive,bagAmsterdam,burst,1,20260823,pc-a,pc,2.3.1,lan,pilot,request-peak-probe,none,none,none,none,,False,unspecified,unknown,unknown,,,True,,0,0,0,0,0,0,0,79,12,0.1518987341772152,37.48999999999874,53.9591000000003,8.407985702628693,41,99612.10000000002,7,3,10.512773019218352,78.0,2.291474358973133,2.291474358973133,0.75,0.75,0.75,503.76666666666523,16.900000000001455,33.5,0.01828471919895516,1151.0,175,0,"{""INTERACTING"": 47, ""PRESSURE"": 10, ""RECOVERY"": 5, ""STABLE"": 17}",176,121029598,120976798,,,,,71.0,,,,,,,,,,,,,,,,,,,,,,,,,,,
pc-a-bagAmsterdam-burst-reactive-r1-mtbbx2zq,reactive,bagAmsterdam,burst,1,20260823,pc-a,pc,2.3.1,lan,pilot,full-pilot,none,none,none,none,,False,unspecified,unknown,unknown,,,True,,0,0,0,0,0,0,0,79,17,0.21518987341772153,50.0,50.00220000000205,8.247202962200975,61,87049.79999998817,7,1,10.486550998344672,78.0,2.071153846129068,2.071153846129068,0.875,0.7777777777777778,0.823529411764706,507.1571428571229,19.754999999866385,33.5,0.02745792736935341,1170.599999987986,176,0,"{""INTERACTING"": 47, ""PRESSURE"": 14, ""RECOVERY"": 4, ""STABLE"": 14}",177,121902234,121849134,,,,,56.0,,,,,,,,,,,,,,,,,,,,,,,,,,,
pc-a-bagAmsterdam-burst-reactive-r1-mtbiyf8u,reactive,bagAmsterdam,burst,1,20260823,pc-a,pc,2.3.2,lan,pilot,request-peak-probe,none,none,none,none,,False,unspecified,unknown,unknown,,,True,,0,0,0,0,0,0,0,79,4,0.05063291139240506,33.309999999996215,33.400000000001455,7.215361924722863,32,83911.99999999997,4,0,6.0097508207065955,78.0,1.0249999999998332,1.0249999999998332,0.75,0.75,0.75,505.600000000001,16.900000000001455,33.30000000000291,0.008071367884451997,10165.40000000596,126,0,"{""INTERACTING"": 47, ""PRESSURE"": 2, ""RECOVERY"": 7, ""STABLE"": 23}",127,84289742,84251642,,,,,52.0,,,,,,,,,,,,,,,,,,,,,,,,,,,
pc-a-bagAmsterdam-burst-reactive-r1-mtbjephs,reactive,bagAmsterdam,burst,1,20260823,pc-a,pc,2.3.2,lan,pilot,full-pilot,none,none,none,none,,False,unspecified,unknown,unknown,,,True,,0,0,0,0,0,0,0,78,4,0.05128205128205128,33.3074999999965,33.39999999998742,7.356399440259319,32,81329.90000000107,6,2,9.109703605671259,77.0,0.8612987013068804,0.8612987013068804,0.75,0.75,0.75,505.5333333333256,16.900000000023283,33.300000000046566,0.009749894022891056,10223.300000011921,126,0,"{""INTERACTING"": 47, ""PRESSURE"": 4, ""RECOVERY"": 6, ""STABLE"": 21}",127,84289742,84251642,,,,,52.0,,,,,,,,,,,,,,,,,,,,,,,,,,,
pc-a-bagAmsterdam-burst-reactive-r1-mtchj7kl,reactive,bagAmsterdam,burst,1,20260823,pc-a,pc,2.3.3,lan,pilot,request-peak-probe,none,none,none,none,,False,unspecified,unknown,unknown,,,True,,0,0,0,0,0,0,0,79,11,0.13924050632911392,33.42999999999447,39.19309999999795,8.228652240842019,41,100570.39999999973,7,3,10.512746705380273,78.0,1.6021794871799375,1.6021794871799375,0.7272727272727273,0.7272727272727273,0.7272727272727273,502.08750000000146,16.90000000000873,33.40000000000873,0.016875811337083515,10153.59999999404,175,0,"{""INTERACTING"": 47, ""PRESSURE"": 9, ""RECOVERY"": 5, ""STABLE"": 18}",176,121029598,120976798,True,4034.2000000178814,16.80000000000291,2.0,64.0,,,,,,,,,,,,,,,,,,,,,,,,,,,
pc-a-bagAmsterdam-burst-reactive-r1-mtgr5brl,reactive,bagAmsterdam,burst,1,20260823,pc-a,pc,2.3.3,lan,pilot,request-peak-probe,none,none,none,none,,False,unspecified,unknown,unknown,,,True,,0,0,0,0,0,0,0,79,6,0.0759493670886076,33.39999999999418,33.39999999999962,7.885821041100825,41,102629.7999999995,5,1,7.5028886121156635,78.0,1.6309615384595113,1.6309615384595113,0.6666666666666666,0.6666666666666666,0.6666666666666666,504.17499999999563,16.89999999999418,33.40000000001717,0.014642549526270457,10205.299999952316,173,0,"{""INTERACTING"": 47, ""PRESSURE"": 6, ""RECOVERY"": 4, ""STABLE"": 22}",177,122181762,122128662,True,4033.400000035763,16.90000000000873,2.0,69.0,,,,,,,,,,,,,,,,,,,,,,,,,,,
pc-a-bagAmsterdam-burst-reactive-r1-mtgsnf09,reactive,bagAmsterdam,burst,1,20260823,pc-a,pc,2.3.4,lan,pilot,request-peak-probe,none,none,none,none,,False,unspecified,unknown,unknown,,,True,,0,0,0,0,0,0,0,78,15,0.19230769230769232,49.98724999999926,50.00614999999946,8.478694758452944,41,96597.49999999987,7,1,10.619119978357222,77.0,2.1398701298693745,2.1398701298693745,0.8571428571428571,0.75,0.7999999999999999,511.13333333333384,17.0,49.89999999999418,0.03225806451612903,10171.099999964237,163,0,"{""INTERACTING"": 47, ""PRESSURE"": 14, ""RECOVERY"": 4, ""STABLE"": 13}",164,113002706,112953506,True,4027.2000000476837,16.80000000000291,2.0,62.0,,,,,,,,,,,,,,,,,,,,,,,,,,,
pc-a-bagAmsterdam-burst-reactive-r1-mtgyezkx,reactive,bagAmsterdam,burst,1,20260823,pc-a,pc,2.3.5,lan,pilot,request-peak-probe,none,none,none,none,,False,unspecified,unknown,unknown,,,False,window-blur,0,0,0,0,0,0,0,76,12,0.15789473684210525,33.48874999999934,56.69999999999695,7.428834811140189,59,90091.20000000007,7,3,10.937072770594899,75.0,2.499466666666591,2.499466666666591,0.7272727272727273,0.6153846153846154,0.6666666666666667,502.15000000000146,16.90000000000873,33.5,0.021720243266724587,10248.400000035763,178,0,"{""INTERACTING"": 44, ""PRESSURE"": 8, ""RECOVERY"": 5, ""STABLE"": 19}",179,122715354,122661654,True,4025.300000011921,16.80000000000291,2.0,66.0,,,,,,,,,,,,,,,,,,,,,,,,,,,
pc-a-bagAmsterdam-burst-reactive-r1-mtgymbex,reactive,bagAmsterdam,burst,1,20260823,pc-a,pc,2.3.5,lan,pilot,request-peak-probe,none,none,none,none,,False,unspecified,unknown,unknown,,,True,,0,0,0,0,0,0,0,75,8,0.10666666666666667,44.95199999997812,78.06179999999118,9.450781128709275,33,108904.49999999959,7,2,11.051846316182795,74.0,2.5601351351320227,2.5601351351320227,0.875,0.875,0.875,519.0571428571462,16.900000000023283,33.70000000001164,0.02434705621956618,10758.699999988079,127,0,"{""INTERACTING"": 44, ""PRESSURE"": 7, ""RECOVERY"": 5, ""STABLE"": 19}",148,98715118,98670718,True,4020.800000011921,16.920000000018625,2.0,60.0,,,,,,,,,,,,,,,,,,,,,,,,,,,
pc-a-bagAmsterdam-burst-reactive-r1-mtgz3aq2,reactive,bagAmsterdam,burst,1,20260823,pc-a,pc,2.3.5,lan,pilot,full-pilot,none,none,none,none,,False,unspecified,unknown,unknown,,,False,window-blur,0,0,0,0,0,0,0,75,15,0.2,50.001499999997904,50.199999999953434,28.089165223778714,7,11650.400000000605,7,1,11.018416496143487,74.0,2.906824324308341,2.906824324308341,0.7333333333333333,0.7857142857142857,0.7586206896551724,516.645454545463,17.300000000046566,50.0,0.028251121076233184,10737.0,22,0,"{""INTERACTING"": 44, ""PRESSURE"": 11, ""RECOVERY"": 4, ""STABLE"": 16}",23,11117818,11110918,True,4034.0,17.0,2.0,26.0,,,,,,,,,,,,,,,,,,,,,,,,,,,
pc-a-bagAmsterdam-burst-reactive-r1-mtgzixh9,reactive,bagAmsterdam,burst,1,20260823,pc-a,pc,2.3.5,lan,pilot,full-pilot,none,none,none,none,,False,unspecified,unknown,unknown,,,False,pre-run-frame-instability,0,0,0,0,0,0,0,54,54,1.0,2120.990249999992,4924.935099999989,34.79765787055269,1,5600.3000000000175,4,0,6.301693580149671,49.0,124.67622448979486,124.67622448979486,1.0,1.0,1.0,535.055102040816,83.20000000000292,262.55799999999886,0.6602870813397129,13149.899999976158,9,0,"{""INTERACTING"": 34, ""PRESSURE"": 20}",10,829762,826762,False,60709.69999986887,33.424999999995634,30.0,9.0,,,,,,,,,,,,,,,,,,,,,,,,,,,
pc-a-bagAmsterdam-burst-reactive-r1-mth07hiq,reactive,bagAmsterdam,burst,1,20260823,pc-a,pc,2.3.5,lan,pilot,full-pilot,none,none,none,none,,False,unspecified,unknown,unknown,,,False,pre-run-frame-instability,0,0,0,0,0,0,0,73,66,0.9041095890410958,127.32999999990678,132.13719999990238,47.835338083061316,5,5300.199999998789,4,0,6.307274652902745,72.0,10.5353472222076,10.5353472222076,0.9846153846153847,0.9552238805970149,0.9696969696969696,531.2765625000029,66.79999999981374,116.66499999985099,0.35194174757281554,10862.400000035763,12,0,"{""INTERACTING"": 43, ""PRESSURE"": 30}",13,2220566,2216666,False,60994.700000047684,82.63499999975313,30.0,10.0,,,,,,,,,,,,,,,,,,,,,,,,,,,
pc-a-bagAmsterdam-burst-reactive-r1-mth0jpn5,reactive,bagAmsterdam,burst,1,20260823,pc-a,pc,2.3.5,lan,pilot,full-pilot,none,none,none,none,,False,unspecified,unknown,unknown,,,True,,0,0,0,0,0,0,0,75,26,0.3466666666666667,90.10350000020344,111.71189999998772,9.488186093224463,28,66904.89999999758,8,3,12.554074058575186,74.0,3.805878378333823,3.805878378333823,0.92,0.8518518518518519,0.8846153846153846,517.4130434782406,50.0,66.8000000002794,0.09754825247782994,10175.099999964237,121,0,"{""INTERACTING"": 43, ""PRESSURE"": 15, ""RECOVERY"": 4, ""STABLE"": 13}",122,76859814,76823214,True,4028.699999988079,16.800000000279397,2.0,51.0,,,,,,,,,,,,,,,,,,,,,,,,,,,
pc-a-bagAmsterdam-burst-reactive-r2-mt8fi5b7,reactive,bagAmsterdam,burst,2,20260824,pc-a,pc,2.0.0,lan,pilot,legacy,none,none,none,none,,False,unspecified,unknown,unknown,,,True,,0,0,0,0,0,0,0,79,3,0.0379746835443038,23.301499999989925,33.41979999997199,6.044988875278124,0,0.0,4,0,5.9998500037499145,78.0,0.8007692307663231,0.8007692307663231,0.6666666666666666,0.6666666666666666,0.6666666666666666,508.3500000000058,16.900000000023283,33.399999999965075,0.01117798796216681,1135.5999999985215,67,0,"{""INTERACTING"": 31, ""RECOVERY"": 16, ""STABLE"": 32}",68,36179030,36158630,,,,,,,,,,,,,,,,,,,,,,,,,,,,,,,,
pc-a-bagAmsterdam-burst-reactive-r2-mtbc5ye0,reactive,bagAmsterdam,burst,2,20260824,pc-a,pc,2.3.1,lan,pilot,full-pilot,none,none,none,none,,False,unspecified,unknown,unknown,,,True,,0,0,0,0,0,0,0,79,8,0.10126582278481013,42.605999999874925,85.24259999991713,7.940236306331884,55,96351.29999998445,7,3,10.456032383825963,78.0,2.3782051281824383,2.3782051281824383,0.8571428571428571,0.75,0.7999999999999999,508.3833333333799,16.90000000037253,39.468000000028155,0.02207505518763797,1185.199999988079,175,0,"{""INTERACTING"": 48, ""PRESSURE"": 8, ""RECOVERY"": 5, ""STABLE"": 18}",181,128168762,128114462,,,,,63.0,,,,,,,,,,,,,,,,,,,,,,,,,,,
pc-a-bagAmsterdam-burst-reactive-r2-mtbjni3e,reactive,bagAmsterdam,burst,2,20260824,pc-a,pc,2.3.2,lan,pilot,full-pilot,none,none,none,none,,False,unspecified,unknown,unknown,,,True,,0,0,0,0,0,0,0,78,0,0.0,33.20000000005996,33.25500000000466,7.258986398350977,32,82322.5999999945,4,0,6.055269472106704,77.0,1.5116233766583966,1.5116233766583966,,,,,16.9000000001397,33.199999999953434,0.005922165820642978,10194.29999999702,126,0,"{""INTERACTING"": 46, ""RECOVERY"": 7, ""STABLE"": 25}",127,84289742,84251642,,,,,53.0,,,,,,,,,,,,,,,,,,,,,,,,,,,
pc-a-bagAmsterdam-burst-reactive-r2-mtgze653,reactive,bagAmsterdam,burst,2,20260824,pc-a,pc,2.3.5,lan,pilot,full-pilot,none,none,none,none,,False,unspecified,unknown,unknown,,,True,,0,0,0,0,0,0,0,76,10,0.13157894736842105,34.68750000011926,58.29999999993015,9.342571684704264,40,62627.40000000014,6,3,9.354415413997787,75.0,2.451866666661102,2.451866666661102,0.7777777777777778,0.7,0.7368421052631577,509.528571428598,16.9000000001397,33.60000000009313,0.022608695652173914,10177.400000035763,105,0,"{""INTERACTING"": 44, ""PRESSURE"": 10, ""RECOVERY"": 4, ""STABLE"": 18}",106,66330646,66298846,True,36928.90000003576,16.800000000046566,18.0,50.0,,,,,,,,,,,,,,,,,,,,,,,,,,,
pc-a-bagAmsterdam-burst-reactive-r3-mt8fmjin,reactive,bagAmsterdam,burst,3,20260825,pc-a,pc,2.0.0,lan,pilot,legacy,none,none,none,none,,False,unspecified,unknown,unknown,,,True,,0,0,0,0,0,0,0,79,3,0.0379746835443038,33.23550000001793,33.47830000000505,6.051531210990914,0,0.0,4,0,5.979833013163104,78.0,1.7847435897363824,1.7847435897363824,0.6666666666666666,0.6666666666666666,0.6666666666666666,508.20000000001164,16.900000000023283,33.40000000002328,0.015040825096691019,1157.5,67,0,"{""INTERACTING"": 32, ""RECOVERY"": 15, ""STABLE"": 32}",68,36179030,36158630,,,,,,,,,,,,,,,,,,,,,,,,,,,,,,,,
pc-a-bagAmsterdam-burst-reactive-r3-mtbcae94,reactive,bagAmsterdam,burst,3,20260825,pc-a,pc,2.3.1,lan,pilot,full-pilot,none,none,none,none,,False,unspecified,unknown,unknown,,,True,,0,0,0,0,0,0,0,79,26,0.3291139240506329,54.57599999995899,66.70000000018626,18.11122756615319,17,40104.19999999693,7,2,10.456058414512984,78.0,2.99256410256345,2.99256410256345,0.8846153846153846,0.8846153846153846,0.8846153846153846,513.7869565217634,33.39999999990687,50.700000000186265,0.055687767729652546,1408.8999999938533,53,0,"{""INTERACTING"": 47, ""PRESSURE"": 14, ""RECOVERY"": 4, ""STABLE"": 14}",62,27808642,27792442,,,,,40.0,,,,,,,,,,,,,,,,,,,,,,,,,,,
pc-a-bagAmsterdam-burst-reactive-r3-mtbjrxcf,reactive,bagAmsterdam,burst,3,20260825,pc-a,pc,2.3.2,lan,pilot,full-pilot,none,none,none,none,,False,unspecified,unknown,unknown,,,True,,0,0,0,0,0,0,0,79,3,0.0379746835443038,33.22299999984912,33.356099999968194,7.286089699107421,32,80794.10000000196,6,2,9.018510492786465,78.0,1.1108974359120605,1.1108974359120605,0.6666666666666666,0.5,0.5714285714285715,500.05000000004657,16.9000000001397,33.299999999813735,0.007643312101910828,10140.29999999702,126,0,"{""INTERACTING"": 47, ""PRESSURE"": 3, ""RECOVERY"": 7, ""STABLE"": 22}",127,84289742,84251642,,,,,52.0,,,,,,,,,,,,,,,,,,,,,,,,,,,
pc-a-bagAmsterdam-burst-reactive-r3-mtgzm5cw,reactive,bagAmsterdam,burst,3,20260825,pc-a,pc,2.3.5,lan,pilot,full-pilot,none,none,none,none,,False,unspecified,unknown,unknown,,,False,pre-run-frame-instability,0,0,0,0,0,0,0,75,75,1.0,62.80000000002559,74.16999999976244,47.99664158283669,6,8699.999999998137,4,0,6.257920180228116,74.0,2.225270270285,2.225270270285,1.0,1.0,1.0,511.50405405405155,50.0,66.60000000009313,0.3343328335832084,10844.5,13,0,"{""INTERACTING"": 44, ""PRESSURE"": 31}",14,2237270,2233070,False,60769.600000202656,50.0,30.0,10.0,,,,,,,,,,,,,,,,,,,,,,,,,,,
pc-a-bagAmsterdam-burst-reactive-r3-mth0cwwo,reactive,bagAmsterdam,burst,3,20260825,pc-a,pc,2.3.5,lan,pilot,full-pilot,none,none,none,none,,False,unspecified,unknown,unknown,,,True,,0,0,0,0,0,0,0,75,25,0.3333333333333333,50.10000000009313,65.55679999982742,34.42183732097538,6,7299.5999999996275,5,2,7.8634485940153525,74.0,4.837297297287352,4.837297297287352,0.7916666666666666,0.76,0.7755102040816326,512.2894736842105,33.39999999990687,50.0,0.05345316934720908,10801.099999964237,13,0,"{""INTERACTING"": 43, ""PRESSURE"": 18, ""RECOVERY"": 1, ""STABLE"": 13}",14,2237270,2233070,True,14141.799999952316,17.225000000093132,7.0,10.0,,,,,,,,,,,,,,,,,,,,,,,,,,,
pc-a-bagAmsterdam-burst-reactive-r4-mt8fymg1,reactive,bagAmsterdam,burst,4,20260826,pc-a,pc,2.0.0,lan,pilot,legacy,none,none,none,none,,False,unspecified,unknown,unknown,,,True,,0,0,0,0,0,0,0,79,0,0.0,23.66449999992605,33.214299999966755,6.0391244316720405,0,0.0,4,0,5.992255010399032,78.0,0.7826923076918554,0.7826923076918554,,,,,16.899999999906868,33.39999999990687,0.013310433662516101,1151.2999999970198,67,0,"{""INTERACTING"": 32, ""RECOVERY"": 15, ""STABLE"": 32}",68,36179030,36158630,,,,,,,,,,,,,,,,,,,,,,,,,,,,,,,,
pc-a-bagAmsterdam-burst-reactive-r4-mtbcmjbp,reactive,bagAmsterdam,burst,4,20260826,pc-a,pc,2.3.1,lan,pilot,full-pilot,none,none,none,none,,False,unspecified,unknown,unknown,,,True,,0,0,0,0,0,0,0,79,35,0.4430379746835443,50.250000000023284,62.58480000002635,15.709552462680413,13,40965.5999999959,6,2,8.910648472442665,78.0,4.58038461534843,4.58038461534843,0.8857142857142857,0.8611111111111112,0.8732394366197184,510.7806451612663,33.5,66.5,0.0845,2096.7000000001863,53,0,"{""INTERACTING"": 48, ""PRESSURE"": 16, ""RECOVERY"": 3, ""STABLE"": 12}",54,27808642,27792442,,,,,43.0,,,,,,,,,,,,,,,,,,,,,,,,,,,
pc-a-bagAmsterdam-burst-reactive-r4-mtbk40lb,reactive,bagAmsterdam,burst,4,20260826,pc-a,pc,2.3.2,lan,pilot,full-pilot,none,none,none,none,,False,unspecified,unknown,unknown,,,True,,0,0,0,0,0,0,0,79,4,0.05063291139240506,33.30700000003679,33.5,7.311160817045426,32,85218.89999999618,6,2,9.007115621340828,78.0,1.4874358974615087,1.4874358974615087,0.75,0.75,0.75,505.56666666665114,16.9000000001397,33.39999999990687,0.010665529010238909,10177.70000000298,132,0,"{""INTERACTING"": 47, ""PRESSURE"": 4, ""RECOVERY"": 6, ""STABLE"": 22}",133,89459074,89419174,,,,,55.0,,,,,,,,,,,,,,,,,,,,,,,,,,,
pc-a-bagAmsterdam-burst-reactive-r4-mth066t9,reactive,bagAmsterdam,burst,4,20260826,pc-a,pc,2.3.5,lan,pilot,full-pilot,none,none,none,none,,False,unspecified,unknown,unknown,,,True,,0,0,0,0,0,0,0,75,45,0.6,67.20949999988076,272.10840000008596,40.69448763657883,9,16333.899999998976,6,2,9.423738397022122,74.0,10.23641891890155,10.23641891890155,0.8888888888888888,0.8888888888888888,0.8888888888888888,513.7675000000047,33.5,66.64299999993295,0.08478038815117467,10807.600000023842,16,0,"{""INTERACTING"": 43, ""PRESSURE"": 23, ""RECOVERY"": 1, ""STABLE"": 8}",17,4654018,4648918,True,8062.0,21.930000000121026,4.0,11.0,,,,,,,,,,,,,,,,,,,,,,,,,,,
pc-a-bagAmsterdam-pressureBurst-cesiumDynamic-r1-mth9bc13,cesiumDynamic,bagAmsterdam,pressureBurst,1,20260823,pc-a,pc,2.3.6,lan,pilot,request-peak-probe-v2.3.6-pressure-burst,none,none,none,none,,False,unspecified,unknown,unknown,,,True,,0,0,0,0,0,0,0,76,1,0.013157894736842105,16.90500000002212,28.826249999990942,16.0,1,1516.7999999999884,0,0,0.0,75.0,0.4599999999965077,0.4599999999965077,0.0,,,,16.900000000023283,17.022999999994646,0.005046257359125316,10699.0,9,0,"{""STABLE"": 76}",10,829762,826762,True,12109.900000095367,17.02499999999418,6.0,10.0,,,,,,,,,,,,,,,,,,,,,,,,,,,
pc-a-bagAmsterdam-pressureBurst-cesiumDynamic-r1-mtha9ztl,cesiumDynamic,bagAmsterdam,pressureBurst,1,20260823,pc-a,pc,2.3.6,lan,pilot,full-pilot-v2.3.6-pressure-burst,none,none,none,none,,False,unspecified,unknown,unknown,,,True,,0,0,0,0,0,0,0,76,0,0.0,16.9000000001397,16.9000000001397,16.0,1,1500.1999999997206,0,0,0.0,75.0,0.013333333327124516,0.013333333327124516,,,,,16.899999999906868,17.0,0.0008340283569641367,10187.099999964237,9,0,"{""STABLE"": 76}",10,829762,826762,True,4042.0,16.800000000046566,2.0,9.0,,,,,,,,,,,,,,,,,,,,,,,,,,,
pc-a-bagAmsterdam-pressureBurst-cesiumDynamic-r2-mthail8i,cesiumDynamic,bagAmsterdam,pressureBurst,2,20260824,pc-a,pc,2.3.6,lan,pilot,full-pilot-v2.3.6-pressure-burst,none,none,none,none,,False,unspecified,unknown,unknown,,,True,,0,0,0,0,0,0,0,76,0,0.0,16.899999999906868,16.899999999930152,16.0,1,1516.6999999997206,0,0,0.0,75.0,0.025533333251252753,0.025533333251252753,,,,,16.899999999906868,16.90000000037253,0.00041684035014589413,10155.300000011921,9,0,"{""STABLE"": 76}",10,829762,826762,True,4031.7999999523163,16.899999999906868,2.0,9.0,,,,,,,,,,,,,,,,,,,,,,,,,,,
pc-a-bagAmsterdam-pressureBurst-cesiumDynamic-r3-mthanzas,cesiumDynamic,bagAmsterdam,pressureBurst,3,20260825,pc-a,pc,2.3.6,lan,pilot,full-pilot-v2.3.6-pressure-burst,none,none,none,none,,False,unspecified,unknown,unknown,,,True,,0,0,0,0,0,0,0,76,0,0.0,16.899999999906868,16.900000000040748,16.0,1,1000.2999999998137,0,0,0.0,75.0,0.021599999932572302,0.021599999932572302,,,,,16.899999999906868,16.90000000037253,0.0,10305.399999976158,8,0,"{""STABLE"": 76}",9,813058,810358,True,4029.899999976158,16.800000000279397,2.0,7.0,,,,,,,,,,,,,,,,,,,,,,,,,,,
pc-a-bagAmsterdam-pressureBurst-cesiumDynamic-r4-mthaw2m7,cesiumDynamic,bagAmsterdam,pressureBurst,4,20260826,pc-a,pc,2.3.6,lan,pilot,full-pilot-v2.3.6-pressure-burst,none,none,none,none,,False,unspecified,unknown,unknown,,,True,,0,0,0,0,0,0,0,76,0,0.0,16.899999999906868,16.899999999906868,16.0,1,1033.2000000001863,0,0,0.0,75.0,0.011999999967714151,0.011999999967714151,,,,,16.800000000279397,16.899999999906868,0.0004166666666666667,10258.899999976158,8,0,"{""STABLE"": 76}",9,813058,810358,True,4026.9999999403954,16.800000000279397,2.0,7.0,,,,,,,,,,,,,,,,,,,,,,,,,,,
pc-a-bagAmsterdam-pressureBurst-fixed16-r1-mth96izf,fixed16,bagAmsterdam,pressureBurst,1,20260823,pc-a,pc,2.3.6,lan,pilot,request-peak-probe-v2.3.6-pressure-burst,none,none,none,none,,False,unspecified,unknown,unknown,,,True,,0,0,0,0,0,0,0,76,0,0.0,16.90000000000873,16.90000000000873,16.0,12,17768.20000000017,0,0,0.0,75.0,0.019733333333026907,0.019733333333026907,,,,,16.89999999999418,17.0,0.00041718815185648727,10158.800000011921,30,0,"{""STABLE"": 76}",31,15454198,15444898,True,4017.400000035763,16.89999999999418,2.0,20.0,,,,,,,,,,,,,,,,,,,,,,,,,,,
pc-a-bagAmsterdam-pressureBurst-fixed16-r1-mtha40lp,fixed16,bagAmsterdam,pressureBurst,1,20260823,pc-a,pc,2.3.6,lan,pilot,full-pilot-v2.3.6-pressure-burst,none,none,none,none,,False,unspecified,unknown,unknown,,,True,,0,0,0,0,0,0,0,76,0,0.0,21.57499999997672,33.200000000186265,16.0,12,17765.200000001118,0,0,0.0,75.0,0.4520000000021732,0.4520000000021732,,,,,16.899999999906868,17.199999999953434,0.003781512605042017,10159.900000035763,30,0,"{""STABLE"": 76}",31,15454198,15444898,True,4019.4999999403954,16.800000000046566,2.0,26.0,,,,,,,,,,,,,,,,,,,,,,,,,,,
pc-a-bagAmsterdam-pressureBurst-fixed16-r2-mthag664,fixed16,bagAmsterdam,pressureBurst,2,20260824,pc-a,pc,2.3.6,lan,pilot,full-pilot-v2.3.6-pressure-burst,none,none,none,none,,False,unspecified,unknown,unknown,,,False,pre-run-frame-instability,0,0,0,0,0,0,0,76,0,0.0,16.899999999906868,16.899999999912687,16.0,11,13570.399999998976,0,0,0.0,75.0,0.016133333292479315,0.016133333292479315,,,,,16.800000000279397,16.90000000037253,0.0016722408026755853,10225.699999988079,30,0,"{""STABLE"": 76}",31,15454198,15444898,False,61075.30000013113,16.800000000279397,30.0,23.0,,,,,,,,,,,,,,,,,,,,,,,,,,,
pc-a-bagAmsterdam-pressureBurst-fixed16-r2-mthb39lo,fixed16,bagAmsterdam,pressureBurst,2,20260824,pc-a,pc,2.3.6,lan,pilot,full-pilot-v2.3.6-pressure-burst,none,none,none,none,,False,unspecified,unknown,unknown,,,True,,0,0,0,0,0,0,0,76,1,0.013157894736842105,33.29999999988358,33.322500000195575,16.0,11,20799.89999999944,0,0,0.0,75.0,0.6511333333666757,0.6511333333666757,0.0,0.0,,,16.899999999906868,33.299999999813735,0.007659574468085106,10182.299999952316,30,0,"{""STABLE"": 76}",31,15454198,15444898,True,61141.5,16.800000000279397,30.0,34.0,,,,,,,,,,,,,,,,,,,,,,,,,,,
pc-a-bagAmsterdam-pressureBurst-fixed16-r3-mthap624,fixed16,bagAmsterdam,pressureBurst,3,20260825,pc-a,pc,2.3.6,lan,pilot,full-pilot-v2.3.6-pressure-burst,none,none,none,none,,False,unspecified,unknown,unknown,,,True,,0,0,0,0,0,0,0,76,0,0.0,16.899999999906868,16.899999999906868,16.0,11,17115.5,0,0,0.0,75.0,0.01619999993965024,0.01619999993965024,,,,,16.800000000279397,16.90000000037253,0.0012526096033402922,10257.799999952316,30,0,"{""STABLE"": 76}",31,15454198,15444898,True,4031.2000000476837,16.800000000279397,2.0,22.0,,,,,,,,,,,,,,,,,,,,,,,,,,,
pc-a-bagAmsterdam-pressureBurst-fixed16-r4-mtharjh6,fixed16,bagAmsterdam,pressureBurst,4,20260826,pc-a,pc,2.3.6,lan,pilot,full-pilot-v2.3.6-pressure-burst,none,none,none,none,,False,unspecified,unknown,unknown,,,True,,0,0,0,0,0,0,0,76,2,0.02631578947368421,20.99999999995343,33.36500000003725,16.0,11,17684.49999999767,0,0,0.0,75.0,0.44866666667380656,0.44866666667380656,0.5,0.5,0.5,500.0,16.800000000279397,17.0,0.003357112882920688,10239.0,30,0,"{""STABLE"": 76}",31,15454198,15444898,True,4021.099999964237,16.800000000279397,2.0,24.0,,,,,,,,,,,,,,,,,,,,,,,,,,,
pc-a-bagAmsterdam-pressureBurst-fixed8-r1-mth9a30s,fixed8,bagAmsterdam,pressureBurst,1,20260823,pc-a,pc,2.3.6,lan,pilot,request-peak-probe-v2.3.6-pressure-burst,none,none,none,none,,False,unspecified,unknown,unknown,,,True,,0,0,0,0,0,0,0,73,53,0.726027397260274,141.05799999996816,379.8975999999722,8.0,52,175559.80000000104,0,0,0.0,72.0,17.999305555553367,17.999305555553367,0.9615384615384616,0.9433962264150944,0.9523809523809524,517.3540000000003,50.0,100.39200000000648,0.1574468085106383,10613.600000023842,115,0,"{""STABLE"": 73}",116,77906274,77871474,True,6090.5,17.140000000002328,3.0,44.0,,,,,,,,,,,,,,,,,,,,,,,,,,,
pc-a-bagAmsterdam-pressureBurst-fixed8-r1-mtha7kva,fixed8,bagAmsterdam,pressureBurst,1,20260823,pc-a,pc,2.3.6,lan,pilot,full-pilot-v2.3.6-pressure-burst,none,none,none,none,,False,unspecified,unknown,unknown,,,False,pre-run-frame-instability,0,0,0,0,0,0,0,75,0,0.0,22.1150000000174,26.092399999954218,8.0,53,71301.00000000419,0,0,0.0,74.0,0.6413513513552492,0.6413513513552492,,,,,16.9000000001397,33.4000000001397,0.013230900554844216,10162.899999976158,115,0,"{""STABLE"": 75}",116,77906274,77871474,False,60981.19999986887,16.800000000046566,30.0,42.0,,,,,,,,,,,,,,,,,,,,,,,,,,,
pc-a-bagAmsterdam-pressureBurst-fixed8-r1-mthb22pb,fixed8,bagAmsterdam,pressureBurst,1,20260823,pc-a,pc,2.3.6,lan,pilot,full-pilot-v2.3.6-pressure-burst,none,none,none,none,,False,unspecified,unknown,unknown,,,True,,0,0,0,0,0,0,0,76,9,0.11842105263157894,33.467499999812574,83.84999999999995,8.0,53,121256.29999999888,0,0,0.0,75.0,3.766933333342895,3.766933333342895,0.75,0.6666666666666666,0.7058823529411765,511.06666666672874,16.90000000037253,33.5,0.02243730752309723,10267.299999952316,115,0,"{""STABLE"": 76}",116,77906274,77871474,True,4040.199999988079,16.800000000279397,2.0,43.0,,,,,,,,,,,,,,,,,,,,,,,,,,,
pc-a-bagAmsterdam-pressureBurst-fixed8-r2-mthacdqq,fixed8,bagAmsterdam,pressureBurst,2,20260824,pc-a,pc,2.3.6,lan,pilot,full-pilot-v2.3.6-pressure-burst,none,none,none,none,,False,unspecified,unknown,unknown,,,True,,0,0,0,0,0,0,0,75,6,0.08,37.35599999996828,47.509999999985936,8.0,50,55205.39999999432,0,0,0.0,74.0,2.2567567567715314,2.2567567567715314,0.6666666666666666,0.6666666666666666,0.6666666666666666,512.5,16.9000000001397,33.5,0.016766981943250214,10166.400000035763,115,0,"{""STABLE"": 75}",116,77906274,77871474,True,4023.600000023842,16.899999999906868,2.0,39.0,,,,,,,,,,,,,,,,,,,,,,,,,,,
pc-a-bagAmsterdam-pressureBurst-fixed8-r3-mthamm9m,fixed8,bagAmsterdam,pressureBurst,3,20260825,pc-a,pc,2.3.6,lan,pilot,full-pilot-v2.3.6-pressure-burst,none,none,none,none,,False,unspecified,unknown,unknown,,,True,,0,0,0,0,0,0,0,75,4,0.05333333333333334,33.3335000001546,33.56579999987129,8.0,51,67373.59999997402,0,0,0.0,74.0,2.161824324289708,2.161824324289708,0.5,0.5,0.5,508.35000000009313,16.90000000037253,33.5,0.01777970511708586,10203.900000035763,119,0,"{""STABLE"": 75}",120,80932294,80896294,True,12141.600000023842,16.800000000279397,6.0,43.0,,,,,,,,,,,,,,,,,,,,,,,,,,,
pc-a-bagAmsterdam-pressureBurst-fixed8-r4-mthatx0o,fixed8,bagAmsterdam,pressureBurst,4,20260826,pc-a,pc,2.3.6,lan,pilot,full-pilot-v2.3.6-pressure-burst,none,none,none,none,,False,unspecified,unknown,unknown,,,True,,0,0,0,0,0,0,0,75,10,0.13333333333333333,43.601500000064156,59.88539999989178,8.0,52,121430.39999999246,0,0,0.0,74.0,4.081081081091768,4.081081081091768,0.6,0.6,0.6,508.3666666666201,16.899999999906868,33.60000000009313,0.02106186924089513,10197.0,122,0,"{""STABLE"": 75}",123,82352086,82315186,True,48867.99999976158,16.899999999906868,24.0,40.0,,,,,,,,,,,,,,,,,,,,,,,,,,,
pc-a-bagAmsterdam-pressureBurst-pi-r1-mth98w8k,pi,bagAmsterdam,pressureBurst,1,20260823,pc-a,pc,2.3.6,lan,pilot,request-peak-probe-v2.3.6-pressure-burst,none,none,none,none,,False,unspecified,unknown,unknown,,,True,,0,0,0,0,0,0,0,76,27,0.35526315789473684,50.0,50.065000000003785,7.04819837735682,64,105447.00000000105,13,4,20.27654082213574,75.0,3.308799999999775,3.308799999999775,0.8461538461538461,0.8148148148148148,0.830188679245283,508.3545454545476,33.30000000001746,34.15599999999637,0.04863636363636364,10176.5,170,0,"{""PRESSURE"": 6, ""RECOVERY"": 8, ""STABLE"": 62}",178,129201942,129148542,True,4022.800000011921,16.89999999999418,2.0,49.0,,,,,,,,,,,,,,,,,,,,,,,,,,,
pc-a-bagAmsterdam-pressureBurst-pi-r1-mtha6dvb,pi,bagAmsterdam,pressureBurst,1,20260823,pc-a,pc,2.3.6,lan,pilot,full-pilot-v2.3.6-pressure-burst,none,none,none,none,,False,unspecified,unknown,unknown,,,True,,0,0,0,0,0,0,0,75,45,0.6,70.7439999999082,77.19499999992414,24.682539723785208,64,104557.69999999017,22,5,34.29952318465876,74.0,5.231959459447061,5.231959459447061,0.9090909090909091,0.8695652173913043,0.888888888888889,517.9350000000035,50.0,66.70000000007451,0.11519740400216333,10220.5,168,0,"{""PRESSURE"": 12, ""RECOVERY"": 11, ""STABLE"": 52}",171,122114398,122063098,True,4042.600000023842,16.800000000046566,2.0,45.0,,,,,,,,,,,,,,,,,,,,,,,,,,,
pc-a-bagAmsterdam-pressureBurst-pi-r2-mthaer7a,pi,bagAmsterdam,pressureBurst,2,20260824,pc-a,pc,2.3.6,lan,pilot,full-pilot-v2.3.6-pressure-burst,none,none,none,none,,False,unspecified,unknown,unknown,,,True,,0,0,0,0,0,0,0,75,17,0.22666666666666666,74.99899999999417,173.37659999986926,8.14875412710148,67,143061.40000001108,20,6,31.494575059446166,74.0,7.147432432412729,7.147432432412729,0.7647058823529411,0.7647058823529411,0.7647058823529412,506.46923076927374,17.100000000093132,33.89999999990687,0.02830188679245283,10237.800000011921,171,0,"{""PRESSURE"": 10, ""RECOVERY"": 11, ""STABLE"": 54}",175,126074294,126021794,True,14217.49999988079,16.800000000279397,7.0,49.0,,,,,,,,,,,,,,,,,,,,,,,,,,,
pc-a-bagAmsterdam-pressureBurst-pi-r3-mthakyoq,pi,bagAmsterdam,pressureBurst,3,20260825,pc-a,pc,2.3.6,lan,pilot,full-pilot-v2.3.6-pressure-burst,none,none,none,none,,False,unspecified,unknown,unknown,,,True,,0,0,0,0,0,0,0,73,64,0.8767123287671232,340.38600000004203,644.9230000000307,51.619270736321134,58,154209.39999998687,14,3,22.03689080458241,71.0,20.15359154930143,20.15359154930143,0.9838709677419355,0.9682539682539683,0.976,515.0459016393488,66.60000000009313,100.05500000005122,0.26448736998514116,10781.199999988079,52,0,"{""PRESSURE"": 9, ""RECOVERY"": 6, ""STABLE"": 58}",74,51583434,51561234,True,24445.400000035763,17.0,12.0,16.0,,,,,,,,,,,,,,,,,,,,,,,,,,,
pc-a-bagAmsterdam-pressureBurst-pi-r4-mthax9eh,pi,bagAmsterdam,pressureBurst,4,20260826,pc-a,pc,2.3.6,lan,pilot,full-pilot-v2.3.6-pressure-burst,none,none,none,none,,False,unspecified,unknown,unknown,,,True,,0,0,0,0,0,0,0,74,56,0.7567567567567568,116.62524999995017,116.70000000018626,32.00358632193508,67,110354.4000000176,19,5,29.712260216847376,73.0,7.7789041096092655,7.7789041096092655,0.9454545454545454,0.9285714285714286,0.9369369369369368,520.5269230769302,66.8000000002794,116.60000000009313,0.2059800664451827,10199.300000011921,164,0,"{""PRESSURE"": 12, ""RECOVERY"": 8, ""STABLE"": 54}",168,120062394,120011994,True,4019.199999988079,16.800000000279397,2.0,36.0,,,,,,,,,,,,,,,,,,,,,,,,,,,
pc-a-bagAmsterdam-pressureBurst-proposed-r1-mth97ply,proposed,bagAmsterdam,pressureBurst,1,20260823,pc-a,pc,2.3.6,lan,pilot,request-peak-probe-v2.3.6-pressure-burst,none,none,none,none,,False,unspecified,unknown,unknown,,,True,,6,3,3,0,0,0,3,75,4,0.05333333333333334,25.440999999993302,33.42079999999539,13.860847910433252,38,67591.20000000045,11,2,17.337532869072728,74.0,1.0303187873266009,0.5991216216215302,0.75,0.75,0.75,505.6000000000058,16.89999999999418,33.23400000000374,0.0076045627376425855,10137.199999988079,129,0,"{""INTERACTING"": 27, ""PRESSURE"": 6, ""RECOVERY"": 7, ""STABLE"": 35}",130,88418782,88379782,True,4030.7999999523163,16.800000000017462,2.0,59.0,,,,,,,,,,,,,,,,,,,,,,,,,,,
pc-a-bagAmsterdam-pressureBurst-proposed-r1-mtha578r,proposed,bagAmsterdam,pressureBurst,1,20260823,pc-a,pc,2.3.6,lan,pilot,full-pilot-v2.3.6-pressure-burst,none,none,none,none,,False,unspecified,unknown,unknown,,,True,,6,3,2,3,1,2,2,76,0,0.0,18.746250000016843,33.13500000002095,10.925235349923318,38,75002.29999999516,10,2,15.637868662753668,75.0,0.8340116493566072,0.4537333333459681,0.0,,,,16.9000000001397,33.138000000128535,0.006771053745239103,10144.0,139,0,"{""INTERACTING"": 28, ""PRESSURE"": 5, ""RECOVERY"": 7, ""STABLE"": 36}",140,95739630,95697630,True,4028.800000011921,16.899999999906868,2.0,63.0,,,,,,,,,,,,,,,,,,,,,,,,,,,
pc-a-bagAmsterdam-pressureBurst-proposed-r2-mthab6r5,proposed,bagAmsterdam,pressureBurst,2,20260824,pc-a,pc,2.3.6,lan,pilot,full-pilot-v2.3.6-pressure-burst,none,none,none,none,,False,unspecified,unknown,unknown,,,True,,6,5,0,1,1,0,0,76,0,0.0,24.248750000036488,33.16625000000058,9.12942530591413,34,86925.8999999999,8,2,12.499576837242474,75.0,1.6571414465843959,1.047533333330568,0.0,,,,16.9000000001397,33.34599999998231,0.01019108280254777,10499.600000023842,139,0,"{""INTERACTING"": 28, ""PRESSURE"": 6, ""RECOVERY"": 6, ""STABLE"": 36}",140,95739630,95697630,True,4035.400000035763,16.899999999906868,2.0,59.0,,,,,,,,,,,,,,,,,,,,,,,,,,,
pc-a-bagAmsterdam-pressureBurst-proposed-r3-mthaqcrw,proposed,bagAmsterdam,pressureBurst,3,20260825,pc-a,pc,2.3.6,lan,pilot,full-pilot-v2.3.6-pressure-burst,none,none,none,none,,False,unspecified,unknown,unknown,,,True,,9,9,0,0,0,0,0,76,1,0.013157894736842105,33.25875000001979,33.313750000228175,13.827284900715425,35,64989.30000001006,13,4,20.32064942711395,75.0,2.333639458331861,1.3255333333366237,0.16666666666666666,1.0,0.2857142857142857,500.09999999962747,16.899999999906868,33.39999999990687,0.011553273427471117,10203.300000011921,119,0,"{""INTERACTING"": 28, ""PRESSURE"": 11, ""RECOVERY"": 7, ""STABLE"": 30}",120,80932294,80896294,True,4039.0,16.800000000279397,2.0,59.0,,,,,,,,,,,,,,,,,,,,,,,,,,,
pc-a-bagAmsterdam-pressureBurst-proposed-r4-mthasq6u,proposed,bagAmsterdam,pressureBurst,4,20260826,pc-a,pc,2.3.6,lan,pilot,full-pilot-v2.3.6-pressure-burst,none,none,none,none,,False,unspecified,unknown,unknown,,,True,,6,3,2,1,1,0,2,76,8,0.10526315789473684,33.403750000358556,33.543750000040745,20.70872476227694,35,45313.99999999907,14,3,21.88354826103947,75.0,2.6048657086872775,1.5562666666842995,0.6363636363636364,0.7777777777777778,0.7000000000000001,507.14285714285717,16.899999999906868,33.49500000001861,0.016045099739809193,10252.199999988079,97,0,"{""INTERACTING"": 26, ""PRESSURE"": 15, ""RECOVERY"": 5, ""STABLE"": 30}",98,64016718,63987318,True,4028.8999999165535,16.800000000279397,2.0,46.0,,,,,,,,,,,,,,,,,,,,,,,,,,,
pc-a-bagAmsterdam-pressureBurst-reactive-r1-mth95ccv,reactive,bagAmsterdam,pressureBurst,1,20260823,pc-a,pc,2.3.6,lan,pilot,request-peak-probe-v2.3.6-pressure-burst,none,none,none,none,,False,unspecified,unknown,unknown,,,False,window-blur,0,0,0,0,0,0,0,75,13,0.17333333333333334,33.400000000001455,50.05999999999913,7.23744803828152,38,96598.19999999984,8,4,12.565050312555625,74.0,3.2085135135135094,3.2085135135135094,0.6666666666666666,0.6153846153846154,0.64,508.3624999999993,17.0,33.599999999998545,0.026385224274406333,10136.700000047684,170,0,"{""INTERACTING"": 28, ""PRESSURE"": 11, ""RECOVERY"": 9, ""STABLE"": 27}",171,121231282,121179982,True,4024.5,16.80000000000291,2.0,67.0,,,,,,,,,,,,,,,,,,,,,,,,,,,
pc-a-bagAmsterdam-pressureBurst-reactive-r1-mth9cpp2,reactive,bagAmsterdam,pressureBurst,1,20260823,pc-a,pc,2.3.6,lan,pilot,request-peak-probe-v2.3.6-pressure-burst,none,none,none,none,,False,unspecified,unknown,unknown,,,True,,0,0,0,0,0,0,0,75,8,0.10666666666666667,38.2024999999999,49.41939999999517,6.531483631663828,39,93312.20000000024,8,4,12.609214183264413,74.0,1.7689864864826155,1.7689864864826155,0.75,0.75,0.75,502.8166666666705,16.900000000023283,33.47500000000582,0.015477214101461736,10155.599999964237,170,0,"{""INTERACTING"": 28, ""PRESSURE"": 7, ""RECOVERY"": 12, ""STABLE"": 28}",171,121231282,121179982,True,4032.3000000715256,16.899999999965075,2.0,71.0,,,,,,,,,,,,,,,,,,,,,,,,,,,
pc-a-bagAmsterdam-pressureBurst-reactive-r1-mtha2q16,reactive,bagAmsterdam,pressureBurst,1,20260823,pc-a,pc,2.3.6,lan,pilot,full-pilot-v2.3.6-pressure-burst,none,none,none,none,,False,unspecified,unknown,unknown,,,False,window-blur,0,0,0,0,0,0,0,73,64,0.8767123287671232,159.05200000002026,161.35480000009107,48.05605676661016,12,13515.99999999837,6,2,9.39498881735352,72.0,9.954999999990427,9.954999999990427,0.9682539682539683,0.953125,0.9606299212598425,526.796721311477,66.80000000004657,121.3480000001467,0.32600157109190886,10831.5,21,0,"{""INTERACTING"": 25, ""PRESSURE"": 44, ""RECOVERY"": 1, ""STABLE"": 3}",22,8586122,8579522,True,8092.999999940395,17.100000000093132,4.0,15.0,,,,,,,,,,,,,,,,,,,,,,,,,,,
pc-a-bagAmsterdam-pressureBurst-reactive-r1-mthb0vve,reactive,bagAmsterdam,pressureBurst,1,20260823,pc-a,pc,2.3.6,lan,pilot,full-pilot-v2.3.6-pressure-burst,none,none,none,none,,False,unspecified,unknown,unknown,,,True,,0,0,0,0,0,0,0,76,15,0.19736842105263158,58.93125000005817,100.00999999964843,11.686429293414928,26,75230.20000000391,11,7,17.149494219841092,75.0,5.2031999999837275,5.2031999999837275,0.7333333333333333,0.7333333333333333,0.7333333333333333,503.0818181818097,17.0,50.351999999918085,0.02394938996836873,10260.800000011921,104,0,"{""INTERACTING"": 28, ""PRESSURE"": 15, ""RECOVERY"": 7, ""STABLE"": 26}",105,66753414,66721914,True,4031.0,16.800000000279397,2.0,58.0,,,,,,,,,,,,,,,,,,,,,,,,,,,
pc-a-bagAmsterdam-pressureBurst-reactive-r2-mthadke7,reactive,bagAmsterdam,pressureBurst,2,20260824,pc-a,pc,2.3.6,lan,pilot,full-pilot-v2.3.6-pressure-burst,none,none,none,none,,False,unspecified,unknown,unknown,,,True,,0,0,0,0,0,0,0,73,63,0.863013698630137,162.12399999976157,166.77279999985174,47.30834206665242,11,16710.69999999879,6,2,9.431984908824147,72.0,10.07013888887983,10.07013888887983,0.9838709677419355,0.9682539682539683,0.976,521.6000000000015,83.39999999990687,166.60000000009313,0.3850987432675045,10222.099999964237,20,0,"{""INTERACTING"": 27, ""PRESSURE"": 40, ""RECOVERY"": 1, ""STABLE"": 5}",21,7165310,7159010,True,4032.300000011921,16.800000000046566,2.0,14.0,,,,,,,,,,,,,,,,,,,,,,,,,,,
pc-a-bagAmsterdam-pressureBurst-reactive-r3-mthajrv5,reactive,bagAmsterdam,pressureBurst,3,20260825,pc-a,pc,2.3.6,lan,pilot,full-pilot-v2.3.6-pressure-burst,none,none,none,none,,False,unspecified,unknown,unknown,,,True,,0,0,0,0,0,0,0,76,10,0.13157894736842105,33.400000000197906,33.50375000000349,7.496588099812023,35,104730.50000000652,6,2,9.358354801225875,75.0,1.6982666666315265,1.6982666666315265,0.6666666666666666,0.5,0.5714285714285715,588.9333333333489,16.90000000037253,33.5,0.023327464788732395,10210.699999988079,153,0,"{""INTERACTING"": 28, ""PRESSURE"": 10, ""RECOVERY"": 8, ""STABLE"": 30}",154,107334558,107288358,True,4029.800000011921,16.800000000279397,2.0,62.0,,,,,,,,,,,,,,,,,,,,,,,,,,,
pc-a-bagAmsterdam-pressureBurst-reactive-r4-mthaygf7,reactive,bagAmsterdam,pressureBurst,4,20260826,pc-a,pc,2.3.6,lan,pilot,full-pilot-v2.3.6-pressure-burst,none,none,none,none,,False,unspecified,unknown,unknown,,,False,pre-run-frame-instability,0,0,0,0,0,0,0,73,57,0.7808219178082192,178.5150000001443,250.69919999992086,50.070057084898885,11,11916.299999997951,8,1,12.483258130372027,72.0,17.745555555566607,17.745555555566607,0.9824561403508771,0.9824561403508771,0.9824561403508771,533.6535714285731,83.39999999990687,164.60800000007998,0.32069249793899424,10850.800000011921,18,0,"{""INTERACTING"": 27, ""PRESSURE"": 34, ""RECOVERY"": 4, ""STABLE"": 8}",20,8353622,8347622,False,60832.80000001192,16.830000000167637,30.0,13.0,,,,,,,,,,,,,,,,,,,,,,,,,,,
pc-a-bagAmsterdam-pressureBurst-reactive-r4-mthb5op9,reactive,bagAmsterdam,pressureBurst,4,20260826,pc-a,pc,2.3.6,lan,pilot,full-pilot-v2.3.6-pressure-burst,none,none,none,none,,False,unspecified,unknown,unknown,,,True,,0,0,0,0,0,0,0,75,36,0.48,66.70000000018626,66.70000000018626,12.516674536964203,43,98543.79999999609,11,1,17.314654493939873,74.0,3.847770270255922,3.847770270255922,0.9428571428571428,0.8918918918918919,0.9166666666666667,510.11515151516,33.60000000009313,66.6999999997206,0.08009950248756219,10237.599999964237,162,0,"{""INTERACTING"": 28, ""PRESSURE"": 27, ""RECOVERY"": 4, ""STABLE"": 16}",163,114246510,114197610,True,4024.599999964237,16.800000000279397,2.0,58.0,,,,,,,,,,,,,,,,,,,,,,,,,,,
pc-a-publicStress-burst-pi-r1-mt8a8ymn,pi,publicStress,burst,1,20260823,pc-a,pc,2.0.0,delay40,legacy,legacy,none,none,none,none,,False,unspecified,unknown,unknown,0.05,0.01,True,,0,0,0,0,0,0,0,80,0,0.0,16.81475000000235,17.01105000000064,4.176552348320779,4,2000.0,3,0,4.475596808402186,79.0,0.01177215190052447,0.01177215190052447,,,,,16.80000000000291,16.89999999999418,0.00041684035014589413,5826.4000000000015,85,0,"{""RECOVERY"": 4, ""STABLE"": 76}",86,4122332,4096532,,,,,,,,,,,,,,,,,,,,,,,,,,,,,,,,
pc-a-publicStress-burst-pi-r1-mt8adgg8,pi,publicStress,burst,1,20260827,pc-a,pc,2.0.0,delay40,legacy,legacy,none,none,none,none,,False,unspecified,unknown,unknown,0.05,0.02,True,,0,0,0,0,0,0,0,80,0,0.0,16.800000000046566,16.800000000046566,4.0513373447880054,4,2000.3999999999069,1,0,1.4906313817656023,79.0,0.012531645570386496,0.012531645570386496,,,,,16.79999999998836,16.800000000046566,0.0008343763037129745,2178.900000002992,85,0,"{""RECOVERY"": 2, ""STABLE"": 78}",86,4122332,4096532,,,,,,,,,,,,,,,,,,,,,,,,,,,,,,,,
pc-a-publicStress-burst-pi-r1-mt8ahuxr,pi,publicStress,burst,1,20260831,pc-a,pc,2.0.0,delay40,legacy,legacy,none,none,none,none,,False,unspecified,unknown,unknown,0.05,0.05,False,window-blur|document-hidden,0,0,0,0,0,0,0,79,11,0.13924050632911392,66.53049999999436,94.07410000002626,12.548695494339587,4,2002.3999999999069,6,1,8.951149103766198,78.0,3.197243589750266,3.197243589750266,0.8181818181818182,0.8181818181818182,0.8181818181818182,509.28888888889276,16.900000000023283,33.75799999999813,0.01961658493089612,2388.7999999999884,85,0,"{""PRESSURE"": 5, ""RECOVERY"": 2, ""STABLE"": 72}",86,4122332,4096532,,,,,,,,,,,,,,,,,,,,,,,,,,,,,,,,
pc-a-publicStress-burst-pi-r1-mt8amafz,pi,publicStress,burst,1,20260835,pc-a,pc,2.0.0,delay40,legacy,legacy,none,none,none,none,,False,unspecified,unknown,unknown,0.05,0.1,True,,0,0,0,0,0,0,0,80,4,0.05,33.30275000004272,33.46940000000712,7.5001365272433835,4,2066.399999999907,6,1,8.93632865830957,79.0,1.061392405069554,1.061392405069554,0.5,0.5,0.5,500.04999999998836,16.800000000046566,33.29999999993015,0.006771053745239103,8189.699999999953,85,0,"{""PRESSURE"": 2, ""RECOVERY"": 5, ""STABLE"": 73}",86,4122332,4096532,,,,,,,,,,,,,,,,,,,,,,,,,,,,,,,,
pc-a-publicStress-burst-pi-r1-mt8aqp55,pi,publicStress,burst,1,20260839,pc-a,pc,2.0.0,delay40,legacy,legacy,none,none,none,none,,False,unspecified,unknown,unknown,0.1,0.01,True,,0,0,0,0,0,0,0,80,0,0.0,16.899999999912687,16.900000000023283,4.051230813856911,4,2000.3999999999069,1,0,1.4875381491554511,79.0,0.007658227844844557,0.007658227844844557,,,,,16.800000000046566,16.900000000023283,0.0,2331.5999999970663,85,0,"{""RECOVERY"": 2, ""STABLE"": 78}",86,4122332,4096532,,,,,,,,,,,,,,,,,,,,,,,,,,,,,,,,
pc-a-publicStress-burst-pi-r1-mt8av3p4,pi,publicStress,burst,1,20260843,pc-a,pc,2.0.0,delay40,legacy,legacy,none,none,none,none,,False,unspecified,unknown,unknown,0.1,0.02,True,,0,0,0,0,0,0,0,80,0,0.0,16.89999999992957,16.928900000099325,4.049687342397961,4,2000.0,1,0,1.4906202719388353,79.0,0.012658227839849077,0.012658227839849077,,,,,16.800000000046566,16.9000000001397,0.0004166666666666667,2190.4000000015367,85,0,"{""RECOVERY"": 2, ""STABLE"": 78}",86,4122332,4096532,,,,,,,,,,,,,,,,,,,,,,,,,,,,,,,,
pc-a-publicStress-burst-pi-r1-mt8azi34,pi,publicStress,burst,1,20260847,pc-a,pc,2.0.0,delay40,legacy,legacy,none,none,none,none,,False,unspecified,unknown,unknown,0.1,0.05,True,,0,0,0,0,0,0,0,80,0,0.0,16.9000000001397,16.9000000001397,4.049697526800229,4,2000.0,1,0,1.4906276784716097,79.0,0.011329113927675745,0.011329113927675745,,,,,16.800000000046566,17.0,0.0008343763037129745,2305.899999997113,85,0,"{""RECOVERY"": 2, ""STABLE"": 78}",86,4122332,4096532,,,,,,,,,,,,,,,,,,,,,,,,,,,,,,,,
pc-a-publicStress-burst-pi-r1-mt8b3wna,pi,publicStress,burst,1,20260851,pc-a,pc,2.0.0,delay40,legacy,legacy,none,none,none,none,,False,unspecified,unknown,unknown,0.1,0.1,True,,0,0,0,0,0,0,0,80,0,0.0,16.90025000012829,16.905000000132713,4.049738304511615,4,2066.7999999998137,1,0,1.4918507651951305,79.0,0.009177215191789068,0.009177215191789068,,,,,16.800000000046566,17.0,0.0008357709987463436,2210.399999997113,85,0,"{""RECOVERY"": 2, ""STABLE"": 78}",86,4122332,4096532,,,,,,,,,,,,,,,,,,,,,,,,,,,,,,,,
pc-a-publicStress-burst-pi-r1-mt8b8b09,pi,publicStress,burst,1,20260855,pc-a,pc,2.0.0,delay40,legacy,legacy,none,none,none,none,,False,unspecified,unknown,unknown,0.2,0.01,True,,0,0,0,0,0,0,0,79,0,0.0,16.9000000001397,16.9000000001397,4.049915019678997,4,2000.3999999994412,1,0,1.4974505903699005,78.0,0.02557692305328183,0.02557692305328183,,,,,16.899999999906868,16.9000000001397,0.0,2150.399999997113,85,0,"{""RECOVERY"": 2, ""STABLE"": 77}",86,4122332,4096532,,,,,,,,,,,,,,,,,,,,,,,,,,,,,,,,
pc-a-publicStress-burst-pi-r1-mt8bcp3m,pi,publicStress,burst,1,20260859,pc-a,pc,2.0.0,delay40,legacy,legacy,none,none,none,none,,False,unspecified,unknown,unknown,0.2,0.02,True,,0,0,0,0,0,0,0,80,0,0.0,16.9000000001397,16.941049999945097,4.051198969480772,4,2000.0,1,0,1.4863258026159336,79.0,0.018481012650977624,0.018481012650977624,,,,,16.800000000046566,33.300000000046566,0.007601351351351352,2144.9000000029337,85,0,"{""RECOVERY"": 2, ""STABLE"": 78}",86,4122332,4096532,,,,,,,,,,,,,,,,,,,,,,,,,,,,,,,,
pc-a-publicStress-burst-pi-r1-mt8bh3ai,pi,publicStress,burst,1,20260863,pc-a,pc,2.0.0,delay40,legacy,legacy,none,none,none,none,,False,unspecified,unknown,unknown,0.2,0.05,True,,0,0,0,0,0,0,0,80,0,0.0,16.80500000026077,16.899999999906868,4.04960526609505,4,2065.5999999996275,1,0,1.4881579828514837,79.0,0.00645569624332118,0.00645569624332118,,,,,16.800000000279397,16.899999999906868,0.0,2242.899999997113,85,0,"{""RECOVERY"": 2, ""STABLE"": 78}",86,4122332,4096532,,,,,,,,,,,,,,,,,,,,,,,,,,,,,,,,
pc-a-publicStress-burst-pi-r1-mt8blhg2,pi,publicStress,burst,1,20260867,pc-a,pc,2.0.0,delay40,legacy,legacy,none,none,none,none,,False,unspecified,unknown,unknown,0.2,0.1,True,,0,0,0,0,0,0,0,79,0,0.0,16.899999999906868,16.899999999906868,4.051669763684609,4,2000.4000000003725,1,0,1.5005739695433609,78.0,0.021923076841407062,0.021923076841407062,,,,,16.800000000279397,16.90000000037253,0.0,2134.6999999969266,85,0,"{""RECOVERY"": 2, ""STABLE"": 77}",86,4122332,4096532,,,,,,,,,,,,,,,,,,,,,,,,,,,,,,,,
pc-a-publicStress-burst-pi-r1-mt8bpvg6,pi,publicStress,burst,1,20260871,pc-a,pc,2.0.0,delay40,legacy,legacy,none,none,none,none,,False,unspecified,unknown,unknown,0.4,0.01,True,,0,0,0,0,0,0,0,79,0,0.0,16.899999999906868,16.899999999906868,4.050060949205658,4,2067.199999999255,1,0,1.5018284761697438,78.0,0.015384615338646221,0.015384615338646221,,,,,16.899999999906868,16.90000000037253,0.0,2158.89999999851,85,0,"{""RECOVERY"": 2, ""STABLE"": 77}",86,4122332,4096532,,,,,,,,,,,,,,,,,,,,,,,,,,,,,,,,
pc-a-publicStress-burst-pi-r1-mt8bu9hd,pi,publicStress,burst,1,20260875,pc-a,pc,2.0.0,delay40,legacy,legacy,none,none,none,none,,False,unspecified,unknown,unknown,0.4,0.02,True,,0,0,0,0,0,0,0,79,5,0.06329113924050633,33.36550000002141,33.39999999990687,4.051723102184674,0,0.0,1,0,1.501832235327092,78.0,1.15461538458655,1.15461538458655,0.6,0.6,0.6,500.0,16.899999999906868,49.89999999990687,0.016493055555555556,2201.9000000031665,85,0,"{""RECOVERY"": 2, ""STABLE"": 77}",86,4122332,4096532,,,,,,,,,,,,,,,,,,,,,,,,,,,,,,,,
pc-a-publicStress-burst-pi-r1-mt8byore,pi,publicStress,burst,1,20260879,pc-a,pc,2.0.0,delay40,legacy,legacy,none,none,none,none,,False,unspecified,unknown,unknown,0.4,0.05,True,,0,0,0,0,0,0,0,80,0,0.0,16.899999999906868,16.899999999906868,4.049523337872973,0,0.0,1,0,1.4857001361891962,79.0,0.006392405097832543,0.006392405097832543,,,,,16.800000000279397,16.899999999906868,0.0,2159.2999999984168,85,0,"{""RECOVERY"": 2, ""STABLE"": 78}",86,4122332,4096532,,,,,,,,,,,,,,,,,,,,,,,,,,,,,,,,
pc-a-publicStress-burst-pi-r1-mt8c3452,pi,publicStress,burst,1,20260883,pc-a,pc,2.0.0,delay40,legacy,legacy,none,none,none,none,,False,unspecified,unknown,unknown,0.4,0.1,True,,0,0,0,0,0,0,0,80,0,0.0,16.904999999911524,17.11260000007553,4.049717783726113,0,0.0,1,0,1.491235264731537,79.0,0.00911392409095089,0.00911392409095089,,,,,16.800000000279397,17.0,0.0016792611251049538,2243.8000000016764,85,0,"{""RECOVERY"": 2, ""STABLE"": 78}",86,4122332,4096532,,,,,,,,,,,,,,,,,,,,,,,,,,,,,,,,
pc-a-publicStress-burst-pi-r1-mt8cau14,pi,publicStress,burst,1,20260831,pc-a,pc,2.0.0,delay40,legacy,legacy,none,none,none,none,,False,unspecified,unknown,unknown,0.05,0.05,True,,0,0,0,0,0,0,0,79,4,0.05063291139240506,33.17249999990454,49.84509999985062,4.05004864311959,4,2000.7999999988824,1,0,1.5005589582119305,78.0,0.8828205127860108,0.8828205127860108,0.75,0.75,0.75,505.5333333333644,16.899999999906868,17.199999999860303,0.005482918599746942,2141.8000000030734,85,0,"{""RECOVERY"": 2, ""STABLE"": 77}",86,4122332,4096532,,,,,,,,,,,,,,,,,,,,,,,,,,,,,,,,
pc-a-publicStress-burst-pi-r2-mt8aa5nh,pi,publicStress,burst,2,20260824,pc-a,pc,2.0.0,delay40,legacy,legacy,none,none,none,none,,False,unspecified,unknown,unknown,0.05,0.01,True,,0,0,0,0,0,0,0,80,0,0.0,16.800000000017462,16.800000000017462,4.17406049997265,4,2000.0,3,0,4.475585680114973,79.0,0.008607594937688777,0.008607594937688777,,,,,16.79999999998836,16.800000000017462,0.0,2220.4000000029773,85,0,"{""RECOVERY"": 4, ""STABLE"": 76}",86,4122332,4096532,,,,,,,,,,,,,,,,,,,,,,,,,,,,,,,,
pc-a-publicStress-burst-pi-r2-mt8aejyp,pi,publicStress,burst,2,20260828,pc-a,pc,2.0.0,delay40,legacy,legacy,none,none,none,none,,False,unspecified,unknown,unknown,0.05,0.02,True,,0,0,0,0,0,0,0,80,0,0.0,16.799999999991268,16.800000000002882,4.049770062312118,4,2000.0,1,0,1.493101869363541,79.0,0.0025316455706885766,0.0025316455706885766,,,,,16.79999999998836,16.800000000046566,0.0,2192.099999997008,85,0,"{""RECOVERY"": 2, ""STABLE"": 78}",86,4122332,4096532,,,,,,,,,,,,,,,,,,,,,,,,,,,,,,,,
pc-a-publicStress-burst-pi-r2-mt8aiyny,pi,publicStress,burst,2,20260832,pc-a,pc,2.0.0,delay40,legacy,legacy,none,none,none,none,,False,unspecified,unknown,unknown,0.05,0.05,True,,0,0,0,0,0,0,0,80,0,0.0,16.900000000023283,22.891450000072897,4.049697403333033,4,2000.0,1,0,1.490623975196018,79.0,0.17974683546204423,0.17974683546204423,,,,,16.800000000046566,16.900000000023283,0.001671541997492687,2255.60000000149,85,0,"{""RECOVERY"": 2, ""STABLE"": 78}",86,4122332,4096532,,,,,,,,,,,,,,,,,,,,,,,,,,,,,,,,
pc-a-publicStress-burst-pi-r2-mt8anees,pi,publicStress,burst,2,20260836,pc-a,pc,2.0.0,delay40,legacy,legacy,none,none,none,none,,False,unspecified,unknown,unknown,0.05,0.1,True,,0,0,0,0,0,0,0,80,0,0.0,16.899999999918215,16.900000000023283,4.049666982879791,4,2066.399999999907,1,0,1.4900094863937274,79.0,0.005189873438764964,0.005189873438764964,,,,,16.800000000046566,16.900000000023283,0.0,2206.3000000000466,85,0,"{""RECOVERY"": 2, ""STABLE"": 78}",86,4122332,4096532,,,,,,,,,,,,,,,,,,,,,,,,,,,,,,,,
pc-a-publicStress-burst-pi-r2-mt8arsug,pi,publicStress,burst,2,20260840,pc-a,pc,2.0.0,delay40,legacy,legacy,none,none,none,none,,False,unspecified,unknown,unknown,0.1,0.01,True,,0,0,0,0,0,0,0,80,0,0.0,16.900000000023283,16.900000000023283,4.049605389129475,4,2000.0,1,0,1.4881616738842527,79.0,0.008797468356655642,0.008797468356655642,,,,,16.800000000046566,16.900000000023283,0.0,2255.500000003027,85,0,"{""RECOVERY"": 2, ""STABLE"": 78}",86,4122332,4096532,,,,,,,,,,,,,,,,,,,,,,,,,,,,,,,,
pc-a-publicStress-burst-pi-r2-mt8aw79k,pi,publicStress,burst,2,20260844,pc-a,pc,2.0.0,delay40,legacy,legacy,none,none,none,none,,False,unspecified,unknown,unknown,0.1,0.02,True,,0,0,0,0,0,0,0,80,0,0.0,16.899999999906868,16.89999999991851,4.049695551398535,4,2066.399999999441,1,0,1.4905684282701175,79.0,0.01006329112577174,0.01006329112577174,,,,,16.800000000046566,16.9000000001397,0.0,2221.2999999984168,85,0,"{""RECOVERY"": 2, ""STABLE"": 78}",86,4122332,4096532,,,,,,,,,,,,,,,,,,,,,,,,,,,,,,,,
pc-a-publicStress-burst-pi-r2-mt8b0lrd,pi,publicStress,burst,2,20260848,pc-a,pc,2.0.0,delay40,legacy,legacy,none,none,none,none,,False,unspecified,unknown,unknown,0.1,0.05,True,,0,0,0,0,0,0,0,80,0,0.0,16.89999999992957,16.9000000001397,4.049625698171541,4,2000.3999999994412,1,0,1.4887709451462277,79.0,0.011329113926202132,0.011329113926202132,,,,,16.800000000046566,17.0,0.0,2292.2000000029802,85,0,"{""RECOVERY"": 2, ""STABLE"": 78}",86,4122332,4096532,,,,,,,,,,,,,,,,,,,,,,,,,,,,,,,,
pc-a-publicStress-burst-pi-r2-mt8b507y,pi,publicStress,burst,2,20260852,pc-a,pc,2.0.0,delay40,legacy,legacy,none,none,none,none,,False,unspecified,unknown,unknown,0.1,0.1,True,,0,0,0,0,0,0,0,80,0,0.0,16.899999999906868,16.899999999906868,4.049708212790917,0,0.0,1,0,1.4912463837275178,79.0,0.0075949367067976855,0.0075949367067976855,,,,,16.800000000046566,16.9000000001397,0.0,2242.1999999969266,85,0,"{""RECOVERY"": 2, ""STABLE"": 78}",86,4122332,4096532,,,,,,,,,,,,,,,,,,,,,,,,,,,,,,,,
pc-a-publicStress-burst-pi-r2-mt8b9ehx,pi,publicStress,burst,2,20260856,pc-a,pc,2.0.0,delay40,legacy,legacy,none,none,none,none,,False,unspecified,unknown,unknown,0.2,0.01,True,,0,0,0,0,0,0,0,79,0,0.0,16.9000000001397,16.9000000001397,4.051722584327045,4,2000.0,1,0,1.501817198810566,78.0,0.015128205143936221,0.015128205143936221,,,,,16.899999999906868,17.0,0.0,2200.8000000000466,85,0,"{""RECOVERY"": 2, ""STABLE"": 77}",86,4122332,4096532,,,,,,,,,,,,,,,,,,,,,,,,,,,,,,,,
pc-a-publicStress-burst-pi-r2-mt8bdsm0,pi,publicStress,burst,2,20260860,pc-a,pc,2.0.0,delay40,legacy,legacy,none,none,none,none,,False,unspecified,unknown,unknown,0.2,0.02,True,,0,0,0,0,0,0,0,80,0,0.0,16.809750000032945,16.899999999906868,4.049594890764312,4,2000.4000000003725,1,0,1.4875492130864731,79.0,0.0025316455660835853,0.0025316455660835853,,,,,16.800000000046566,16.899999999906868,0.0,2172.500000001397,85,0,"{""RECOVERY"": 2, ""STABLE"": 78}",86,4122332,4096532,,,,,,,,,,,,,,,,,,,,,,,,,,,,,,,,
pc-a-publicStress-burst-pi-r2-mt8bi6vr,pi,publicStress,burst,2,20260864,pc-a,pc,2.0.0,delay40,legacy,legacy,none,none,none,none,,False,unspecified,unknown,unknown,0.2,0.05,True,,0,0,0,0,0,0,0,80,0,0.0,16.9002499999071,17.024949999911943,4.049646516800381,4,2000.0,1,0,1.4893955040114282,79.0,0.01936708857700267,0.01936708857700267,,,,,16.800000000279397,16.90000000037253,0.0,2176.7999999984168,85,0,"{""RECOVERY"": 2, ""STABLE"": 78}",86,4122332,4096532,,,,,,,,,,,,,,,,,,,,,,,,,,,,,,,,
pc-a-publicStress-burst-pi-r2-mt8bmkxw,pi,publicStress,burst,2,20260868,pc-a,pc,2.0.0,delay40,legacy,legacy,none,none,none,none,,False,unspecified,unknown,unknown,0.2,0.1,True,,0,0,0,0,0,0,0,79,0,0.0,16.899999999906868,16.89999999991199,4.050007749651274,4,2001.199999999255,1,0,1.4999325030373527,78.0,0.018205128137607263,0.018205128137607263,,,,,16.899999999906868,16.90000000037253,0.0,2178.600000002887,85,0,"{""RECOVERY"": 2, ""STABLE"": 77}",86,4122332,4096532,,,,,,,,,,,,,,,,,,,,,,,,,,,,,,,,
pc-a-publicStress-burst-pi-r2-mt8bqyy2,pi,publicStress,burst,2,20260872,pc-a,pc,2.0.0,delay40,legacy,legacy,none,none,none,none,,False,unspecified,unknown,unknown,0.4,0.01,True,,0,0,0,0,0,0,0,79,0,0.0,16.899999999906868,16.899999999906868,4.050091523955246,4,2066.0,1,0,1.5024452296111783,78.0,0.016730769191725267,0.016730769191725267,,,,,16.800000000279397,16.90000000037253,0.0,2162.5,85,0,"{""RECOVERY"": 2, ""STABLE"": 77}",86,4122332,4096532,,,,,,,,,,,,,,,,,,,,,,,,,,,,,,,,
pc-a-publicStress-burst-pi-r2-mt8bvd8z,pi,publicStress,burst,2,20260876,pc-a,pc,2.0.0,delay40,legacy,legacy,none,none,none,none,,False,unspecified,unknown,unknown,0.4,0.02,True,,0,0,0,0,0,0,0,80,0,0.0,16.800000000279397,16.824950000186448,4.049625451901772,0,0.0,1,0,1.4887635570531619,79.0,0.005063291212626241,0.005063291212626241,,,,,16.800000000279397,16.899999999906868,0.0,2244.5999999968335,85,0,"{""RECOVERY"": 2, ""STABLE"": 78}",86,4122332,4096532,,,,,,,,,,,,,,,,,,,,,,,,,,,,,,,,
pc-a-publicStress-burst-pi-r2-mt8bzsji,pi,publicStress,burst,2,20260880,pc-a,pc,2.0.0,delay40,legacy,legacy,none,none,none,none,,False,unspecified,unknown,unknown,0.4,0.05,True,,0,0,0,0,0,0,0,80,0,0.0,16.800000000279397,16.80500000026077,4.049605389129475,0,0.0,1,0,1.488161673884244,79.0,0.00025316459138552194,0.00025316459138552194,,,,,16.800000000279397,16.899999999906868,0.0,2217.899999999907,85,0,"{""RECOVERY"": 2, ""STABLE"": 78}",86,4122332,4096532,,,,,,,,,,,,,,,,,,,,,,,,,,,,,,,,
pc-a-publicStress-burst-pi-r2-mt8c481v,pi,publicStress,burst,2,20260884,pc-a,pc,2.0.0,delay40,legacy,legacy,none,none,none,none,,False,unspecified,unknown,unknown,0.4,0.1,True,,0,0,0,0,0,0,0,80,0,0.0,16.899999999906868,16.899999999906868,4.049533365193436,0,0.0,1,0,1.485703815039783,79.0,0.015379746836209207,0.015379746836209207,,,,,16.800000000279397,16.90000000037253,0.0,2317.2999999984168,85,0,"{""RECOVERY"": 2, ""STABLE"": 78}",86,4122332,4096532,,,,,,,,,,,,,,,,,,,,,,,,,,,,,,,,
pc-a-publicStress-burst-pi-r3-mt8ab98n,pi,publicStress,burst,3,20260825,pc-a,pc,2.0.0,delay40,legacy,legacy,none,none,none,none,,False,unspecified,unknown,unknown,0.05,0.01,False,window-blur,0,0,0,0,0,0,0,80,0,0.0,16.899999999995636,17.004999999998837,4.173977879955263,4,2066.4000000000233,3,0,4.4737169131353305,79.0,0.012088607600098151,0.012088607600098151,,,,,16.800000000017462,17.0,0.002089427496865859,2206.0,85,0,"{""RECOVERY"": 4, ""STABLE"": 76}",86,4122332,4096532,,,,,,,,,,,,,,,,,,,,,,,,,,,,,,,,
pc-a-publicStress-burst-pi-r3-mt8afnip,pi,publicStress,burst,3,20260829,pc-a,pc,2.0.0,delay40,legacy,legacy,none,none,none,none,,False,unspecified,unknown,unknown,0.05,0.02,True,,0,0,0,0,0,0,0,80,0,0.0,16.90500000002212,33.12309999997806,4.049574119553821,4,2000.0,1,0,1.4869262013744151,79.0,0.4236708860813059,0.4236708860813059,,,,,16.79999999998836,17.0,0.0029411764705882353,2222.199999997043,85,0,"{""RECOVERY"": 2, ""STABLE"": 78}",86,4122332,4096532,,,,,,,,,,,,,,,,,,,,,,,,,,,,,,,,
pc-a-publicStress-burst-pi-r3-mt8ak29m,pi,publicStress,burst,3,20260833,pc-a,pc,2.0.0,delay40,legacy,legacy,none,none,none,none,,False,unspecified,unknown,unknown,0.05,0.05,False,window-blur,0,0,0,0,0,0,0,79,11,0.13924050632911392,33.50049999999988,39.06680000002538,4.049625944443755,4,2066.399999999907,1,0,1.4887783333126559,78.0,1.4989743589705682,1.4989743589705682,0.9090909090909091,0.9090909090909091,0.9090909090909091,505.0199999999953,16.900000000023283,33.40000000002328,0.015943312666076175,2188.89999999851,85,0,"{""RECOVERY"": 2, ""STABLE"": 77}",86,4122332,4096532,,,,,,,,,,,,,,,,,,,,,,,,,,,,,,,,
pc-a-publicStress-burst-pi-r3-mt8aohze,pi,publicStress,burst,3,20260837,pc-a,pc,2.0.0,delay40,legacy,legacy,none,none,none,none,,False,unspecified,unknown,unknown,0.05,0.1,True,,0,0,0,0,0,0,0,80,0,0.0,16.900000000023283,16.900000000023283,4.049584973769549,4,2000.0,1,0,1.4875492130864687,79.0,0.007721518995859194,0.007721518995859194,,,,,16.800000000046566,16.900000000023283,0.0004166666666666667,2194.9000000015367,85,0,"{""RECOVERY"": 2, ""STABLE"": 78}",86,4122332,4096532,,,,,,,,,,,,,,,,,,,,,,,,,,,,,,,,
pc-a-publicStress-burst-pi-r3-mt8aswhb,pi,publicStress,burst,3,20260841,pc-a,pc,2.0.0,delay40,legacy,legacy,none,none,none,none,,False,unspecified,unknown,unknown,0.1,0.01,True,,0,0,0,0,0,0,0,80,0,0.0,16.900250000023224,17.0,4.0496667362000975,4,2000.3999999999069,1,0,1.490002086002924,79.0,0.011835443042145148,0.011835443042145148,,,,,16.800000000046566,17.0,0.00041684035014589413,2195.5000000015134,85,0,"{""RECOVERY"": 2, ""STABLE"": 78}",86,4122332,4096532,,,,,,,,,,,,,,,,,,,,,,,,,,,,,,,,
pc-a-publicStress-burst-pi-r3-mt8axaus,pi,publicStress,burst,3,20260845,pc-a,pc,2.0.0,delay40,legacy,legacy,none,none,none,none,,False,unspecified,unknown,unknown,0.1,0.02,True,,0,0,0,0,0,0,0,80,0,0.0,16.81500000002561,16.899999999906868,4.049635623311162,0,0.0,1,0,1.4887709451462448,79.0,0.00506329114955577,0.00506329114955577,,,,,16.800000000046566,16.9000000001397,0.00041736227045075126,2234.2000000015832,85,0,"{""RECOVERY"": 2, ""STABLE"": 78}",86,4122332,4096532,,,,,,,,,,,,,,,,,,,,,,,,,,,,,,,,
pc-a-publicStress-burst-pi-r3-mt8b1pem,pi,publicStress,burst,3,20260849,pc-a,pc,2.0.0,delay40,legacy,legacy,none,none,none,none,,False,unspecified,unknown,unknown,0.1,0.05,True,,0,0,0,0,0,0,0,80,0,0.0,16.899999999906868,16.899999999906868,4.049831693455355,4,2000.0,1,0,1.494950803660633,79.0,0.006329113915208963,0.006329113915208963,,,,,16.800000000046566,16.9000000001397,0.0,2344.4000000015367,85,0,"{""RECOVERY"": 2, ""STABLE"": 78}",86,4122332,4096532,,,,,,,,,,,,,,,,,,,,,,,,,,,,,,,,
pc-a-publicStress-burst-pi-r3-mt8b63tr,pi,publicStress,burst,3,20260853,pc-a,pc,2.0.0,delay40,legacy,legacy,none,none,none,none,,False,unspecified,unknown,unknown,0.1,0.1,True,,0,0,0,0,0,0,0,80,10,0.125,49.92174999992712,50.0,4.049677286374516,4,2000.3999999994412,1,0,1.490020587117782,79.0,1.4721518987464084,1.4721518987464084,0.8888888888888888,0.8,0.8421052631578948,504.17499999995925,16.800000000046566,33.4760000000335,0.013333333333333334,2242.39999999851,85,0,"{""RECOVERY"": 2, ""STABLE"": 78}",86,4122332,4096532,,,,,,,,,,,,,,,,,,,,,,,,,,,,,,,,
pc-a-publicStress-burst-pi-r3-mt8bai0g,pi,publicStress,burst,3,20260857,pc-a,pc,2.0.0,delay40,legacy,legacy,none,none,none,none,,False,unspecified,unknown,unknown,0.2,0.01,True,,0,0,0,0,0,0,0,80,0,0.0,16.89999999991851,16.899999999964958,4.051167766090221,4,2000.7999999998137,1,0,1.4857074939085975,79.0,0.020632911373454427,0.020632911373454427,,,,,16.800000000046566,16.9000000001397,0.0,2140.000000003027,85,0,"{""RECOVERY"": 2, ""STABLE"": 78}",86,4122332,4096532,,,,,,,,,,,,,,,,,,,,,,,,,,,,,,,,
pc-a-publicStress-burst-pi-r3-mt8bew5h,pi,publicStress,burst,3,20260861,pc-a,pc,2.0.0,delay40,legacy,legacy,none,none,none,none,,False,unspecified,unknown,unknown,0.2,0.02,True,,0,0,0,0,0,0,0,79,0,0.0,16.800000000046566,16.899999999906868,4.050060573293685,4,2066.7999999998137,1,0,1.5018171988105484,78.0,0.0025641025661920515,0.0025641025661920515,,,,,16.800000000046566,16.9000000001397,0.0,2230.000000003027,85,0,"{""RECOVERY"": 2, ""STABLE"": 77}",86,4122332,4096532,,,,,,,,,,,,,,,,,,,,,,,,,,,,,,,,
pc-a-publicStress-burst-pi-r3-mt8bjaf2,pi,publicStress,burst,3,20260865,pc-a,pc,2.0.0,delay40,legacy,legacy,none,none,none,none,,False,unspecified,unknown,unknown,0.2,0.05,True,,0,0,0,0,0,0,0,80,0,0.0,16.899999999906868,16.899999999906868,4.049472236786143,4,2066.4000000003725,1,0,1.4838703295181275,79.0,0.020822784732555503,0.020822784732555503,,,,,16.899999999906868,16.90000000037253,0.0,2163.39999999851,85,0,"{""RECOVERY"": 2, ""STABLE"": 78}",86,4122332,4096532,,,,,,,,,,,,,,,,,,,,,,,,,,,,,,,,
pc-a-publicStress-burst-pi-r3-mt8bnog9,pi,publicStress,burst,3,20260869,pc-a,pc,2.0.0,delay40,legacy,legacy,none,none,none,none,,False,unspecified,unknown,unknown,0.2,0.1,True,,0,0,0,0,0,0,0,79,0,0.0,16.899999999906868,16.899999999906868,4.050080346817934,4,2066.800000000745,1,0,1.501809680665191,78.0,0.01647435891298726,0.01647435891298726,,,,,16.899999999906868,16.90000000037253,0.0,2142.1999999983236,85,0,"{""RECOVERY"": 2, ""STABLE"": 77}",86,4122332,4096532,,,,,,,,,,,,,,,,,,,,,,,,,,,,,,,,
pc-a-publicStress-burst-pi-r3-mt8bs2gs,pi,publicStress,burst,3,20260873,pc-a,pc,2.0.0,delay40,legacy,legacy,none,none,none,none,,False,unspecified,unknown,unknown,0.4,0.01,True,,0,0,0,0,0,0,0,79,0,0.0,16.899999999906868,16.900000000027475,4.0499359571349745,4,2000.0,1,0,1.4980787140492389,78.0,0.021794871725321085,0.021794871725321085,,,,,16.899999999906868,16.90000000037253,0.0,2149.399999999907,85,0,"{""RECOVERY"": 2, ""STABLE"": 77}",86,4122332,4096532,,,,,,,,,,,,,,,,,,,,,,,,,,,,,,,,
pc-a-publicStress-burst-pi-r3-mt8bwh42,pi,publicStress,burst,3,20260877,pc-a,pc,2.0.0,delay40,legacy,legacy,none,none,none,none,,False,unspecified,unknown,unknown,0.4,0.02,True,,0,0,0,0,0,0,0,80,0,0.0,16.899999999906868,16.899999999906868,4.049502989980596,0,0.0,1,0,1.4850896994178586,79.0,0.005063291171659855,0.005063291171659855,,,,,16.800000000279397,16.899999999906868,0.0,2253.5999999968335,85,0,"{""RECOVERY"": 2, ""STABLE"": 78}",86,4122332,4096532,,,,,,,,,,,,,,,,,,,,,,,,,,,,,,,,
pc-a-publicStress-burst-pi-r3-mt8c0wdd,pi,publicStress,burst,3,20260881,pc-a,pc,2.0.0,delay40,legacy,legacy,none,none,none,none,,False,unspecified,unknown,unknown,0.4,0.05,True,,0,0,0,0,0,0,0,80,0,0.0,16.899999999906868,26.831050000140625,4.051187575523492,0,0.0,1,0,1.485707493908589,79.0,0.4192405063653058,0.4192405063653058,,,,,16.800000000279397,16.90000000037253,0.0025136154168412233,2309.400000001304,85,0,"{""RECOVERY"": 2, ""STABLE"": 78}",86,4122332,4096532,,,,,,,,,,,,,,,,,,,,,,,,,,,,,,,,
pc-a-publicStress-burst-pi-r3-mt8c5c00,pi,publicStress,burst,3,20260885,pc-a,pc,2.0.0,delay40,legacy,legacy,none,none,none,none,,False,unspecified,unknown,unknown,0.4,0.1,True,,0,0,0,0,0,0,0,79,0,0.0,16.899999999906868,16.90000000037253,4.05168844934651,0,0.0,1,0,1.4999550013499525,78.0,0.009166666661771163,0.009166666661771163,,,,,16.899999999906868,16.90000000037253,0.0,2162.2000000015832,85,0,"{""RECOVERY"": 2, ""STABLE"": 77}",86,4122332,4096532,,,,,,,,,,,,,,,,,,,,,,,,,,,,,,,,
pc-a-publicStress-burst-pi-r3-mt8c7jhv,pi,publicStress,burst,3,20260825,pc-a,pc,2.0.0,delay40,legacy,legacy,none,none,none,none,,False,unspecified,unknown,unknown,0.05,0.01,True,,0,0,0,0,0,0,0,79,0,0.0,16.899999999906868,16.899999999906868,4.175334919243771,4,2000.0,3,0,4.5073244021534995,78.0,0.025256410186202973,0.025256410186202973,,,,,16.800000000279397,16.90000000037253,0.0,2148.399999997113,85,0,"{""RECOVERY"": 4, ""STABLE"": 75}",86,4122332,4096532,,,,,,,,,,,,,,,,,,,,,,,,,,,,,,,,
pc-a-publicStress-burst-pi-r3-mt8cbxiz,pi,publicStress,burst,3,20260833,pc-a,pc,2.0.0,delay40,legacy,legacy,none,none,none,none,,False,unspecified,unknown,unknown,0.05,0.05,True,,0,0,0,0,0,0,0,79,0,0.0,16.899999999906868,16.90000000037253,4.051775492566121,4,2066.4000000003725,1,0,1.503062489822997,78.0,0.011474359019372899,0.011474359019372899,,,,,16.800000000279397,16.90000000037253,0.0008347245409015025,2150.7000000029802,85,0,"{""RECOVERY"": 2, ""STABLE"": 77}",86,4122332,4096532,,,,,,,,,,,,,,,,,,,,,,,,,,,,,,,,
pc-a-publicStress-burst-pi-r4-mt8acctr,pi,publicStress,burst,4,20260826,pc-a,pc,2.0.0,delay40,legacy,legacy,none,none,none,none,,False,unspecified,unknown,unknown,0.05,0.01,False,window-blur,0,0,0,0,0,0,0,80,0,0.0,16.899999999997018,17.084050000000303,4.1746796463693245,4,2000.4000000000233,3,0,4.4700506605741595,79.0,0.0167721519000605,0.0167721519000605,,,,,16.800000000017462,16.900000000023283,0.0,2300.400000002992,85,0,"{""RECOVERY"": 4, ""STABLE"": 76}",86,4122332,4096532,,,,,,,,,,,,,,,,,,,,,,,,,,,,,,,,
pc-a-publicStress-burst-pi-r4-mt8agr45,pi,publicStress,burst,4,20260830,pc-a,pc,2.0.0,delay40,legacy,legacy,none,none,none,none,,False,unspecified,unknown,unknown,0.05,0.02,False,window-blur,0,0,0,0,0,0,0,80,16,0.2,33.481250000004515,34.418899999996206,4.049687465839868,0,0.0,1,0,1.4906239751960157,79.0,0.9950632911407145,0.9950632911407145,0.875,0.875,0.875,504.7857142857184,17.0,33.5,0.021397379912663755,2450.7000000029802,85,0,"{""RECOVERY"": 2, ""STABLE"": 78}",86,4122332,4096532,,,,,,,,,,,,,,,,,,,,,,,,,,,,,,,,
pc-a-publicStress-burst-pi-r4-mt8al5sy,pi,publicStress,burst,4,20260834,pc-a,pc,2.0.0,delay40,legacy,legacy,none,none,none,none,,False,unspecified,unknown,unknown,0.05,0.05,True,,0,0,0,0,0,0,0,80,7,0.0875,33.399999999984,37.03609999998334,4.0495948907643005,4,2064.8000000002794,1,0,1.4875492130864645,79.0,1.4784177215173773,1.4784177215173773,0.6666666666666666,0.5,0.5714285714285715,504.17499999998836,17.0,33.59999999997672,0.02017543859649123,2226.500000003027,85,0,"{""RECOVERY"": 2, ""STABLE"": 78}",86,4122332,4096532,,,,,,,,,,,,,,,,,,,,,,,,,,,,,,,,
pc-a-publicStress-burst-pi-r4-mt8aplk0,pi,publicStress,burst,4,20260838,pc-a,pc,2.0.0,delay40,legacy,legacy,none,none,none,none,,False,unspecified,unknown,unknown,0.05,0.1,False,window-blur,0,0,0,0,0,0,0,80,0,0.0,17.42099999997646,33.29999999998836,4.05123257296351,4,2000.3999999999069,1,0,1.4881653649353526,79.0,0.4331012658178777,0.4331012658178777,,,,,16.800000000046566,17.099999999976717,0.0029374737725556023,2220.700000001467,85,0,"{""RECOVERY"": 2, ""STABLE"": 78}",86,4122332,4096532,,,,,,,,,,,,,,,,,,,,,,,,,,,,,,,,
pc-a-publicStress-burst-pi-r4-mt8au027,pi,publicStress,burst,4,20260842,pc-a,pc,2.0.0,delay40,legacy,legacy,none,none,none,none,,False,unspecified,unknown,unknown,0.1,0.01,True,,0,0,0,0,0,0,0,80,0,0.0,16.899999999906868,16.899999999964958,4.04968734239796,0,0.0,1,0,1.490620271938818,79.0,0.006455696201618033,0.006455696201618033,,,,,16.800000000046566,16.9000000001397,0.0,2257.8999999969965,85,0,"{""RECOVERY"": 2, ""STABLE"": 78}",86,4122332,4096532,,,,,,,,,,,,,,,,,,,,,,,,,,,,,,,,
pc-a-publicStress-burst-pi-r4-mt8ayegc,pi,publicStress,burst,4,20260846,pc-a,pc,2.0.0,delay40,legacy,legacy,none,none,none,none,,False,unspecified,unknown,unknown,0.1,0.02,True,,0,0,0,0,0,0,0,80,0,0.0,16.899999999906868,16.899999999909312,4.049594890764312,4,2000.0,1,0,1.4875492130864645,79.0,0.013670886057146137,0.013670886057146137,,,,,16.800000000046566,17.0,0.0012510425354462051,2233.5999999984633,85,0,"{""RECOVERY"": 2, ""STABLE"": 78}",86,4122332,4096532,,,,,,,,,,,,,,,,,,,,,,,,,,,,,,,,
pc-a-publicStress-burst-pi-r4-mt8b2t29,pi,publicStress,burst,4,20260850,pc-a,pc,2.0.0,delay40,legacy,legacy,none,none,none,none,,False,unspecified,unknown,unknown,0.1,0.05,True,,0,0,0,0,0,0,0,80,0,0.0,16.899999999906868,16.899999999909312,4.051346899634048,4,2066.7999999998137,1,0,1.490620271938818,79.0,0.008227848099792193,0.008227848099792193,,,,,16.800000000046566,16.9000000001397,0.0004170141784820684,2216.9000000015367,85,0,"{""RECOVERY"": 2, ""STABLE"": 78}",86,4122332,4096532,,,,,,,,,,,,,,,,,,,,,,,,,,,,,,,,
pc-a-publicStress-burst-pi-r4-mt8b77fq,pi,publicStress,burst,4,20260854,pc-a,pc,2.0.0,delay40,legacy,legacy,none,none,none,none,,False,unspecified,unknown,unknown,0.1,0.1,True,,0,0,0,0,0,0,0,79,0,0.0,16.9000000001397,16.9000000001397,4.050028885904438,4,2066.4000000003725,1,0,1.5005664638400944,78.0,0.01301282051911889,0.01301282051911889,,,,,16.899999999906868,16.9000000001397,0.0,2213.6999999985565,85,0,"{""RECOVERY"": 2, ""STABLE"": 77}",86,4122332,4096532,,,,,,,,,,,,,,,,,,,,,,,,,,,,,,,,
pc-a-publicStress-burst-pi-r4-mt8bbljl,pi,publicStress,burst,4,20260858,pc-a,pc,2.0.0,delay40,legacy,legacy,none,none,none,none,,False,unspecified,unknown,unknown,0.2,0.01,True,,0,0,0,0,0,0,0,79,0,0.0,16.899999999906868,16.89999999990943,4.050049914807068,4,2066.4000000003725,1,0,1.501197204770801,78.0,0.02339743586504853,0.02339743586504853,,,,,16.800000000046566,16.9000000001397,0.0,2194.600000000093,85,0,"{""RECOVERY"": 2, ""STABLE"": 77}",86,4122332,4096532,,,,,,,,,,,,,,,,,,,,,,,,,,,,,,,,
pc-a-publicStress-burst-pi-r4-mt8bfzq5,pi,publicStress,burst,4,20260862,pc-a,pc,2.0.0,delay40,legacy,legacy,none,none,none,none,,False,unspecified,unknown,unknown,0.2,0.02,True,,0,0,0,0,0,0,0,80,0,0.0,16.899999999906868,16.9000000001397,4.051188807031286,4,2000.4000000003725,1,0,1.486318438771105,79.0,0.00886075950973319,0.00886075950973319,,,,,16.800000000279397,16.9000000001397,0.0,2192.4000000015367,85,0,"{""RECOVERY"": 2, ""STABLE"": 78}",86,4122332,4096532,,,,,,,,,,,,,,,,,,,,,,,,,,,,,,,,
pc-a-publicStress-burst-pi-r4-mt8bkdx9,pi,publicStress,burst,4,20260866,pc-a,pc,2.0.0,delay40,legacy,legacy,none,none,none,none,,False,unspecified,unknown,unknown,0.2,0.05,True,,0,0,0,0,0,0,0,80,0,0.0,16.899999999906868,16.899999999906868,4.049614355734813,4,2000.0,1,0,1.4875381491554467,79.0,0.02272151891448643,0.02272151891448643,,,,,16.800000000279397,16.90000000037253,0.0,2161.899999997113,85,0,"{""RECOVERY"": 2, ""STABLE"": 78}",86,4122332,4096532,,,,,,,,,,,,,,,,,,,,,,,,,,,,,,,,
pc-a-publicStress-burst-pi-r4-mt8boryg,pi,publicStress,burst,4,20260870,pc-a,pc,2.0.0,delay40,legacy,legacy,none,none,none,none,,False,unspecified,unknown,unknown,0.2,0.1,True,,0,0,0,0,0,0,0,80,0,0.0,16.899999999906868,16.899999999906868,4.049513135683426,4,2000.4000000003725,1,0,1.4850970510922923,79.0,0.025063291045872543,0.025063291045872543,,,,,16.899999999906868,16.90000000037253,0.0,2134.7000000029802,85,0,"{""RECOVERY"": 2, ""STABLE"": 78}",86,4122332,4096532,,,,,,,,,,,,,,,,,,,,,,,,,,,,,,,,
pc-a-publicStress-burst-pi-r4-mt8bt5yp,pi,publicStress,burst,4,20260874,pc-a,pc,2.0.0,delay40,legacy,legacy,none,none,none,none,,False,unspecified,unknown,unknown,0.4,0.01,True,,0,0,0,0,0,0,0,79,0,0.0,16.899999999906868,16.89999999991199,4.049987380710238,4,2000.0,1,0,1.4993215569954559,78.0,0.016730769180382275,0.016730769180382275,,,,,16.899999999906868,16.90000000037253,0.0,2173.000000001397,85,0,"{""RECOVERY"": 2, ""STABLE"": 77}",86,4122332,4096532,,,,,,,,,,,,,,,,,,,,,,,,,,,,,,,,
pc-a-publicStress-burst-pi-r4-mt8bxkys,pi,publicStress,burst,4,20260878,pc-a,pc,2.0.0,delay40,legacy,legacy,none,none,none,none,,False,unspecified,unknown,unknown,0.4,0.02,True,,0,0,0,0,0,0,0,80,0,0.0,16.80500000026077,16.899999999906868,4.049584727903806,0,0.0,1,0,1.487541837114186,79.0,0.006329113970027245,0.006329113970027245,,,,,16.800000000279397,16.899999999906868,0.0,2196.2000000015832,85,0,"{""RECOVERY"": 2, ""STABLE"": 78}",86,4122332,4096532,,,,,,,,,,,,,,,,,,,,,,,,,,,,,,,,
pc-a-publicStress-burst-pi-r4-mt8c20bq,pi,publicStress,burst,4,20260882,pc-a,pc,2.0.0,delay40,legacy,legacy,none,none,none,none,,False,unspecified,unknown,unknown,0.4,0.05,True,,0,0,0,0,0,0,0,80,0,0.0,24.32100000007526,33.24710000006459,4.049584278155725,0,0.0,1,0,1.4869335712427048,79.0,0.8329113924280516,0.8329113924280516,,,,,16.800000000279397,33.234000000059616,0.005492184199408534,2202.2999999998137,85,0,"{""RECOVERY"": 2, ""STABLE"": 78}",86,4122332,4096532,,,,,,,,,,,,,,,,,,,,,,,,,,,,,,,,
pc-a-publicStress-burst-pi-r4-mt8c6fqt,pi,publicStress,burst,4,20260886,pc-a,pc,2.0.0,delay40,legacy,legacy,none,none,none,none,,False,unspecified,unknown,unknown,0.4,0.1,True,,0,0,0,0,0,0,0,79,0,0.0,16.899999999906868,16.89999999991199,4.050039781626393,0,0.0,1,0,1.5011934487917824,78.0,0.019166666619145352,0.019166666619145352,,,,,16.805000000260744,16.90000000037253,0.0,2159.6999999983236,85,0,"{""RECOVERY"": 2, ""STABLE"": 77}",86,4122332,4096532,,,,,,,,,,,,,,,,,,,,,,,,,,,,,,,,
pc-a-publicStress-burst-pi-r4-mt8c8n03,pi,publicStress,burst,4,20260826,pc-a,pc,2.0.0,delay40,legacy,legacy,none,none,none,none,,False,unspecified,unknown,unknown,0.05,0.01,True,,0,0,0,0,0,0,0,79,0,0.0,16.899999999906868,16.89999999991199,4.176733484225128,4,2066.0,3,0,4.501744425965061,78.0,0.020448717873137595,0.020448717873137595,,,,,16.899999999906868,16.90000000037253,0.0,2160.7999999970198,85,0,"{""RECOVERY"": 4, ""STABLE"": 75}",86,4122332,4096532,,,,,,,,,,,,,,,,,,,,,,,,,,,,,,,,
pc-a-publicStress-burst-pi-r4-mt8c9qi7,pi,publicStress,burst,4,20260830,pc-a,pc,2.0.0,delay40,legacy,legacy,none,none,none,none,,False,unspecified,unknown,unknown,0.05,0.02,True,,0,0,0,0,0,0,0,79,0,0.0,16.899999999906868,16.90000000037253,4.05161535271986,4,2066.800000000745,1,0,1.498703621367531,78.0,0.022884615311303636,0.022884615311303636,,,,,16.899999999906868,16.90000000037253,0.0,2164.400000001304,85,0,"{""RECOVERY"": 2, ""STABLE"": 77}",86,4122332,4096532,,,,,,,,,,,,,,,,,,,,,,,,,,,,,,,,
pc-a-publicStress-burst-pi-r4-mt8cd10p,pi,publicStress,burst,4,20260838,pc-a,pc,2.0.0,delay40,legacy,legacy,none,none,none,none,,False,unspecified,unknown,unknown,0.05,0.1,False,window-blur,0,0,0,0,0,0,0,80,0,0.0,16.899999999930152,20.419949999864578,4.049572891033285,4,2000.0,1,0,1.4868893531290202,79.0,0.23221518978228953,0.23221518978228953,,,,,16.899999999906868,17.0,0.002092925910422771,2198.39999999851,85,0,"{""RECOVERY"": 2, ""STABLE"": 78}",86,4122332,4096532,,,,,,,,,,,,,,,,,,,,,,,,,,,,,,,,
pc-a-publicStress-burst-pi-r4-mt8ce4jv,pi,publicStress,burst,4,20260838,pc-a,pc,2.0.0,delay40,legacy,legacy,none,none,none,none,,False,unspecified,unknown,unknown,0.05,0.1,True,,0,0,0,0,0,0,0,79,0,0.0,16.899999999906868,16.899999999906868,4.051669376016005,4,2000.0,1,0,1.5005627110166138,78.0,0.02378205119345631,0.02378205119345631,,,,,16.800000000279397,16.90000000037253,0.0004177109440267335,2175.8000000016764,85,0,"{""RECOVERY"": 2, ""STABLE"": 77}",86,4122332,4096532,,,,,,,,,,,,,,,,,,,,,,,,,,,,,,,,
pc-b-bagAmsterdam-pressureBurst-cesiumDynamic-r1-mtjpzrwm,cesiumDynamic,bagAmsterdam,pressureBurst,1,20260823,pc-b,pc,2.3.6,lan,pilot,full-pilot-v2.3.6-pressure-burst,none,none,none,none,,False,unspecified,unknown,unknown,,,True,,0,0,0,0,0,0,0,76,0,0.0,16.805000000041037,16.900000000023283,16.0,1,2016.6999999999534,0,0,0.0,75.0,0.008266666664431455,0.008266666664431455,,,,,16.800000000046566,16.900000000023283,0.0,10145.299999952316,9,0,"{""STABLE"": 76}",10,829762,826762,True,4027.600000143051,16.800000000046566,2.0,10.0,17.5,0.0,"[{""binEndMs"": 20, ""binStartMs"": 0, ""count"": 2401}, {""binEndMs"": 33.33, ""binStartMs"": 20, ""count"": 0}, {""binEndMs"": 50, ""binStartMs"": 33.33, ""count"": 0}, {""binEndMs"": 66.67, ""binStartMs"": 50, ""count"": 0}, {""binEndMs"": null, ""binStartMs"": 66.67, ""count"": 0}]",,,,,,,,,,,,,,,,,,,,,,,,
pc-b-bagAmsterdam-pressureBurst-cesiumDynamic-r1-mtlh7tk7,cesiumDynamic,bagAmsterdam,pressureBurst,1,20260823,pc-b,pc,2.3.6,lan,pilot,request-peak-probe-v2.3.6-pressure-burst,none,none,none,none,,False,local,http://localhost:8088,localhost:8088,,,True,,0,0,0,0,0,0,0,76,0,0.0,16.899999999906868,16.9000000001397,16.0,1,2033.1000000000931,0,0,0.0,75.0,0.009733333326255244,0.009733333326255244,,,,,16.800000000046566,16.9000000001397,0.0,10129.100000143051,9,0,"{""STABLE"": 76}",10,829762,826762,True,4033.2999999523163,16.899999999906868,2.0,9.0,17.600000000093132,0.0,"[{""binEndMs"": 20, ""binStartMs"": 0, ""count"": 2401}, {""binEndMs"": 33.33, ""binStartMs"": 20, ""count"": 0}, {""binEndMs"": 50, ""binStartMs"": 33.33, ""count"": 0}, {""binEndMs"": 66.67, ""binStartMs"": 50, ""count"": 0}, {""binEndMs"": null, ""binStartMs"": 66.67, ""count"": 0}]",8.0,553576.0,7.0,3.0,6.0,8.0,553576.0,7.0,3.0,6.0,8.0,553576.0,7.0,3.0,6.0,"{""binMs"": 100, ""bins"": [{""encodedBodyBytes"": 257082, ""endMs"": 100, ""eventCount"": 8, ""startMs"": 0, ""transferBytes"": 259482}, {""encodedBodyBytes"": 553276, ""endMs"": 14200, ""eventCount"": 1, ""startMs"": 14100, ""transferBytes"": 553576}, {""encodedBodyBytes"": 16404, ""endMs"": 24500, ""eventCount"": 1, ""startMs"": 24400, ""transferBytes"": 16704}], ""originMs"": 1516038.600000143}","{""binMs"": 100, ""bins"": [{""endMs"": 100, ""eventCount"": 7, ""startMs"": 0}, {""endMs"": 14300, ""eventCount"": 1, ""startMs"": 14200}, {""endMs"": 24600, ""eventCount"": 1, ""startMs"": 24500}], ""originMs"": 1516052.7000000477}","{""binMs"": 100, ""bins"": [{""endMs"": 100, ""eventCount"": 3, ""requestQueuePeak"": 6, ""startMs"": 0}, {""endMs"": 14200, ""eventCount"": 2, ""requestQueuePeak"": 1, ""startMs"": 14100}, {""endMs"": 14300, ""eventCount"": 1, ""requestQueuePeak"": 0, ""startMs"": 14200}, {""endMs"": 24200, ""eventCount"": 1, ""requestQueuePeak"": 1, ""startMs"": 24100}, {""endMs"": 24500, ""eventCount"": 1, ""requestQueuePeak"": 1, ""startMs"": 24400}, {""endMs"": 24600, ""eventCount"": 1, ""requestQueuePeak"": 0, ""startMs"": 24500}], ""originMs"": 1516040.9000000954}","{""binMs"": 250, ""bins"": [{""encodedBodyBytes"": 257082, ""endMs"": 250, ""eventCount"": 8, ""startMs"": 0, ""transferBytes"": 259482}, {""encodedBodyBytes"": 553276, ""endMs"": 14250, ""eventCount"": 1, ""startMs"": 14000, ""transferBytes"": 553576}, {""encodedBodyBytes"": 16404, ""endMs"": 24500, ""eventCount"": 1, ""startMs"": 24250, ""transferBytes"": 16704}], ""originMs"": 1516038.600000143}","{""binMs"": 250, ""bins"": [{""endMs"": 250, ""eventCount"": 7, ""startMs"": 0}, {""endMs"": 14250, ""eventCount"": 1, ""startMs"": 14000}, {""endMs"": 24750, ""eventCount"": 1, ""startMs"": 24500}], ""originMs"": 1516052.7000000477}","{""binMs"": 250, ""bins"": [{""endMs"": 250, ""eventCount"": 3, ""requestQueuePeak"": 6, ""startMs"": 0}, {""endMs"": 14250, ""eventCount"": 3, ""requestQueuePeak"": 1, ""startMs"": 14000}, {""endMs"": 24250, ""eventCount"": 1, ""requestQueuePeak"": 1, ""startMs"": 24000}, {""endMs"": 24500, ""eventCount"": 1, ""requestQueuePeak"": 1, ""startMs"": 24250}, {""endMs"": 24750, ""eventCount"": 1, ""requestQueuePeak"": 0, ""startMs"": 24500}], ""originMs"": 1516040.9000000954}","{""binMs"": 500, ""bins"": [{""encodedBodyBytes"": 257082, ""endMs"": 500, ""eventCount"": 8, ""startMs"": 0, ""transferBytes"": 259482}, {""encodedBodyBytes"": 553276, ""endMs"": 14500, ""eventCount"": 1, ""startMs"": 14000, ""transferBytes"": 553576}, {""encodedBodyBytes"": 16404, ""endMs"": 24500, ""eventCount"": 1, ""startMs"": 24000, ""transferBytes"": 16704}], ""originMs"": 1516038.600000143}","{""binMs"": 500, ""bins"": [{""endMs"": 500, ""eventCount"": 7, ""startMs"": 0}, {""endMs"": 14500, ""eventCount"": 1, ""startMs"": 14000}, {""endMs"": 25000, ""eventCount"": 1, ""startMs"": 24500}], ""originMs"": 1516052.7000000477}","{""binMs"": 500, ""bins"": [{""endMs"": 500, ""eventCount"": 3, ""requestQueuePeak"": 6, ""startMs"": 0}, {""endMs"": 14500, ""eventCount"": 3, ""requestQueuePeak"": 1, ""startMs"": 14000}, {""endMs"": 24500, ""eventCount"": 2, ""requestQueuePeak"": 1, ""startMs"": 24000}, {""endMs"": 25000, ""eventCount"": 1, ""requestQueuePeak"": 0, ""startMs"": 24500}], ""originMs"": 1516040.9000000954}"
pc-b-bagAmsterdam-pressureBurst-cesiumDynamic-r1-mtliev4t,cesiumDynamic,bagAmsterdam,pressureBurst,1,20260823,pc-b,pc,2.3.6,lan,pilot,full-pilot-v2.3.6-pressure-burst,none,none,none,none,,False,local,http://localhost:8088,localhost:8088,,,True,,0,0,0,0,0,0,0,76,0,0.0,16.899999999906868,16.899999999906868,16.0,1,1533.3000000002794,0,0,0.0,75.0,0.013599999949335976,0.013599999949335976,,,,,16.800000000279397,17.0,0.0,10129.200000047684,9,0,"{""STABLE"": 76}",10,829762,826762,True,4028.2999999523163,16.799999999813735,2.0,9.0,17.90000000037253,0.0,"[{""binEndMs"": 20, ""binStartMs"": 0, ""count"": 2401}, {""binEndMs"": 33.33, ""binStartMs"": 20, ""count"": 0}, {""binEndMs"": 50, ""binStartMs"": 33.33, ""count"": 0}, {""binEndMs"": 66.67, ""binStartMs"": 50, ""count"": 0}, {""binEndMs"": null, ""binStartMs"": 66.67, ""count"": 0}]",8.0,553576.0,7.0,3.0,6.0,8.0,553576.0,7.0,3.0,6.0,8.0,553576.0,7.0,3.0,6.0,"{""binMs"": 100, ""bins"": [{""encodedBodyBytes"": 257082, ""endMs"": 100, ""eventCount"": 8, ""startMs"": 0, ""transferBytes"": 259482}, {""encodedBodyBytes"": 553276, ""endMs"": 14200, ""eventCount"": 1, ""startMs"": 14100, ""transferBytes"": 553576}, {""encodedBodyBytes"": 16404, ""endMs"": 24200, ""eventCount"": 1, ""startMs"": 24100, ""transferBytes"": 16704}], ""originMs"": 3524280.7000000477}","{""binMs"": 100, ""bins"": [{""endMs"": 100, ""eventCount"": 7, ""startMs"": 0}, {""endMs"": 14300, ""eventCount"": 1, ""startMs"": 14200}, {""endMs"": 24300, ""eventCount"": 1, ""startMs"": 24200}], ""originMs"": 3524294.2999999523}","{""binMs"": 100, ""bins"": [{""endMs"": 100, ""eventCount"": 3, ""requestQueuePeak"": 6, ""startMs"": 0}, {""endMs"": 14200, ""eventCount"": 2, ""requestQueuePeak"": 1, ""startMs"": 14100}, {""endMs"": 14300, ""eventCount"": 1, ""requestQueuePeak"": 0, ""startMs"": 14200}, {""endMs"": 24200, ""eventCount"": 2, ""requestQueuePeak"": 1, ""startMs"": 24100}, {""endMs"": 24300, ""eventCount"": 1, ""requestQueuePeak"": 0, ""startMs"": 24200}], ""originMs"": 3524282.5}","{""binMs"": 250, ""bins"": [{""encodedBodyBytes"": 257082, ""endMs"": 250, ""eventCount"": 8, ""startMs"": 0, ""transferBytes"": 259482}, {""encodedBodyBytes"": 553276, ""endMs"": 14250, ""eventCount"": 1, ""startMs"": 14000, ""transferBytes"": 553576}, {""encodedBodyBytes"": 16404, ""endMs"": 24250, ""eventCount"": 1, ""startMs"": 24000, ""transferBytes"": 16704}], ""originMs"": 3524280.7000000477}","{""binMs"": 250, ""bins"": [{""endMs"": 250, ""eventCount"": 7, ""startMs"": 0}, {""endMs"": 14250, ""eventCount"": 1, ""startMs"": 14000}, {""endMs"": 24250, ""eventCount"": 1, ""startMs"": 24000}], ""originMs"": 3524294.2999999523}","{""binMs"": 250, ""bins"": [{""endMs"": 250, ""eventCount"": 3, ""requestQueuePeak"": 6, ""startMs"": 0}, {""endMs"": 14250, ""eventCount"": 3, ""requestQueuePeak"": 1, ""startMs"": 14000}, {""endMs"": 24250, ""eventCount"": 3, ""requestQueuePeak"": 1, ""startMs"": 24000}], ""originMs"": 3524282.5}","{""binMs"": 500, ""bins"": [{""encodedBodyBytes"": 257082, ""endMs"": 500, ""eventCount"": 8, ""startMs"": 0, ""transferBytes"": 259482}, {""encodedBodyBytes"": 553276, ""endMs"": 14500, ""eventCount"": 1, ""startMs"": 14000, ""transferBytes"": 553576}, {""encodedBodyBytes"": 16404, ""endMs"": 24500, ""eventCount"": 1, ""startMs"": 24000, ""transferBytes"": 16704}], ""originMs"": 3524280.7000000477}","{""binMs"": 500, ""bins"": [{""endMs"": 500, ""eventCount"": 7, ""startMs"": 0}, {""endMs"": 14500, ""eventCount"": 1, ""startMs"": 14000}, {""endMs"": 24500, ""eventCount"": 1, ""startMs"": 24000}], ""originMs"": 3524294.2999999523}","{""binMs"": 500, ""bins"": [{""endMs"": 500, ""eventCount"": 3, ""requestQueuePeak"": 6, ""startMs"": 0}, {""endMs"": 14500, ""eventCount"": 3, ""requestQueuePeak"": 1, ""startMs"": 14000}, {""endMs"": 24500, ""eventCount"": 3, ""requestQueuePeak"": 1, ""startMs"": 24000}], ""originMs"": 3524282.5}"
pc-b-bagAmsterdam-pressureBurst-cesiumDynamic-r2-mtjq6y8n,cesiumDynamic,bagAmsterdam,pressureBurst,2,20260824,pc-b,pc,2.3.6,lan,pilot,full-pilot-v2.3.6-pressure-burst,none,none,none,none,,False,unspecified,unknown,unknown,,,True,,0,0,0,0,0,0,0,76,0,0.0,16.8287500000064,16.899999999940334,16.0,1,1516.7000000001863,0,0,0.0,75.0,0.006866666660333607,0.006866666660333607,,,,,16.800000000046566,16.9000000001397,0.0,10120.900000095367,9,0,"{""STABLE"": 76}",10,829762,826762,True,4031.899999856949,16.800000000046566,2.0,12.0,17.5,0.0,"[{""binEndMs"": 20, ""binStartMs"": 0, ""count"": 2401}, {""binEndMs"": 33.33, ""binStartMs"": 20, ""count"": 0}, {""binEndMs"": 50, ""binStartMs"": 33.33, ""count"": 0}, {""binEndMs"": 66.67, ""binStartMs"": 50, ""count"": 0}, {""binEndMs"": null, ""binStartMs"": 66.67, ""count"": 0}]",,,,,,,,,,,,,,,,,,,,,,,,
pc-b-bagAmsterdam-pressureBurst-cesiumDynamic-r2-mtlilysk,cesiumDynamic,bagAmsterdam,pressureBurst,2,20260824,pc-b,pc,2.3.6,lan,pilot,full-pilot-v2.3.6-pressure-burst,none,none,none,none,,False,local,http://localhost:8088,localhost:8088,,,True,,0,0,0,0,0,0,0,75,0,0.0,16.899999999906868,16.90000000037253,16.0,1,1016.6000000000931,0,0,0.0,74.0,0.02209459453745656,0.02209459453745656,,,,,16.800000000279397,17.0,0.0,10112.200000047684,9,0,"{""STABLE"": 75}",10,829762,826762,True,4032.0,16.800000000279397,2.0,9.0,17.5,0.0,"[{""binEndMs"": 20, ""binStartMs"": 0, ""count"": 2401}, {""binEndMs"": 33.33, ""binStartMs"": 20, ""count"": 0}, {""binEndMs"": 50, ""binStartMs"": 33.33, ""count"": 0}, {""binEndMs"": 66.67, ""binStartMs"": 50, ""count"": 0}, {""binEndMs"": null, ""binStartMs"": 66.67, ""count"": 0}]",8.0,553576.0,7.0,3.0,6.0,8.0,553576.0,7.0,3.0,6.0,8.0,553576.0,7.0,3.0,6.0,"{""binMs"": 100, ""bins"": [{""encodedBodyBytes"": 257082, ""endMs"": 100, ""eventCount"": 8, ""startMs"": 0, ""transferBytes"": 259482}, {""encodedBodyBytes"": 553276, ""endMs"": 14200, ""eventCount"": 1, ""startMs"": 14100, ""transferBytes"": 553576}, {""encodedBodyBytes"": 16404, ""endMs"": 24200, ""eventCount"": 1, ""startMs"": 24100, ""transferBytes"": 16704}], ""originMs"": 3855630.100000143}","{""binMs"": 100, ""bins"": [{""endMs"": 100, ""eventCount"": 7, ""startMs"": 0}, {""endMs"": 14300, ""eventCount"": 1, ""startMs"": 14200}, {""endMs"": 24200, ""eventCount"": 1, ""startMs"": 24100}], ""originMs"": 3855642.9000000954}","{""binMs"": 100, ""bins"": [{""endMs"": 100, ""eventCount"": 3, ""requestQueuePeak"": 6, ""startMs"": 0}, {""endMs"": 14200, ""eventCount"": 2, ""requestQueuePeak"": 1, ""startMs"": 14100}, {""endMs"": 14300, ""eventCount"": 1, ""requestQueuePeak"": 0, ""startMs"": 14200}, {""endMs"": 24200, ""eventCount"": 2, ""requestQueuePeak"": 1, ""startMs"": 24100}, {""endMs"": 24300, ""eventCount"": 1, ""requestQueuePeak"": 0, ""startMs"": 24200}], ""originMs"": 3855631.5}","{""binMs"": 250, ""bins"": [{""encodedBodyBytes"": 257082, ""endMs"": 250, ""eventCount"": 8, ""startMs"": 0, ""transferBytes"": 259482}, {""encodedBodyBytes"": 553276, ""endMs"": 14250, ""eventCount"": 1, ""startMs"": 14000, ""transferBytes"": 553576}, {""encodedBodyBytes"": 16404, ""endMs"": 24250, ""eventCount"": 1, ""startMs"": 24000, ""transferBytes"": 16704}], ""originMs"": 3855630.100000143}","{""binMs"": 250, ""bins"": [{""endMs"": 250, ""eventCount"": 7, ""startMs"": 0}, {""endMs"": 14250, ""eventCount"": 1, ""startMs"": 14000}, {""endMs"": 24250, ""eventCount"": 1, ""startMs"": 24000}], ""originMs"": 3855642.9000000954}","{""binMs"": 250, ""bins"": [{""endMs"": 250, ""eventCount"": 3, ""requestQueuePeak"": 6, ""startMs"": 0}, {""endMs"": 14250, ""eventCount"": 3, ""requestQueuePeak"": 1, ""startMs"": 14000}, {""endMs"": 24250, ""eventCount"": 3, ""requestQueuePeak"": 1, ""startMs"": 24000}], ""originMs"": 3855631.5}","{""binMs"": 500, ""bins"": [{""encodedBodyBytes"": 257082, ""endMs"": 500, ""eventCount"": 8, ""startMs"": 0, ""transferBytes"": 259482}, {""encodedBodyBytes"": 553276, ""endMs"": 14500, ""eventCount"": 1, ""startMs"": 14000, ""transferBytes"": 553576}, {""encodedBodyBytes"": 16404, ""endMs"": 24500, ""eventCount"": 1, ""startMs"": 24000, ""transferBytes"": 16704}], ""originMs"": 3855630.100000143}","{""binMs"": 500, ""bins"": [{""endMs"": 500, ""eventCount"": 7, ""startMs"": 0}, {""endMs"": 14500, ""eventCount"": 1, ""startMs"": 14000}, {""endMs"": 24500, ""eventCount"": 1, ""startMs"": 24000}], ""originMs"": 3855642.9000000954}","{""binMs"": 500, ""bins"": [{""endMs"": 500, ""eventCount"": 3, ""requestQueuePeak"": 6, ""startMs"": 0}, {""endMs"": 14500, ""eventCount"": 3, ""requestQueuePeak"": 1, ""startMs"": 14000}, {""endMs"": 24500, ""eventCount"": 3, ""requestQueuePeak"": 1, ""startMs"": 24000}], ""originMs"": 3855631.5}"
pc-b-bagAmsterdam-pressureBurst-cesiumDynamic-r3-mtjqbou3,cesiumDynamic,bagAmsterdam,pressureBurst,3,20260825,pc-b,pc,2.3.6,lan,pilot,full-pilot-v2.3.6-pressure-burst,none,none,none,none,,False,unspecified,unknown,unknown,,,True,,0,0,0,0,0,0,0,76,0,0.0,16.899999999965075,16.9000000001397,16.0,1,1533.1999999999534,0,0,0.0,75.0,0.00819999999475352,0.00819999999475352,,,,,16.800000000046566,16.9000000001397,0.0,10131.700000047684,9,0,"{""STABLE"": 76}",10,829762,826762,True,4031.100000143051,16.800000000046566,2.0,12.0,17.800000000046566,0.0,"[{""binEndMs"": 20, ""binStartMs"": 0, ""count"": 2401}, {""binEndMs"": 33.33, ""binStartMs"": 20, ""count"": 0}, {""binEndMs"": 50, ""binStartMs"": 33.33, ""count"": 0}, {""binEndMs"": 66.67, ""binStartMs"": 50, ""count"": 0}, {""binEndMs"": null, ""binStartMs"": 66.67, ""count"": 0}]",,,,,,,,,,,,,,,,,,,,,,,,
pc-b-bagAmsterdam-pressureBurst-cesiumDynamic-r3-mtliqp86,cesiumDynamic,bagAmsterdam,pressureBurst,3,20260825,pc-b,pc,2.3.6,lan,pilot,full-pilot-v2.3.6-pressure-burst,none,none,none,none,,False,local,http://localhost:8088,localhost:8088,,,True,,0,0,0,0,0,0,0,75,0,0.0,16.899999999906868,16.90000000004517,16.0,1,1000.0999999996275,0,0,0.0,74.0,0.012297297289557233,0.012297297289557233,,,,,16.800000000279397,16.90000000037253,0.0,10112.699999809265,9,0,"{""STABLE"": 75}",10,829762,826762,True,4032.100000143051,16.800000000279397,2.0,9.0,17.5,0.0,"[{""binEndMs"": 20, ""binStartMs"": 0, ""count"": 2401}, {""binEndMs"": 33.33, ""binStartMs"": 20, ""count"": 0}, {""binEndMs"": 50, ""binStartMs"": 33.33, ""count"": 0}, {""binEndMs"": 66.67, ""binStartMs"": 50, ""count"": 0}, {""binEndMs"": null, ""binStartMs"": 66.67, ""count"": 0}]",8.0,553576.0,7.0,3.0,6.0,8.0,553576.0,7.0,3.0,6.0,8.0,553576.0,7.0,3.0,6.0,"{""binMs"": 100, ""bins"": [{""encodedBodyBytes"": 257082, ""endMs"": 100, ""eventCount"": 8, ""startMs"": 0, ""transferBytes"": 259482}, {""encodedBodyBytes"": 553276, ""endMs"": 14200, ""eventCount"": 1, ""startMs"": 14100, ""transferBytes"": 553576}, {""encodedBodyBytes"": 16404, ""endMs"": 24200, ""eventCount"": 1, ""startMs"": 24100, ""transferBytes"": 16704}], ""originMs"": 4076512.2000000477}","{""binMs"": 100, ""bins"": [{""endMs"": 100, ""eventCount"": 7, ""startMs"": 0}, {""endMs"": 14300, ""eventCount"": 1, ""startMs"": 14200}, {""endMs"": 24300, ""eventCount"": 1, ""startMs"": 24200}], ""originMs"": 4076525.2999999523}","{""binMs"": 100, ""bins"": [{""endMs"": 100, ""eventCount"": 3, ""requestQueuePeak"": 6, ""startMs"": 0}, {""endMs"": 14200, ""eventCount"": 2, ""requestQueuePeak"": 1, ""startMs"": 14100}, {""endMs"": 14300, ""eventCount"": 1, ""requestQueuePeak"": 0, ""startMs"": 14200}, {""endMs"": 24200, ""eventCount"": 2, ""requestQueuePeak"": 1, ""startMs"": 24100}, {""endMs"": 24300, ""eventCount"": 1, ""requestQueuePeak"": 0, ""startMs"": 24200}], ""originMs"": 4076513.600000143}","{""binMs"": 250, ""bins"": [{""encodedBodyBytes"": 257082, ""endMs"": 250, ""eventCount"": 8, ""startMs"": 0, ""transferBytes"": 259482}, {""encodedBodyBytes"": 553276, ""endMs"": 14250, ""eventCount"": 1, ""startMs"": 14000, ""transferBytes"": 553576}, {""encodedBodyBytes"": 16404, ""endMs"": 24250, ""eventCount"": 1, ""startMs"": 24000, ""transferBytes"": 16704}], ""originMs"": 4076512.2000000477}","{""binMs"": 250, ""bins"": [{""endMs"": 250, ""eventCount"": 7, ""startMs"": 0}, {""endMs"": 14250, ""eventCount"": 1, ""startMs"": 14000}, {""endMs"": 24250, ""eventCount"": 1, ""startMs"": 24000}], ""originMs"": 4076525.2999999523}","{""binMs"": 250, ""bins"": [{""endMs"": 250, ""eventCount"": 3, ""requestQueuePeak"": 6, ""startMs"": 0}, {""endMs"": 14250, ""eventCount"": 3, ""requestQueuePeak"": 1, ""startMs"": 14000}, {""endMs"": 24250, ""eventCount"": 3, ""requestQueuePeak"": 1, ""startMs"": 24000}], ""originMs"": 4076513.600000143}","{""binMs"": 500, ""bins"": [{""encodedBodyBytes"": 257082, ""endMs"": 500, ""eventCount"": 8, ""startMs"": 0, ""transferBytes"": 259482}, {""encodedBodyBytes"": 553276, ""endMs"": 14500, ""eventCount"": 1, ""startMs"": 14000, ""transferBytes"": 553576}, {""encodedBodyBytes"": 16404, ""endMs"": 24500, ""eventCount"": 1, ""startMs"": 24000, ""transferBytes"": 16704}], ""originMs"": 4076512.2000000477}","{""binMs"": 500, ""bins"": [{""endMs"": 500, ""eventCount"": 7, ""startMs"": 0}, {""endMs"": 14500, ""eventCount"": 1, ""startMs"": 14000}, {""endMs"": 24500, ""eventCount"": 1, ""startMs"": 24000}], ""originMs"": 4076525.2999999523}","{""binMs"": 500, ""bins"": [{""endMs"": 500, ""eventCount"": 3, ""requestQueuePeak"": 6, ""startMs"": 0}, {""endMs"": 14500, ""eventCount"": 3, ""requestQueuePeak"": 1, ""startMs"": 14000}, {""endMs"": 24500, ""eventCount"": 3, ""requestQueuePeak"": 1, ""startMs"": 24000}], ""originMs"": 4076513.600000143}"
pc-b-bagAmsterdam-pressureBurst-cesiumDynamic-r4-mtjqisux,cesiumDynamic,bagAmsterdam,pressureBurst,4,20260826,pc-b,pc,2.3.6,lan,pilot,full-pilot-v2.3.6-pressure-burst,none,none,none,none,,False,unspecified,unknown,unknown,,,True,,0,0,0,0,0,0,0,75,0,0.0,16.899999999906868,16.899999999906868,16.0,1,1000.1000000000931,0,0,0.0,74.0,0.0041891891833369405,0.0041891891833369405,,,,,16.800000000046566,16.9000000001397,0.0,10122.400000095367,9,0,"{""STABLE"": 75}",10,829762,826762,True,4031.9000000953674,16.899999999906868,2.0,12.0,17.4000000001397,0.0,"[{""binEndMs"": 20, ""binStartMs"": 0, ""count"": 2401}, {""binEndMs"": 33.33, ""binStartMs"": 20, ""count"": 0}, {""binEndMs"": 50, ""binStartMs"": 33.33, ""count"": 0}, {""binEndMs"": 66.67, ""binStartMs"": 50, ""count"": 0}, {""binEndMs"": null, ""binStartMs"": 66.67, ""count"": 0}]",,,,,,,,,,,,,,,,,,,,,,,,
pc-b-bagAmsterdam-pressureBurst-cesiumDynamic-r4-mtlixsua,cesiumDynamic,bagAmsterdam,pressureBurst,4,20260826,pc-b,pc,2.3.6,lan,pilot,full-pilot-v2.3.6-pressure-burst,none,none,none,none,,False,local,http://localhost:8088,localhost:8088,,,True,,0,0,0,0,0,0,0,76,0,0.0,16.90000000037253,16.90000000037253,16.0,1,1534.0999999996275,0,0,0.0,75.0,0.021399999907861133,0.021399999907861133,,,,,16.800000000745058,17.0,0.0,10111.900000095367,9,0,"{""STABLE"": 76}",10,829762,826762,True,4029.399999856949,16.90000000037253,2.0,10.0,17.90000000037253,0.0,"[{""binEndMs"": 20, ""binStartMs"": 0, ""count"": 2401}, {""binEndMs"": 33.33, ""binStartMs"": 20, ""count"": 0}, {""binEndMs"": 50, ""binStartMs"": 33.33, ""count"": 0}, {""binEndMs"": 66.67, ""binStartMs"": 50, ""count"": 0}, {""binEndMs"": null, ""binStartMs"": 66.67, ""count"": 0}]",8.0,553576.0,7.0,4.0,6.0,8.0,553576.0,7.0,4.0,6.0,8.0,553576.0,7.0,4.0,6.0,"{""binMs"": 100, ""bins"": [{""encodedBodyBytes"": 257082, ""endMs"": 100, ""eventCount"": 8, ""startMs"": 0, ""transferBytes"": 259482}, {""encodedBodyBytes"": 553276, ""endMs"": 14200, ""eventCount"": 1, ""startMs"": 14100, ""transferBytes"": 553576}, {""encodedBodyBytes"": 16404, ""endMs"": 24200, ""eventCount"": 1, ""startMs"": 24100, ""transferBytes"": 16704}], ""originMs"": 4407777.799999952}","{""binMs"": 100, ""bins"": [{""endMs"": 100, ""eventCount"": 7, ""startMs"": 0}, {""endMs"": 14200, ""eventCount"": 1, ""startMs"": 14100}, {""endMs"": 24300, ""eventCount"": 1, ""startMs"": 24200}], ""originMs"": 4407790.700000048}","{""binMs"": 100, ""bins"": [{""endMs"": 100, ""eventCount"": 4, ""requestQueuePeak"": 6, ""startMs"": 0}, {""endMs"": 14200, ""eventCount"": 2, ""requestQueuePeak"": 1, ""startMs"": 14100}, {""endMs"": 14300, ""eventCount"": 1, ""requestQueuePeak"": 0, ""startMs"": 14200}, {""endMs"": 24200, ""eventCount"": 2, ""requestQueuePeak"": 1, ""startMs"": 24100}, {""endMs"": 24300, ""eventCount"": 1, ""requestQueuePeak"": 0, ""startMs"": 24200}], ""originMs"": 4407779.700000048}","{""binMs"": 250, ""bins"": [{""encodedBodyBytes"": 257082, ""endMs"": 250, ""eventCount"": 8, ""startMs"": 0, ""transferBytes"": 259482}, {""encodedBodyBytes"": 553276, ""endMs"": 14250, ""eventCount"": 1, ""startMs"": 14000, ""transferBytes"": 553576}, {""encodedBodyBytes"": 16404, ""endMs"": 24250, ""eventCount"": 1, ""startMs"": 24000, ""transferBytes"": 16704}], ""originMs"": 4407777.799999952}","{""binMs"": 250, ""bins"": [{""endMs"": 250, ""eventCount"": 7, ""startMs"": 0}, {""endMs"": 14250, ""eventCount"": 1, ""startMs"": 14000}, {""endMs"": 24250, ""eventCount"": 1, ""startMs"": 24000}], ""originMs"": 4407790.700000048}","{""binMs"": 250, ""bins"": [{""endMs"": 250, ""eventCount"": 4, ""requestQueuePeak"": 6, ""startMs"": 0}, {""endMs"": 14250, ""eventCount"": 3, ""requestQueuePeak"": 1, ""startMs"": 14000}, {""endMs"": 24250, ""eventCount"": 3, ""requestQueuePeak"": 1, ""startMs"": 24000}], ""originMs"": 4407779.700000048}","{""binMs"": 500, ""bins"": [{""encodedBodyBytes"": 257082, ""endMs"": 500, ""eventCount"": 8, ""startMs"": 0, ""transferBytes"": 259482}, {""encodedBodyBytes"": 553276, ""endMs"": 14500, ""eventCount"": 1, ""startMs"": 14000, ""transferBytes"": 553576}, {""encodedBodyBytes"": 16404, ""endMs"": 24500, ""eventCount"": 1, ""startMs"": 24000, ""transferBytes"": 16704}], ""originMs"": 4407777.799999952}","{""binMs"": 500, ""bins"": [{""endMs"": 500, ""eventCount"": 7, ""startMs"": 0}, {""endMs"": 14500, ""eventCount"": 1, ""startMs"": 14000}, {""endMs"": 24500, ""eventCount"": 1, ""startMs"": 24000}], ""originMs"": 4407790.700000048}","{""binMs"": 500, ""bins"": [{""endMs"": 500, ""eventCount"": 4, ""requestQueuePeak"": 6, ""startMs"": 0}, {""endMs"": 14500, ""eventCount"": 3, ""requestQueuePeak"": 1, ""startMs"": 14000}, {""endMs"": 24500, ""eventCount"": 3, ""requestQueuePeak"": 1, ""startMs"": 24000}], ""originMs"": 4407779.700000048}"
pc-b-bagAmsterdam-pressureBurst-fixed16-r1-mtjpv0qv,fixed16,bagAmsterdam,pressureBurst,1,20260823,pc-b,pc,2.3.6,lan,pilot,full-pilot-v2.3.6-pressure-burst,none,none,none,none,,False,unspecified,unknown,unknown,,,True,,0,0,0,0,0,0,0,75,0,0.0,16.899999999965075,16.899999999982363,16.0,13,31349.899999999965,0,0,0.0,74.0,0.005405405416810941,0.005405405416810941,,,,,16.800000000046566,16.900000000023283,0.0,10139.400000095367,30,0,"{""STABLE"": 75}",31,15454198,15444898,True,4031.9000000953674,16.899999999965075,2.0,49.0,17.400000000023283,0.0,"[{""binEndMs"": 20, ""binStartMs"": 0, ""count"": 2401}, {""binEndMs"": 33.33, ""binStartMs"": 20, ""count"": 0}, {""binEndMs"": 50, ""binStartMs"": 33.33, ""count"": 0}, {""binEndMs"": 66.67, ""binStartMs"": 50, ""count"": 0}, {""binEndMs"": null, ""binStartMs"": 66.67, ""count"": 0}]",,,,,,,,,,,,,,,,,,,,,,,,
pc-b-bagAmsterdam-pressureBurst-fixed16-r1-mtlh334s,fixed16,bagAmsterdam,pressureBurst,1,20260823,pc-b,pc,2.3.6,lan,pilot,request-peak-probe-v2.3.6-pressure-burst,none,none,none,none,,False,local,http://localhost:8088,localhost:8088,,,True,,0,0,0,0,0,0,0,76,0,0.0,16.899999999906868,16.899999999906868,16.0,13,18597.900000000605,0,0,0.0,75.0,0.007133333323368116,0.007133333323368116,,,,,16.800000000046566,17.0,0.0,10111.299999952316,30,0,"{""STABLE"": 76}",31,15454198,15444898,True,4033.5,16.800000000046566,2.0,16.0,17.5,0.0,"[{""binEndMs"": 20, ""binStartMs"": 0, ""count"": 2401}, {""binEndMs"": 33.33, ""binStartMs"": 20, ""count"": 0}, {""binEndMs"": 50, ""binStartMs"": 33.33, ""count"": 0}, {""binEndMs"": 66.67, ""binStartMs"": 50, ""count"": 0}, {""binEndMs"": null, ""binStartMs"": 66.67, ""count"": 0}]",13.0,9514952.0,8.0,3.0,13.0,13.0,9514952.0,13.0,5.0,13.0,13.0,9514952.0,13.0,5.0,13.0,"{""binMs"": 100, ""bins"": [{""encodedBodyBytes"": 257082, ""endMs"": 100, ""eventCount"": 8, ""startMs"": 0, ""transferBytes"": 259482}, {""encodedBodyBytes"": 9511052, ""endMs"": 14200, ""eventCount"": 13, ""startMs"": 14100, ""transferBytes"": 9514952}, {""encodedBodyBytes"": 2938220, ""endMs"": 24200, ""eventCount"": 8, ""startMs"": 24100, ""transferBytes"": 2940620}, {""encodedBodyBytes"": 2738544, ""endMs"": 44200, ""eventCount"": 2, ""startMs"": 44100, ""transferBytes"": 2739144}], ""originMs"": 1295174.100000143}","{""binMs"": 100, ""bins"": [{""endMs"": 100, ""eventCount"": 7, ""startMs"": 0}, {""endMs"": 14200, ""eventCount"": 8, ""startMs"": 14100}, {""endMs"": 14300, ""eventCount"": 5, ""startMs"": 14200}, {""endMs"": 24200, ""eventCount"": 6, ""startMs"": 24100}, {""endMs"": 24300, ""eventCount"": 2, ""startMs"": 24200}, {""endMs"": 44200, ""eventCount"": 2, ""startMs"": 44100}], ""originMs"": 1295187}","{""binMs"": 100, ""bins"": [{""endMs"": 100, ""eventCount"": 3, ""requestQueuePeak"": 6, ""startMs"": 0}, {""endMs"": 14200, ""eventCount"": 3, ""requestQueuePeak"": 13, ""startMs"": 14100}, {""endMs"": 14300, ""eventCount"": 2, ""requestQueuePeak"": 5, ""startMs"": 14200}, {""endMs"": 24200, ""eventCount"": 3, ""requestQueuePeak"": 8, ""startMs"": 24100}, {""endMs"": 24300, ""eventCount"": 2, ""requestQueuePeak"": 2, ""startMs"": 24200}, {""endMs"": 44200, ""eventCount"": 2, ""requestQueuePeak"": 2, ""startMs"": 44100}, {""endMs"": 44300, ""eventCount"": 1, ""requestQueuePeak"": 0, ""startMs"": 44200}], ""originMs"": 1295175.9000000954}","{""binMs"": 250, ""bins"": [{""encodedBodyBytes"": 257082, ""endMs"": 250, ""eventCount"": 8, ""startMs"": 0, ""transferBytes"": 259482}, {""encodedBodyBytes"": 9511052, ""endMs"": 14250, ""eventCount"": 13, ""startMs"": 14000, ""transferBytes"": 9514952}, {""encodedBodyBytes"": 2938220, ""endMs"": 24250, ""eventCount"": 8, ""startMs"": 24000, ""transferBytes"": 2940620}, {""encodedBodyBytes"": 2738544, ""endMs"": 44250, ""eventCount"": 2, ""startMs"": 44000, ""transferBytes"": 2739144}], ""originMs"": 1295174.100000143}","{""binMs"": 250, ""bins"": [{""endMs"": 250, ""eventCount"": 7, ""startMs"": 0}, {""endMs"": 14250, ""eventCount"": 13, ""startMs"": 14000}, {""endMs"": 24250, ""eventCount"": 8, ""startMs"": 24000}, {""endMs"": 44250, ""eventCount"": 2, ""startMs"": 44000}], ""originMs"": 1295187}","{""binMs"": 250, ""bins"": [{""endMs"": 250, ""eventCount"": 3, ""requestQueuePeak"": 6, ""startMs"": 0}, {""endMs"": 14250, ""eventCount"": 5, ""requestQueuePeak"": 13, ""startMs"": 14000}, {""endMs"": 24250, ""eventCount"": 5, ""requestQueuePeak"": 8, ""startMs"": 24000}, {""endMs"": 44250, ""eventCount"": 3, ""requestQueuePeak"": 2, ""startMs"": 44000}], ""originMs"": 1295175.9000000954}","{""binMs"": 500, ""bins"": [{""encodedBodyBytes"": 257082, ""endMs"": 500, ""eventCount"": 8, ""startMs"": 0, ""transferBytes"": 259482}, {""encodedBodyBytes"": 9511052, ""endMs"": 14500, ""eventCount"": 13, ""startMs"": 14000, ""transferBytes"": 9514952}, {""encodedBodyBytes"": 2938220, ""endMs"": 24500, ""eventCount"": 8, ""startMs"": 24000, ""transferBytes"": 2940620}, {""encodedBodyBytes"": 2738544, ""endMs"": 44500, ""eventCount"": 2, ""startMs"": 44000, ""transferBytes"": 2739144}], ""originMs"": 1295174.100000143}","{""binMs"": 500, ""bins"": [{""endMs"": 500, ""eventCount"": 7, ""startMs"": 0}, {""endMs"": 14500, ""eventCount"": 13, ""startMs"": 14000}, {""endMs"": 24500, ""eventCount"": 8, ""startMs"": 24000}, {""endMs"": 44500, ""eventCount"": 2, ""startMs"": 44000}], ""originMs"": 1295187}","{""binMs"": 500, ""bins"": [{""endMs"": 500, ""eventCount"": 3, ""requestQueuePeak"": 6, ""startMs"": 0}, {""endMs"": 14500, ""eventCount"": 5, ""requestQueuePeak"": 13, ""startMs"": 14000}, {""endMs"": 24500, ""eventCount"": 5, ""requestQueuePeak"": 8, ""startMs"": 24000}, {""endMs"": 44500, ""eventCount"": 3, ""requestQueuePeak"": 2, ""startMs"": 44000}], ""originMs"": 1295175.9000000954}"
pc-b-bagAmsterdam-pressureBurst-fixed16-r1-mtlia4ot,fixed16,bagAmsterdam,pressureBurst,1,20260823,pc-b,pc,2.3.6,lan,pilot,full-pilot-v2.3.6-pressure-burst,none,none,none,none,,False,local,http://localhost:8088,localhost:8088,,,True,,0,0,0,0,0,0,0,76,0,0.0,16.899999999906868,16.899999999906868,16.0,13,18003.700000003446,0,0,0.0,75.0,0.0026666666998838196,0.0026666666998838196,,,,,16.800000000279397,17.0,0.0,10128.799999952316,30,0,"{""STABLE"": 76}",31,15454198,15444898,True,4033.699999809265,16.800000000279397,2.0,16.0,17.5,0.0,"[{""binEndMs"": 20, ""binStartMs"": 0, ""count"": 2401}, {""binEndMs"": 33.33, ""binStartMs"": 20, ""count"": 0}, {""binEndMs"": 50, ""binStartMs"": 33.33, ""count"": 0}, {""binEndMs"": 66.67, ""binStartMs"": 50, ""count"": 0}, {""binEndMs"": null, ""binStartMs"": 66.67, ""count"": 0}]",13.0,9514952.0,13.0,3.0,13.0,13.0,9514952.0,13.0,5.0,13.0,13.0,9514952.0,13.0,5.0,13.0,"{""binMs"": 100, ""bins"": [{""encodedBodyBytes"": 257082, ""endMs"": 100, ""eventCount"": 8, ""startMs"": 0, ""transferBytes"": 259482}, {""encodedBodyBytes"": 9511052, ""endMs"": 14200, ""eventCount"": 13, ""startMs"": 14100, ""transferBytes"": 9514952}, {""encodedBodyBytes"": 2938220, ""endMs"": 24200, ""eventCount"": 8, ""startMs"": 24100, ""transferBytes"": 2940620}, {""encodedBodyBytes"": 2738544, ""endMs"": 44200, ""eventCount"": 2, ""startMs"": 44100, ""transferBytes"": 2739144}], ""originMs"": 3303398.9000000954}","{""binMs"": 100, ""bins"": [{""endMs"": 100, ""eventCount"": 7, ""startMs"": 0}, {""endMs"": 14300, ""eventCount"": 13, ""startMs"": 14200}, {""endMs"": 24300, ""eventCount"": 8, ""startMs"": 24200}, {""endMs"": 44300, ""eventCount"": 2, ""startMs"": 44200}], ""originMs"": 3303411.7999999523}","{""binMs"": 100, ""bins"": [{""endMs"": 100, ""eventCount"": 3, ""requestQueuePeak"": 6, ""startMs"": 0}, {""endMs"": 14200, ""eventCount"": 2, ""requestQueuePeak"": 13, ""startMs"": 14100}, {""endMs"": 14300, ""eventCount"": 3, ""requestQueuePeak"": 13, ""startMs"": 14200}, {""endMs"": 24200, ""eventCount"": 3, ""requestQueuePeak"": 8, ""startMs"": 24100}, {""endMs"": 24300, ""eventCount"": 2, ""requestQueuePeak"": 3, ""startMs"": 24200}, {""endMs"": 44200, ""eventCount"": 2, ""requestQueuePeak"": 2, ""startMs"": 44100}, {""endMs"": 44300, ""eventCount"": 1, ""requestQueuePeak"": 0, ""startMs"": 44200}], ""originMs"": 3303400.4000000954}","{""binMs"": 250, ""bins"": [{""encodedBodyBytes"": 257082, ""endMs"": 250, ""eventCount"": 8, ""startMs"": 0, ""transferBytes"": 259482}, {""encodedBodyBytes"": 9511052, ""endMs"": 14250, ""eventCount"": 13, ""startMs"": 14000, ""transferBytes"": 9514952}, {""encodedBodyBytes"": 2938220, ""endMs"": 24250, ""eventCount"": 8, ""startMs"": 24000, ""transferBytes"": 2940620}, {""encodedBodyBytes"": 2738544, ""endMs"": 44250, ""eventCount"": 2, ""startMs"": 44000, ""transferBytes"": 2739144}], ""originMs"": 3303398.9000000954}","{""binMs"": 250, ""bins"": [{""endMs"": 250, ""eventCount"": 7, ""startMs"": 0}, {""endMs"": 14250, ""eventCount"": 13, ""startMs"": 14000}, {""endMs"": 24250, ""eventCount"": 8, ""startMs"": 24000}, {""endMs"": 44250, ""eventCount"": 2, ""startMs"": 44000}], ""originMs"": 3303411.7999999523}","{""binMs"": 250, ""bins"": [{""endMs"": 250, ""eventCount"": 3, ""requestQueuePeak"": 6, ""startMs"": 0}, {""endMs"": 14250, ""eventCount"": 5, ""requestQueuePeak"": 13, ""startMs"": 14000}, {""endMs"": 24250, ""eventCount"": 5, ""requestQueuePeak"": 8, ""startMs"": 24000}, {""endMs"": 44250, ""eventCount"": 3, ""requestQueuePeak"": 2, ""startMs"": 44000}], ""originMs"": 3303400.4000000954}","{""binMs"": 500, ""bins"": [{""encodedBodyBytes"": 257082, ""endMs"": 500, ""eventCount"": 8, ""startMs"": 0, ""transferBytes"": 259482}, {""encodedBodyBytes"": 9511052, ""endMs"": 14500, ""eventCount"": 13, ""startMs"": 14000, ""transferBytes"": 9514952}, {""encodedBodyBytes"": 2938220, ""endMs"": 24500, ""eventCount"": 8, ""startMs"": 24000, ""transferBytes"": 2940620}, {""encodedBodyBytes"": 2738544, ""endMs"": 44500, ""eventCount"": 2, ""startMs"": 44000, ""transferBytes"": 2739144}], ""originMs"": 3303398.9000000954}","{""binMs"": 500, ""bins"": [{""endMs"": 500, ""eventCount"": 7, ""startMs"": 0}, {""endMs"": 14500, ""eventCount"": 13, ""startMs"": 14000}, {""endMs"": 24500, ""eventCount"": 8, ""startMs"": 24000}, {""endMs"": 44500, ""eventCount"": 2, ""startMs"": 44000}], ""originMs"": 3303411.7999999523}","{""binMs"": 500, ""bins"": [{""endMs"": 500, ""eventCount"": 3, ""requestQueuePeak"": 6, ""startMs"": 0}, {""endMs"": 14500, ""eventCount"": 5, ""requestQueuePeak"": 13, ""startMs"": 14000}, {""endMs"": 24500, ""eventCount"": 5, ""requestQueuePeak"": 8, ""startMs"": 24000}, {""endMs"": 44500, ""eventCount"": 3, ""requestQueuePeak"": 2, ""startMs"": 44000}], ""originMs"": 3303400.4000000954}"
pc-b-bagAmsterdam-pressureBurst-fixed16-r2-mtjq5rkk,fixed16,bagAmsterdam,pressureBurst,2,20260824,pc-b,pc,2.3.6,lan,pilot,full-pilot-v2.3.6-pressure-burst,none,none,none,none,,False,unspecified,unknown,unknown,,,True,,0,0,0,0,0,0,0,76,0,0.0,16.899999999906868,16.900000000023283,16.0,12,32967.799999998766,0,0,0.0,75.0,0.013999999985486842,0.013999999985486842,,,,,16.800000000046566,17.0,0.0,10130.900000095367,30,0,"{""STABLE"": 76}",31,15454198,15444898,True,4032.4000000953674,16.800000000046566,2.0,47.0,17.800000000046566,0.0,"[{""binEndMs"": 20, ""binStartMs"": 0, ""count"": 2401}, {""binEndMs"": 33.33, ""binStartMs"": 20, ""count"": 0}, {""binEndMs"": 50, ""binStartMs"": 33.33, ""count"": 0}, {""binEndMs"": 66.67, ""binStartMs"": 50, ""count"": 0}, {""binEndMs"": null, ""binStartMs"": 66.67, ""count"": 0}]",,,,,,,,,,,,,,,,,,,,,,,,
pc-b-bagAmsterdam-pressureBurst-fixed16-r2-mtliks67,fixed16,bagAmsterdam,pressureBurst,2,20260824,pc-b,pc,2.3.6,lan,pilot,full-pilot-v2.3.6-pressure-burst,none,none,none,none,,False,local,http://localhost:8088,localhost:8088,,,True,,0,0,0,0,0,0,0,76,0,0.0,16.899999999906868,16.899999999912687,16.0,12,15000.0,0,0,0.0,75.0,0.008266666636491777,0.008266666636491777,,,,,16.800000000279397,17.0,0.0,10145.400000095367,30,0,"{""STABLE"": 76}",31,15454198,15444898,True,4027.5999999046326,16.899999999906868,2.0,19.0,17.600000000093132,0.0,"[{""binEndMs"": 20, ""binStartMs"": 0, ""count"": 2401}, {""binEndMs"": 33.33, ""binStartMs"": 20, ""count"": 0}, {""binEndMs"": 50, ""binStartMs"": 33.33, ""count"": 0}, {""binEndMs"": 66.67, ""binStartMs"": 50, ""count"": 0}, {""binEndMs"": null, ""binStartMs"": 66.67, ""count"": 0}]",11.0,7540564.0,12.0,5.0,12.0,12.0,8094140.0,11.0,5.0,12.0,12.0,8094140.0,12.0,7.0,12.0,"{""binMs"": 100, ""bins"": [{""encodedBodyBytes"": 257082, ""endMs"": 100, ""eventCount"": 8, ""startMs"": 0, ""transferBytes"": 259482}, {""encodedBodyBytes"": 553276, ""endMs"": 14200, ""eventCount"": 1, ""startMs"": 14100, ""transferBytes"": 553576}, {""encodedBodyBytes"": 7537264, ""endMs"": 14300, ""eventCount"": 11, ""startMs"": 14200, ""transferBytes"": 7540564}, {""encodedBodyBytes"": 108516, ""endMs"": 24200, ""eventCount"": 2, ""startMs"": 24100, ""transferBytes"": 109116}, {""encodedBodyBytes"": 4250216, ""endMs"": 24300, ""eventCount"": 7, ""startMs"": 24200, ""transferBytes"": 4252316}, {""encodedBodyBytes"": 2738544, ""endMs"": 44300, ""eventCount"": 2, ""startMs"": 44200, ""transferBytes"": 2739144}], ""originMs"": 3800381.100000143}","{""binMs"": 100, ""bins"": [{""endMs"": 100, ""eventCount"": 7, ""startMs"": 0}, {""endMs"": 14300, ""eventCount"": 12, ""startMs"": 14200}, {""endMs"": 24300, ""eventCount"": 9, ""startMs"": 24200}, {""endMs"": 44300, ""eventCount"": 2, ""startMs"": 44200}], ""originMs"": 3800402.2999999523}","{""binMs"": 100, ""bins"": [{""endMs"": 100, ""eventCount"": 3, ""requestQueuePeak"": 6, ""startMs"": 0}, {""endMs"": 14200, ""eventCount"": 2, ""requestQueuePeak"": 1, ""startMs"": 14100}, {""endMs"": 14300, ""eventCount"": 5, ""requestQueuePeak"": 12, ""startMs"": 14200}, {""endMs"": 24200, ""eventCount"": 2, ""requestQueuePeak"": 2, ""startMs"": 24100}, {""endMs"": 24300, ""eventCount"": 4, ""requestQueuePeak"": 9, ""startMs"": 24200}, {""endMs"": 44300, ""eventCount"": 3, ""requestQueuePeak"": 2, ""startMs"": 44200}], ""originMs"": 3800382.7000000477}","{""binMs"": 250, ""bins"": [{""encodedBodyBytes"": 257082, ""endMs"": 250, ""eventCount"": 8, ""startMs"": 0, ""transferBytes"": 259482}, {""encodedBodyBytes"": 8090540, ""endMs"": 14250, ""eventCount"": 12, ""startMs"": 14000, ""transferBytes"": 8094140}, {""encodedBodyBytes"": 4358732, ""endMs"": 24250, ""eventCount"": 9, ""startMs"": 24000, ""transferBytes"": 4361432}, {""encodedBodyBytes"": 2738544, ""endMs"": 44250, ""eventCount"": 2, ""startMs"": 44000, ""transferBytes"": 2739144}], ""originMs"": 3800381.100000143}","{""binMs"": 250, ""bins"": [{""endMs"": 250, ""eventCount"": 7, ""startMs"": 0}, {""endMs"": 14250, ""eventCount"": 1, ""startMs"": 14000}, {""endMs"": 14500, ""eventCount"": 11, ""startMs"": 14250}, {""endMs"": 24250, ""eventCount"": 2, ""startMs"": 24000}, {""endMs"": 24500, ""eventCount"": 7, ""startMs"": 24250}, {""endMs"": 44500, ""eventCount"": 2, ""startMs"": 44250}], ""originMs"": 3800402.2999999523}","{""binMs"": 250, ""bins"": [{""endMs"": 250, ""eventCount"": 3, ""requestQueuePeak"": 6, ""startMs"": 0}, {""endMs"": 14250, ""eventCount"": 4, ""requestQueuePeak"": 12, ""startMs"": 14000}, {""endMs"": 14500, ""eventCount"": 3, ""requestQueuePeak"": 11, ""startMs"": 14250}, {""endMs"": 24250, ""eventCount"": 5, ""requestQueuePeak"": 9, ""startMs"": 24000}, {""endMs"": 24500, ""eventCount"": 1, ""requestQueuePeak"": 0, ""startMs"": 24250}, {""endMs"": 44250, ""eventCount"": 2, ""requestQueuePeak"": 2, ""startMs"": 44000}, {""endMs"": 44500, ""eventCount"": 1, ""requestQueuePeak"": 0, ""startMs"": 44250}], ""originMs"": 3800382.7000000477}","{""binMs"": 500, ""bins"": [{""encodedBodyBytes"": 257082, ""endMs"": 500, ""eventCount"": 8, ""startMs"": 0, ""transferBytes"": 259482}, {""encodedBodyBytes"": 8090540, ""endMs"": 14500, ""eventCount"": 12, ""startMs"": 14000, ""transferBytes"": 8094140}, {""encodedBodyBytes"": 4358732, ""endMs"": 24500, ""eventCount"": 9, ""startMs"": 24000, ""transferBytes"": 4361432}, {""encodedBodyBytes"": 2738544, ""endMs"": 44500, ""eventCount"": 2, ""startMs"": 44000, ""transferBytes"": 2739144}], ""originMs"": 3800381.100000143}","{""binMs"": 500, ""bins"": [{""endMs"": 500, ""eventCount"": 7, ""startMs"": 0}, {""endMs"": 14500, ""eventCount"": 12, ""startMs"": 14000}, {""endMs"": 24500, ""eventCount"": 9, ""startMs"": 24000}, {""endMs"": 44500, ""eventCount"": 2, ""startMs"": 44000}], ""originMs"": 3800402.2999999523}","{""binMs"": 500, ""bins"": [{""endMs"": 500, ""eventCount"": 3, ""requestQueuePeak"": 6, ""startMs"": 0}, {""endMs"": 14500, ""eventCount"": 7, ""requestQueuePeak"": 12, ""startMs"": 14000}, {""endMs"": 24500, ""eventCount"": 6, ""requestQueuePeak"": 9, ""startMs"": 24000}, {""endMs"": 44500, ""eventCount"": 3, ""requestQueuePeak"": 2, ""startMs"": 44000}], ""originMs"": 3800382.7000000477}"
pc-b-bagAmsterdam-pressureBurst-fixed16-r3-mtjqcvir,fixed16,bagAmsterdam,pressureBurst,3,20260825,pc-b,pc,2.3.6,lan,pilot,full-pilot-v2.3.6-pressure-burst,none,none,none,none,,False,unspecified,unknown,unknown,,,True,,0,0,0,0,0,0,0,76,0,0.0,16.8287500000064,16.899999999906868,16.0,12,38983.79999999958,0,0,0.0,75.0,0.005466666659029802,0.005466666659029802,,,,,16.800000000046566,16.9000000001397,0.0,10121.099999904633,30,0,"{""STABLE"": 76}",31,15454198,15444898,True,4030.5,16.800000000046566,2.0,51.0,17.699999999953434,0.0,"[{""binEndMs"": 20, ""binStartMs"": 0, ""count"": 2401}, {""binEndMs"": 33.33, ""binStartMs"": 20, ""count"": 0}, {""binEndMs"": 50, ""binStartMs"": 33.33, ""count"": 0}, {""binEndMs"": 66.67, ""binStartMs"": 50, ""count"": 0}, {""binEndMs"": null, ""binStartMs"": 66.67, ""count"": 0}]",,,,,,,,,,,,,,,,,,,,,,,,
pc-b-bagAmsterdam-pressureBurst-fixed16-r3-mtlirvtt,fixed16,bagAmsterdam,pressureBurst,3,20260825,pc-b,pc,2.3.6,lan,pilot,full-pilot-v2.3.6-pressure-burst,none,none,none,none,,False,local,http://localhost:8088,localhost:8088,,,True,,0,0,0,0,0,0,0,76,0,0.0,16.899999999912687,16.928750000265424,16.0,12,12000.0,0,0,0.0,75.0,0.011999999980131786,0.011999999980131786,,,,,16.800000000279397,17.0,0.0,10112.300000190735,30,0,"{""STABLE"": 76}",31,15454198,15444898,True,4032.899999856949,16.800000000279397,2.0,16.0,17.800000000279397,0.0,"[{""binEndMs"": 20, ""binStartMs"": 0, ""count"": 2401}, {""binEndMs"": 33.33, ""binStartMs"": 20, ""count"": 0}, {""binEndMs"": 50, ""binStartMs"": 33.33, ""count"": 0}, {""binEndMs"": 66.67, ""binStartMs"": 50, ""count"": 0}, {""binEndMs"": null, ""binStartMs"": 66.67, ""count"": 0}]",12.0,8094140.0,10.0,3.0,12.0,12.0,8094140.0,12.0,5.0,12.0,12.0,8094140.0,12.0,5.0,12.0,"{""binMs"": 100, ""bins"": [{""encodedBodyBytes"": 257082, ""endMs"": 100, ""eventCount"": 8, ""startMs"": 0, ""transferBytes"": 259482}, {""encodedBodyBytes"": 8090540, ""endMs"": 14200, ""eventCount"": 12, ""startMs"": 14100, ""transferBytes"": 8094140}, {""encodedBodyBytes"": 3698220, ""endMs"": 24200, ""eventCount"": 8, ""startMs"": 24100, ""transferBytes"": 3700620}, {""encodedBodyBytes"": 3399056, ""endMs"": 44200, ""eventCount"": 3, ""startMs"": 44100, ""transferBytes"": 3399956}], ""originMs"": 4131711.9000000954}","{""binMs"": 100, ""bins"": [{""endMs"": 100, ""eventCount"": 7, ""startMs"": 0}, {""endMs"": 14200, ""eventCount"": 2, ""startMs"": 14100}, {""endMs"": 14300, ""eventCount"": 10, ""startMs"": 14200}, {""endMs"": 24300, ""eventCount"": 8, ""startMs"": 24200}, {""endMs"": 44300, ""eventCount"": 3, ""startMs"": 44200}], ""originMs"": 4131725}","{""binMs"": 100, ""bins"": [{""endMs"": 100, ""eventCount"": 3, ""requestQueuePeak"": 6, ""startMs"": 0}, {""endMs"": 14200, ""eventCount"": 3, ""requestQueuePeak"": 12, ""startMs"": 14100}, {""endMs"": 14300, ""eventCount"": 2, ""requestQueuePeak"": 10, ""startMs"": 14200}, {""endMs"": 24200, ""eventCount"": 3, ""requestQueuePeak"": 8, ""startMs"": 24100}, {""endMs"": 24300, ""eventCount"": 2, ""requestQueuePeak"": 1, ""startMs"": 24200}, {""endMs"": 44200, ""eventCount"": 2, ""requestQueuePeak"": 3, ""startMs"": 44100}, {""endMs"": 44300, ""eventCount"": 1, ""requestQueuePeak"": 0, ""startMs"": 44200}], ""originMs"": 4131713.2999999523}","{""binMs"": 250, ""bins"": [{""encodedBodyBytes"": 257082, ""endMs"": 250, ""eventCount"": 8, ""startMs"": 0, ""transferBytes"": 259482}, {""encodedBodyBytes"": 8090540, ""endMs"": 14250, ""eventCount"": 12, ""startMs"": 14000, ""transferBytes"": 8094140}, {""encodedBodyBytes"": 3698220, ""endMs"": 24250, ""eventCount"": 8, ""startMs"": 24000, ""transferBytes"": 3700620}, {""encodedBodyBytes"": 3399056, ""endMs"": 44250, ""eventCount"": 3, ""startMs"": 44000, ""transferBytes"": 3399956}], ""originMs"": 4131711.9000000954}","{""binMs"": 250, ""bins"": [{""endMs"": 250, ""eventCount"": 7, ""startMs"": 0}, {""endMs"": 14250, ""eventCount"": 12, ""startMs"": 14000}, {""endMs"": 24250, ""eventCount"": 8, ""startMs"": 24000}, {""endMs"": 44250, ""eventCount"": 3, ""startMs"": 44000}], ""originMs"": 4131725}","{""binMs"": 250, ""bins"": [{""endMs"": 250, ""eventCount"": 3, ""requestQueuePeak"": 6, ""startMs"": 0}, {""endMs"": 14250, ""eventCount"": 5, ""requestQueuePeak"": 12, ""startMs"": 14000}, {""endMs"": 24250, ""eventCount"": 5, ""requestQueuePeak"": 8, ""startMs"": 24000}, {""endMs"": 44250, ""eventCount"": 3, ""requestQueuePeak"": 3, ""startMs"": 44000}], ""originMs"": 4131713.2999999523}","{""binMs"": 500, ""bins"": [{""encodedBodyBytes"": 257082, ""endMs"": 500, ""eventCount"": 8, ""startMs"": 0, ""transferBytes"": 259482}, {""encodedBodyBytes"": 8090540, ""endMs"": 14500, ""eventCount"": 12, ""startMs"": 14000, ""transferBytes"": 8094140}, {""encodedBodyBytes"": 3698220, ""endMs"": 24500, ""eventCount"": 8, ""startMs"": 24000, ""transferBytes"": 3700620}, {""encodedBodyBytes"": 3399056, ""endMs"": 44500, ""eventCount"": 3, ""startMs"": 44000, ""transferBytes"": 3399956}], ""originMs"": 4131711.9000000954}","{""binMs"": 500, ""bins"": [{""endMs"": 500, ""eventCount"": 7, ""startMs"": 0}, {""endMs"": 14500, ""eventCount"": 12, ""startMs"": 14000}, {""endMs"": 24500, ""eventCount"": 8, ""startMs"": 24000}, {""endMs"": 44500, ""eventCount"": 3, ""startMs"": 44000}], ""originMs"": 4131725}","{""binMs"": 500, ""bins"": [{""endMs"": 500, ""eventCount"": 3, ""requestQueuePeak"": 6, ""startMs"": 0}, {""endMs"": 14500, ""eventCount"": 5, ""requestQueuePeak"": 12, ""startMs"": 14000}, {""endMs"": 24500, ""eventCount"": 5, ""requestQueuePeak"": 8, ""startMs"": 24000}, {""endMs"": 44500, ""eventCount"": 3, ""requestQueuePeak"": 3, ""startMs"": 44000}], ""originMs"": 4131713.2999999523}"
pc-b-bagAmsterdam-pressureBurst-fixed16-r4-mtjqf8u5,fixed16,bagAmsterdam,pressureBurst,4,20260826,pc-b,pc,2.3.6,lan,pilot,full-pilot-v2.3.6-pressure-burst,none,none,none,none,,False,unspecified,unknown,unknown,,,True,,0,0,0,0,0,0,0,75,0,0.0,16.833499999999766,16.899999999906868,16.0,12,33534.19999999995,0,0,0.0,74.0,0.0059459459376394784,0.0059459459376394784,,,,,16.800000000046566,16.9000000001397,0.0,10117.299999952316,30,0,"{""STABLE"": 75}",31,15454198,15444898,True,4032.100000143051,16.800000000046566,2.0,54.0,17.699999999953434,0.0,"[{""binEndMs"": 20, ""binStartMs"": 0, ""count"": 2401}, {""binEndMs"": 33.33, ""binStartMs"": 20, ""count"": 0}, {""binEndMs"": 50, ""binStartMs"": 33.33, ""count"": 0}, {""binEndMs"": 66.67, ""binStartMs"": 50, ""count"": 0}, {""binEndMs"": null, ""binStartMs"": 66.67, ""count"": 0}]",,,,,,,,,,,,,,,,,,,,,,,,
pc-b-bagAmsterdam-pressureBurst-fixed16-r4-mtliu91h,fixed16,bagAmsterdam,pressureBurst,4,20260826,pc-b,pc,2.3.6,lan,pilot,full-pilot-v2.3.6-pressure-burst,none,none,none,none,,False,local,http://localhost:8088,localhost:8088,,,True,,0,0,0,0,0,0,0,76,0,0.0,16.90000000037253,16.901250000367874,16.0,12,15749.200000002049,0,0,0.0,75.0,0.01346666671584046,0.01346666671584046,,,,,16.800000000745058,17.0,0.0,10127.900000095367,30,0,"{""STABLE"": 76}",31,15454198,15444898,True,4027.2999999523163,16.800000000745058,2.0,22.0,17.799999999813735,0.0,"[{""binEndMs"": 20, ""binStartMs"": 0, ""count"": 2401}, {""binEndMs"": 33.33, ""binStartMs"": 20, ""count"": 0}, {""binEndMs"": 50, ""binStartMs"": 33.33, ""count"": 0}, {""binEndMs"": 66.67, ""binStartMs"": 50, ""count"": 0}, {""binEndMs"": null, ""binStartMs"": 66.67, ""count"": 0}]",8.0,6287408.0,12.0,4.0,12.0,8.0,6287408.0,12.0,5.0,12.0,8.0,6287408.0,12.0,5.0,12.0,"{""binMs"": 100, ""bins"": [{""encodedBodyBytes"": 257082, ""endMs"": 100, ""eventCount"": 8, ""startMs"": 0, ""transferBytes"": 259482}, {""encodedBodyBytes"": 1805232, ""endMs"": 14500, ""eventCount"": 5, ""startMs"": 14400, ""transferBytes"": 1806732}, {""encodedBodyBytes"": 6285308, ""endMs"": 14600, ""eventCount"": 7, ""startMs"": 14500, ""transferBytes"": 6287408}, {""encodedBodyBytes"": 3631216, ""endMs"": 24500, ""eventCount"": 7, ""startMs"": 24400, ""transferBytes"": 3633316}, {""encodedBodyBytes"": 67004, ""endMs"": 34500, ""eventCount"": 1, ""startMs"": 34400, ""transferBytes"": 67304}, {""encodedBodyBytes"": 3399056, ""endMs"": 44200, ""eventCount"": 3, ""startMs"": 44100, ""transferBytes"": 3399956}], ""originMs"": 4242145.600000143}","{""binMs"": 100, ""bins"": [{""endMs"": 100, ""eventCount"": 7, ""startMs"": 0}, {""endMs"": 14600, ""eventCount"": 12, ""startMs"": 14500}, {""endMs"": 24600, ""eventCount"": 7, ""startMs"": 24500}, {""endMs"": 34600, ""eventCount"": 1, ""startMs"": 34500}, {""endMs"": 44300, ""eventCount"": 3, ""startMs"": 44200}], ""originMs"": 4242158}","{""binMs"": 100, ""bins"": [{""endMs"": 100, ""eventCount"": 4, ""requestQueuePeak"": 6, ""startMs"": 0}, {""endMs"": 14200, ""eventCount"": 1, ""requestQueuePeak"": 12, ""startMs"": 14100}, {""endMs"": 14500, ""eventCount"": 1, ""requestQueuePeak"": 12, ""startMs"": 14400}, {""endMs"": 14600, ""eventCount"": 3, ""requestQueuePeak"": 12, ""startMs"": 14500}, {""endMs"": 24200, ""eventCount"": 1, ""requestQueuePeak"": 7, ""startMs"": 24100}, {""endMs"": 24500, ""eventCount"": 1, ""requestQueuePeak"": 7, ""startMs"": 24400}, {""endMs"": 24600, ""eventCount"": 3, ""requestQueuePeak"": 7, ""startMs"": 24500}, {""endMs"": 34200, ""eventCount"": 1, ""requestQueuePeak"": 1, ""startMs"": 34100}, {""endMs"": 34500, ""eventCount"": 1, ""requestQueuePeak"": 1, ""startMs"": 34400}, {""endMs"": 34600, ""eventCount"": 1, ""requestQueuePeak"": 0, ""startMs"": 34500}, {""endMs"": 44200, ""eventCount"": 3, ""requestQueuePeak"": 3, ""startMs"": 44100}, {""endMs"": 44300, ""eventCount"": 2, ""requestQueuePeak"": 1, ""startMs"": 44200}], ""originMs"": 4242147.100000143}","{""binMs"": 250, ""bins"": [{""encodedBodyBytes"": 257082, ""endMs"": 250, ""eventCount"": 8, ""startMs"": 0, ""transferBytes"": 259482}, {""encodedBodyBytes"": 1805232, ""endMs"": 14500, ""eventCount"": 5, ""startMs"": 14250, ""transferBytes"": 1806732}, {""encodedBodyBytes"": 6285308, ""endMs"": 14750, ""eventCount"": 7, ""startMs"": 14500, ""transferBytes"": 6287408}, {""encodedBodyBytes"": 3631216, ""endMs"": 24500, ""eventCount"": 7, ""startMs"": 24250, ""transferBytes"": 3633316}, {""encodedBodyBytes"": 67004, ""endMs"": 34500, ""eventCount"": 1, ""startMs"": 34250, ""transferBytes"": 67304}, {""encodedBodyBytes"": 3399056, ""endMs"": 44250, ""eventCount"": 3, ""startMs"": 44000, ""transferBytes"": 3399956}], ""originMs"": 4242145.600000143}","{""binMs"": 250, ""bins"": [{""endMs"": 250, ""eventCount"": 7, ""startMs"": 0}, {""endMs"": 14750, ""eventCount"": 12, ""startMs"": 14500}, {""endMs"": 24750, ""eventCount"": 7, ""startMs"": 24500}, {""endMs"": 34750, ""eventCount"": 1, ""startMs"": 34500}, {""endMs"": 44250, ""eventCount"": 3, ""startMs"": 44000}], ""originMs"": 4242158}","{""binMs"": 250, ""bins"": [{""endMs"": 250, ""eventCount"": 4, ""requestQueuePeak"": 6, ""startMs"": 0}, {""endMs"": 14250, ""eventCount"": 1, ""requestQueuePeak"": 12, ""startMs"": 14000}, {""endMs"": 14500, ""eventCount"": 1, ""requestQueuePeak"": 12, ""startMs"": 14250}, {""endMs"": 14750, ""eventCount"": 3, ""requestQueuePeak"": 12, ""startMs"": 14500}, {""endMs"": 24250, ""eventCount"": 1, ""requestQueuePeak"": 7, ""startMs"": 24000}, {""endMs"": 24500, ""eventCount"": 1, ""requestQueuePeak"": 7, ""startMs"": 24250}, {""endMs"": 24750, ""eventCount"": 3, ""requestQueuePeak"": 7, ""startMs"": 24500}, {""endMs"": 34250, ""eventCount"": 1, ""requestQueuePeak"": 1, ""startMs"": 34000}, {""endMs"": 34500, ""eventCount"": 1, ""requestQueuePeak"": 1, ""startMs"": 34250}, {""endMs"": 34750, ""eventCount"": 1, ""requestQueuePeak"": 0, ""startMs"": 34500}, {""endMs"": 44250, ""eventCount"": 5, ""requestQueuePeak"": 3, ""startMs"": 44000}], ""originMs"": 4242147.100000143}","{""binMs"": 500, ""bins"": [{""encodedBodyBytes"": 257082, ""endMs"": 500, ""eventCount"": 8, ""startMs"": 0, ""transferBytes"": 259482}, {""encodedBodyBytes"": 1805232, ""endMs"": 14500, ""eventCount"": 5, ""startMs"": 14000, ""transferBytes"": 1806732}, {""encodedBodyBytes"": 6285308, ""endMs"": 15000, ""eventCount"": 7, ""startMs"": 14500, ""transferBytes"": 6287408}, {""encodedBodyBytes"": 3631216, ""endMs"": 24500, ""eventCount"": 7, ""startMs"": 24000, ""transferBytes"": 3633316}, {""encodedBodyBytes"": 67004, ""endMs"": 34500, ""eventCount"": 1, ""startMs"": 34000, ""transferBytes"": 67304}, {""encodedBodyBytes"": 3399056, ""endMs"": 44500, ""eventCount"": 3, ""startMs"": 44000, ""transferBytes"": 3399956}], ""originMs"": 4242145.600000143}","{""binMs"": 500, ""bins"": [{""endMs"": 500, ""eventCount"": 7, ""startMs"": 0}, {""endMs"": 15000, ""eventCount"": 12, ""startMs"": 14500}, {""endMs"": 25000, ""eventCount"": 7, ""startMs"": 24500}, {""endMs"": 35000, ""eventCount"": 1, ""startMs"": 34500}, {""endMs"": 44500, ""eventCount"": 3, ""startMs"": 44000}], ""originMs"": 4242158}","{""binMs"": 500, ""bins"": [{""endMs"": 500, ""eventCount"": 4, ""requestQueuePeak"": 6, ""startMs"": 0}, {""endMs"": 14500, ""eventCount"": 2, ""requestQueuePeak"": 12, ""startMs"": 14000}, {""endMs"": 15000, ""eventCount"": 3, ""requestQueuePeak"": 12, ""startMs"": 14500}, {""endMs"": 24500, ""eventCount"": 2, ""requestQueuePeak"": 7, ""startMs"": 24000}, {""endMs"": 25000, ""eventCount"": 3, ""requestQueuePeak"": 7, ""startMs"": 24500}, {""endMs"": 34500, ""eventCount"": 2, ""requestQueuePeak"": 1, ""startMs"": 34000}, {""endMs"": 35000, ""eventCount"": 1, ""requestQueuePeak"": 0, ""startMs"": 34500}, {""endMs"": 44500, ""eventCount"": 5, ""requestQueuePeak"": 3, ""startMs"": 44000}], ""originMs"": 4242147.100000143}"
pc-b-bagAmsterdam-pressureBurst-fixed8-r1-mtjpyl8l,fixed8,bagAmsterdam,pressureBurst,1,20260823,pc-b,pc,2.3.6,lan,pilot,full-pilot-v2.3.6-pressure-burst,none,none,none,none,,False,unspecified,unknown,unknown,,,True,,0,0,0,0,0,0,0,76,0,0.0,16.800000000046566,16.899999999908324,8.0,40,360759.1000000016,0,0,0.0,75.0,0.006866666663282833,0.006866666663282833,,,,,16.800000000046566,16.900000000023283,0.0,10122.399999856949,131,0,"{""STABLE"": 76}",143,92533486,92492986,True,4032.7000000476837,16.800000000046566,2.0,268.0,18.20000000006985,0.0,"[{""binEndMs"": 20, ""binStartMs"": 0, ""count"": 2401}, {""binEndMs"": 33.33, ""binStartMs"": 20, ""count"": 0}, {""binEndMs"": 50, ""binStartMs"": 33.33, ""count"": 0}, {""binEndMs"": 66.67, ""binStartMs"": 50, ""count"": 0}, {""binEndMs"": null, ""binStartMs"": 66.67, ""count"": 0}]",,,,,,,,,,,,,,,,,,,,,,,,
pc-b-bagAmsterdam-pressureBurst-fixed8-r1-mtlh6myj,fixed8,bagAmsterdam,pressureBurst,1,20260823,pc-b,pc,2.3.6,lan,pilot,request-peak-probe-v2.3.6-pressure-burst,none,none,none,none,,False,local,http://localhost:8088,localhost:8088,,,True,,0,0,0,0,0,0,0,76,0,0.0,16.9000000001397,17.05000000014843,8.0,60,97927.20000000298,0,0,0.0,75.0,0.027266666667380642,0.027266666667380642,,,,,16.800000000046566,16.9000000001397,0.0008347245409015025,10130.5,134,0,"{""STABLE"": 76}",135,94060670,94020170,True,4027.9000000953674,16.800000000046566,2.0,41.0,33.39999999990687,0.002086811352253756,"[{""binEndMs"": 20, ""binStartMs"": 0, ""count"": 2391}, {""binEndMs"": 33.33, ""binStartMs"": 20, ""count"": 3}, {""binEndMs"": 50, ""binStartMs"": 33.33, ""count"": 2}, {""binEndMs"": 66.67, ""binStartMs"": 50, ""count"": 0}, {""binEndMs"": null, ""binStartMs"": 66.67, ""count"": 0}]",37.0,26192424.0,53.0,6.0,60.0,39.0,28930176.0,65.0,8.0,60.0,70.0,50467716.0,70.0,12.0,60.0,"{""binMs"": 100, ""bins"": [{""encodedBodyBytes"": 273486, ""endMs"": 100, ""eventCount"": 9, ""startMs"": 0, ""transferBytes"": 276186}, {""encodedBodyBytes"": 10214748, ""endMs"": 14200, ""eventCount"": 14, ""startMs"": 14100, ""transferBytes"": 10218948}, {""encodedBodyBytes"": 26181324, ""endMs"": 14300, ""eventCount"": 37, ""startMs"": 14200, ""transferBytes"": 26192424}, {""encodedBodyBytes"": 14050644, ""endMs"": 14400, ""eventCount"": 19, ""startMs"": 14300, ""transferBytes"": 14056344}, {""encodedBodyBytes"": 3124488, ""endMs"": 24500, ""eventCount"": 8, ""startMs"": 24400, ""transferBytes"": 3126888}, {""encodedBodyBytes"": 15473040, ""endMs"": 24600, ""eventCount"": 16, ""startMs"": 24500, ""transferBytes"": 15477840}, {""encodedBodyBytes"": 961332, ""endMs"": 34500, ""eventCount"": 4, ""startMs"": 34400, ""transferBytes"": 962532}, {""encodedBodyBytes"": 20187164, ""endMs"": 34600, ""eventCount"": 22, ""startMs"": 34500, ""transferBytes"": 20193764}, {""encodedBodyBytes"": 3553944, ""endMs"": 44500, ""eventCount"": 6, ""startMs"": 44400, ""transferBytes"": 3555744}], ""originMs"": 1460822.100000143}","{""binMs"": 100, ""bins"": [{""endMs"": 100, ""eventCount"": 8, ""startMs"": 0}, {""endMs"": 14300, ""eventCount"": 13, ""startMs"": 14200}, {""endMs"": 14400, ""eventCount"": 53, ""startMs"": 14300}, {""endMs"": 14500, ""eventCount"": 4, ""startMs"": 14400}, {""endMs"": 24600, ""eventCount"": 24, ""startMs"": 24500}, {""endMs"": 34600, ""eventCount"": 26, ""startMs"": 34500}, {""endMs"": 44600, ""eventCount"": 6, ""startMs"": 44500}], ""originMs"": 1460836.4000000954}","{""binMs"": 100, ""bins"": [{""endMs"": 100, ""eventCount"": 3, ""requestQueuePeak"": 6, ""startMs"": 0}, {""endMs"": 200, ""eventCount"": 1, ""requestQueuePeak"": 0, ""startMs"": 100}, {""endMs"": 14200, ""eventCount"": 2, ""requestQueuePeak"": 29, ""startMs"": 14100}, {""endMs"": 14300, ""eventCount"": 3, ""requestQueuePeak"": 60, ""startMs"": 14200}, {""endMs"": 14400, ""eventCount"": 4, ""requestQueuePeak"": 57, ""startMs"": 14300}, {""endMs"": 14500, ""eventCount"": 3, ""requestQueuePeak"": 16, ""startMs"": 14400}, {""endMs"": 24200, ""eventCount"": 2, ""requestQueuePeak"": 24, ""startMs"": 24100}, {""endMs"": 24300, ""eventCount"": 1, ""requestQueuePeak"": 18, ""startMs"": 24200}, {""endMs"": 24500, ""eventCount"": 1, ""requestQueuePeak"": 24, ""startMs"": 24400}, {""endMs"": 24600, ""eventCount"": 6, ""requestQueuePeak"": 24, ""startMs"": 24500}, {""endMs"": 34200, ""eventCount"": 2, ""requestQueuePeak"": 25, ""startMs"": 34100}, {""endMs"": 34300, ""eventCount"": 1, ""requestQueuePeak"": 18, ""startMs"": 34200}, {""endMs"": 34500, ""eventCount"": 1, ""requestQueuePeak"": 26, ""startMs"": 34400}, {""endMs"": 34600, ""eventCount"": 6, ""requestQueuePeak"": 26, ""startMs"": 34500}, {""endMs"": 34700, ""eventCount"": 1, ""requestQueuePeak"": 0, ""startMs"": 34600}, {""endMs"": 44200, ""eventCount"": 2, ""requestQueuePeak"": 6, ""startMs"": 44100}, {""endMs"": 44500, ""eventCount"": 1, ""requestQueuePeak"": 6, ""startMs"": 44400}, {""endMs"": 44600, ""eventCount"": 1, ""requestQueuePeak"": 0, ""startMs"": 44500}], ""originMs"": 1460823.5}","{""binMs"": 250, ""bins"": [{""encodedBodyBytes"": 273486, ""endMs"": 250, ""eventCount"": 9, ""startMs"": 0, ""transferBytes"": 276186}, {""encodedBodyBytes"": 21528240, ""endMs"": 14250, ""eventCount"": 31, ""startMs"": 14000, ""transferBytes"": 21537540}, {""encodedBodyBytes"": 28918476, ""endMs"": 14500, ""eventCount"": 39, ""startMs"": 14250, ""transferBytes"": 28930176}, {""encodedBodyBytes"": 3124488, ""endMs"": 24500, ""eventCount"": 8, ""startMs"": 24250, ""transferBytes"": 3126888}, {""encodedBodyBytes"": 15473040, ""endMs"": 24750, ""eventCount"": 16, ""startMs"": 24500, ""transferBytes"": 15477840}, {""encodedBodyBytes"": 961332, ""endMs"": 34500, ""eventCount"": 4, ""startMs"": 34250, ""transferBytes"": 962532}, {""encodedBodyBytes"": 20187164, ""endMs"": 34750, ""eventCount"": 22, ""startMs"": 34500, ""transferBytes"": 20193764}, {""encodedBodyBytes"": 3553944, ""endMs"": 44500, ""eventCount"": 6, ""startMs"": 44250, ""transferBytes"": 3555744}], ""originMs"": 1460822.100000143}","{""binMs"": 250, ""bins"": [{""endMs"": 250, ""eventCount"": 8, ""startMs"": 0}, {""endMs"": 14250, ""eventCount"": 5, ""startMs"": 14000}, {""endMs"": 14500, ""eventCount"": 65, ""startMs"": 14250}, {""endMs"": 24750, ""eventCount"": 24, ""startMs"": 24500}, {""endMs"": 34750, ""eventCount"": 26, ""startMs"": 34500}, {""endMs"": 44750, ""eventCount"": 6, ""startMs"": 44500}], ""originMs"": 1460836.4000000954}","{""binMs"": 250, ""bins"": [{""endMs"": 250, ""eventCount"": 4, ""requestQueuePeak"": 6, ""startMs"": 0}, {""endMs"": 14250, ""eventCount"": 4, ""requestQueuePeak"": 51, ""startMs"": 14000}, {""endMs"": 14500, ""eventCount"": 8, ""requestQueuePeak"": 60, ""startMs"": 14250}, {""endMs"": 24250, ""eventCount"": 3, ""requestQueuePeak"": 24, ""startMs"": 24000}, {""endMs"": 24500, ""eventCount"": 1, ""requestQueuePeak"": 24, ""startMs"": 24250}, {""endMs"": 24750, ""eventCount"": 6, ""requestQueuePeak"": 24, ""startMs"": 24500}, {""endMs"": 34250, ""eventCount"": 3, ""requestQueuePeak"": 25, ""startMs"": 34000}, {""endMs"": 34500, ""eventCount"": 1, ""requestQueuePeak"": 26, ""startMs"": 34250}, {""endMs"": 34750, ""eventCount"": 7, ""requestQueuePeak"": 26, ""startMs"": 34500}, {""endMs"": 44250, ""eventCount"": 2, ""requestQueuePeak"": 6, ""startMs"": 44000}, {""endMs"": 44500, ""eventCount"": 1, ""requestQueuePeak"": 6, ""startMs"": 44250}, {""endMs"": 44750, ""eventCount"": 1, ""requestQueuePeak"": 0, ""startMs"": 44500}], ""originMs"": 1460823.5}","{""binMs"": 500, ""bins"": [{""encodedBodyBytes"": 273486, ""endMs"": 500, ""eventCount"": 9, ""startMs"": 0, ""transferBytes"": 276186}, {""encodedBodyBytes"": 50446716, ""endMs"": 14500, ""eventCount"": 70, ""startMs"": 14000, ""transferBytes"": 50467716}, {""encodedBodyBytes"": 3124488, ""endMs"": 24500, ""eventCount"": 8, ""startMs"": 24000, ""transferBytes"": 3126888}, {""encodedBodyBytes"": 15473040, ""endMs"": 25000, ""eventCount"": 16, ""startMs"": 24500, ""transferBytes"": 15477840}, {""encodedBodyBytes"": 961332, ""endMs"": 34500, ""eventCount"": 4, ""startMs"": 34000, ""transferBytes"": 962532}, {""encodedBodyBytes"": 20187164, ""endMs"": 35000, ""eventCount"": 22, ""startMs"": 34500, ""transferBytes"": 20193764}, {""encodedBodyBytes"": 3553944, ""endMs"": 44500, ""eventCount"": 6, ""startMs"": 44000, ""transferBytes"": 3555744}], ""originMs"": 1460822.100000143}","{""binMs"": 500, ""bins"": [{""endMs"": 500, ""eventCount"": 8, ""startMs"": 0}, {""endMs"": 14500, ""eventCount"": 70, ""startMs"": 14000}, {""endMs"": 25000, ""eventCount"": 24, ""startMs"": 24500}, {""endMs"": 35000, ""eventCount"": 26, ""startMs"": 34500}, {""endMs"": 45000, ""eventCount"": 6, ""startMs"": 44500}], ""originMs"": 1460836.4000000954}","{""binMs"": 500, ""bins"": [{""endMs"": 500, ""eventCount"": 4, ""requestQueuePeak"": 6, ""startMs"": 0}, {""endMs"": 14500, ""eventCount"": 12, ""requestQueuePeak"": 60, ""startMs"": 14000}, {""endMs"": 24500, ""eventCount"": 4, ""requestQueuePeak"": 24, ""startMs"": 24000}, {""endMs"": 25000, ""eventCount"": 6, ""requestQueuePeak"": 24, ""startMs"": 24500}, {""endMs"": 34500, ""eventCount"": 4, ""requestQueuePeak"": 26, ""startMs"": 34000}, {""endMs"": 35000, ""eventCount"": 7, ""requestQueuePeak"": 26, ""startMs"": 34500}, {""endMs"": 44500, ""eventCount"": 3, ""requestQueuePeak"": 6, ""startMs"": 44000}, {""endMs"": 45000, ""eventCount"": 1, ""requestQueuePeak"": 0, ""startMs"": 44500}], ""originMs"": 1460823.5}"
pc-b-bagAmsterdam-pressureBurst-fixed8-r1-mtlidoj4,fixed8,bagAmsterdam,pressureBurst,1,20260823,pc-b,pc,2.3.6,lan,pilot,full-pilot-v2.3.6-pressure-burst,none,none,none,none,,False,local,http://localhost:8088,localhost:8088,,,True,,0,0,0,0,0,0,0,76,0,0.0,16.89999999993597,17.05750000019325,8.0,58,69841.20000000298,0,0,0.0,75.0,0.018266666642079675,0.018266666642079675,,,,,16.800000000279397,17.0,0.0008347245409015025,10113.200000047684,134,0,"{""STABLE"": 76}",135,94060670,94020170,True,4032.7999999523163,16.800000000279397,2.0,42.0,33.39999999990687,0.002086811352253756,"[{""binEndMs"": 20, ""binStartMs"": 0, ""count"": 2391}, {""binEndMs"": 33.33, ""binStartMs"": 20, ""count"": 3}, {""binEndMs"": 50, ""binStartMs"": 33.33, ""count"": 2}, {""binEndMs"": 66.67, ""binStartMs"": 50, ""count"": 0}, {""binEndMs"": null, ""binStartMs"": 66.67, ""count"": 0}]",29.0,22723224.0,41.0,6.0,58.0,41.0,28972792.0,67.0,7.0,58.0,70.0,50467716.0,70.0,12.0,58.0,"{""binMs"": 100, ""bins"": [{""encodedBodyBytes"": 273486, ""endMs"": 100, ""eventCount"": 9, ""startMs"": 0, ""transferBytes"": 276186}, {""encodedBodyBytes"": 15724040, ""endMs"": 14200, ""eventCount"": 26, ""startMs"": 14100, ""transferBytes"": 15731840}, {""encodedBodyBytes"": 22714524, ""endMs"": 14300, ""eventCount"": 29, ""startMs"": 14200, ""transferBytes"": 22723224}, {""encodedBodyBytes"": 12008152, ""endMs"": 14400, ""eventCount"": 15, ""startMs"": 14300, ""transferBytes"": 12012652}, {""encodedBodyBytes"": 6702916, ""endMs"": 24200, ""eventCount"": 13, ""startMs"": 24100, ""transferBytes"": 6706816}, {""encodedBodyBytes"": 11894612, ""endMs"": 24300, ""eventCount"": 11, ""startMs"": 24200, ""transferBytes"": 11897912}, {""encodedBodyBytes"": 7080436, ""endMs"": 34200, ""eventCount"": 11, ""startMs"": 34100, ""transferBytes"": 7083736}, {""encodedBodyBytes"": 14068060, ""endMs"": 34300, ""eventCount"": 15, ""startMs"": 34200, ""transferBytes"": 14072560}, {""encodedBodyBytes"": 3553944, ""endMs"": 44200, ""eventCount"": 6, ""startMs"": 44100, ""transferBytes"": 3555744}], ""originMs"": 3469080.600000143}","{""binMs"": 100, ""bins"": [{""endMs"": 100, ""eventCount"": 8, ""startMs"": 0}, {""endMs"": 14300, ""eventCount"": 23, ""startMs"": 14200}, {""endMs"": 14400, ""eventCount"": 41, ""startMs"": 14300}, {""endMs"": 14500, ""eventCount"": 6, ""startMs"": 14400}, {""endMs"": 24300, ""eventCount"": 24, ""startMs"": 24200}, {""endMs"": 34200, ""eventCount"": 5, ""startMs"": 34100}, {""endMs"": 34300, ""eventCount"": 21, ""startMs"": 34200}, {""endMs"": 44300, ""eventCount"": 6, ""startMs"": 44200}], ""originMs"": 3469094.4000000954}","{""binMs"": 100, ""bins"": [{""endMs"": 100, ""eventCount"": 3, ""requestQueuePeak"": 6, ""startMs"": 0}, {""endMs"": 200, ""eventCount"": 1, ""requestQueuePeak"": 0, ""startMs"": 100}, {""endMs"": 14200, ""eventCount"": 3, ""requestQueuePeak"": 41, ""startMs"": 14100}, {""endMs"": 14300, ""eventCount"": 3, ""requestQueuePeak"": 58, ""startMs"": 14200}, {""endMs"": 14400, ""eventCount"": 5, ""requestQueuePeak"": 47, ""startMs"": 14300}, {""endMs"": 14500, ""eventCount"": 1, ""requestQueuePeak"": 0, ""startMs"": 14400}, {""endMs"": 24200, ""eventCount"": 4, ""requestQueuePeak"": 24, ""startMs"": 24100}, {""endMs"": 24300, ""eventCount"": 6, ""requestQueuePeak"": 19, ""startMs"": 24200}, {""endMs"": 34200, ""eventCount"": 4, ""requestQueuePeak"": 26, ""startMs"": 34100}, {""endMs"": 34300, ""eventCount"": 6, ""requestQueuePeak"": 21, ""startMs"": 34200}, {""endMs"": 44200, ""eventCount"": 4, ""requestQueuePeak"": 6, ""startMs"": 44100}, {""endMs"": 44300, ""eventCount"": 2, ""requestQueuePeak"": 4, ""startMs"": 44200}], ""originMs"": 3469082.5}","{""binMs"": 250, ""bins"": [{""encodedBodyBytes"": 273486, ""endMs"": 250, ""eventCount"": 9, ""startMs"": 0, ""transferBytes"": 276186}, {""encodedBodyBytes"": 28960492, ""endMs"": 14250, ""eventCount"": 41, ""startMs"": 14000, ""transferBytes"": 28972792}, {""encodedBodyBytes"": 21486224, ""endMs"": 14500, ""eventCount"": 29, ""startMs"": 14250, ""transferBytes"": 21494924}, {""encodedBodyBytes"": 18597528, ""endMs"": 24250, ""eventCount"": 24, ""startMs"": 24000, ""transferBytes"": 18604728}, {""encodedBodyBytes"": 21148496, ""endMs"": 34250, ""eventCount"": 26, ""startMs"": 34000, ""transferBytes"": 21156296}, {""encodedBodyBytes"": 3553944, ""endMs"": 44250, ""eventCount"": 6, ""startMs"": 44000, ""transferBytes"": 3555744}], ""originMs"": 3469080.600000143}","{""binMs"": 250, ""bins"": [{""endMs"": 250, ""eventCount"": 8, ""startMs"": 0}, {""endMs"": 14250, ""eventCount"": 3, ""startMs"": 14000}, {""endMs"": 14500, ""eventCount"": 67, ""startMs"": 14250}, {""endMs"": 24250, ""eventCount"": 12, ""startMs"": 24000}, {""endMs"": 24500, ""eventCount"": 12, ""startMs"": 24250}, {""endMs"": 34250, ""eventCount"": 17, ""startMs"": 34000}, {""endMs"": 34500, ""eventCount"": 9, ""startMs"": 34250}, {""endMs"": 44250, ""eventCount"": 6, ""startMs"": 44000}], ""originMs"": 3469094.4000000954}","{""binMs"": 250, ""bins"": [{""endMs"": 250, ""eventCount"": 4, ""requestQueuePeak"": 6, ""startMs"": 0}, {""endMs"": 14250, ""eventCount"": 5, ""requestQueuePeak"": 58, ""startMs"": 14000}, {""endMs"": 14500, ""eventCount"": 7, ""requestQueuePeak"": 57, ""startMs"": 14250}, {""endMs"": 24250, ""eventCount"": 6, ""requestQueuePeak"": 24, ""startMs"": 24000}, {""endMs"": 24500, ""eventCount"": 4, ""requestQueuePeak"": 12, ""startMs"": 24250}, {""endMs"": 34250, ""eventCount"": 6, ""requestQueuePeak"": 26, ""startMs"": 34000}, {""endMs"": 34500, ""eventCount"": 4, ""requestQueuePeak"": 17, ""startMs"": 34250}, {""endMs"": 44250, ""eventCount"": 6, ""requestQueuePeak"": 6, ""startMs"": 44000}], ""originMs"": 3469082.5}","{""binMs"": 500, ""bins"": [{""encodedBodyBytes"": 273486, ""endMs"": 500, ""eventCount"": 9, ""startMs"": 0, ""transferBytes"": 276186}, {""encodedBodyBytes"": 50446716, ""endMs"": 14500, ""eventCount"": 70, ""startMs"": 14000, ""transferBytes"": 50467716}, {""encodedBodyBytes"": 18597528, ""endMs"": 24500, ""eventCount"": 24, ""startMs"": 24000, ""transferBytes"": 18604728}, {""encodedBodyBytes"": 21148496, ""endMs"": 34500, ""eventCount"": 26, ""startMs"": 34000, ""transferBytes"": 21156296}, {""encodedBodyBytes"": 3553944, ""endMs"": 44500, ""eventCount"": 6, ""startMs"": 44000, ""transferBytes"": 3555744}], ""originMs"": 3469080.600000143}","{""binMs"": 500, ""bins"": [{""endMs"": 500, ""eventCount"": 8, ""startMs"": 0}, {""endMs"": 14500, ""eventCount"": 70, ""startMs"": 14000}, {""endMs"": 24500, ""eventCount"": 24, ""startMs"": 24000}, {""endMs"": 34500, ""eventCount"": 26, ""startMs"": 34000}, {""endMs"": 44500, ""eventCount"": 6, ""startMs"": 44000}], ""originMs"": 3469094.4000000954}","{""binMs"": 500, ""bins"": [{""endMs"": 500, ""eventCount"": 4, ""requestQueuePeak"": 6, ""startMs"": 0}, {""endMs"": 14500, ""eventCount"": 12, ""requestQueuePeak"": 58, ""startMs"": 14000}, {""endMs"": 24500, ""eventCount"": 10, ""requestQueuePeak"": 24, ""startMs"": 24000}, {""endMs"": 34500, ""eventCount"": 10, ""requestQueuePeak"": 26, ""startMs"": 34000}, {""endMs"": 44500, ""eventCount"": 6, ""requestQueuePeak"": 6, ""startMs"": 44000}], ""originMs"": 3469082.5}"
pc-b-bagAmsterdam-pressureBurst-fixed8-r2-mtjq27m7,fixed8,bagAmsterdam,pressureBurst,2,20260824,pc-b,pc,2.3.6,lan,pilot,full-pilot-v2.3.6-pressure-burst,none,none,none,none,,False,unspecified,unknown,unknown,,,True,,0,0,0,0,0,0,0,76,0,0.0,16.899999999906868,16.900000000023283,8.0,39,352487.20000000077,0,0,0.0,75.0,0.010799999994381058,0.010799999994381058,,,,,16.800000000046566,17.0,0.0,10121.600000143051,133,0,"{""STABLE"": 76}",140,93320294,93278294,True,4032.4000000953674,16.800000000046566,2.0,271.0,18.099999999976717,0.0,"[{""binEndMs"": 20, ""binStartMs"": 0, ""count"": 2401}, {""binEndMs"": 33.33, ""binStartMs"": 20, ""count"": 0}, {""binEndMs"": 50, ""binStartMs"": 33.33, ""count"": 0}, {""binEndMs"": 66.67, ""binStartMs"": 50, ""count"": 0}, {""binEndMs"": null, ""binStartMs"": 66.67, ""count"": 0}]",,,,,,,,,,,,,,,,,,,,,,,,
pc-b-bagAmsterdam-pressureBurst-fixed8-r2-mtlih8c0,fixed8,bagAmsterdam,pressureBurst,2,20260824,pc-b,pc,2.3.6,lan,pilot,full-pilot-v2.3.6-pressure-burst,none,none,none,none,,False,local,http://localhost:8088,localhost:8088,,,True,,0,0,0,0,0,0,0,76,0,0.0,16.899999999906868,16.899999999906868,8.0,59,107107.10000000475,0,0,0.0,75.0,0.009399999977399886,0.009399999977399886,,,,,16.800000000279397,16.90000000037253,0.0012520868113522537,10112.5,135,0,"{""STABLE"": 76}",136,94412702,94371902,True,4032.5,16.800000000279397,2.0,42.0,50.0,0.001669449081803005,"[{""binEndMs"": 20, ""binStartMs"": 0, ""count"": 2392}, {""binEndMs"": 33.33, ""binStartMs"": 20, ""count"": 1}, {""binEndMs"": 50, ""binStartMs"": 33.33, ""count"": 2}, {""binEndMs"": 66.67, ""binStartMs"": 50, ""count"": 1}, {""binEndMs"": null, ""binStartMs"": 66.67, ""count"": 0}]",31.0,24324796.0,59.0,6.0,59.0,50.0,36536308.0,69.0,9.0,59.0,50.0,36536308.0,69.0,9.0,59.0,"{""binMs"": 100, ""bins"": [{""encodedBodyBytes"": 273486, ""endMs"": 100, ""eventCount"": 9, ""startMs"": 0, ""transferBytes"": 276186}, {""encodedBodyBytes"": 12504896, ""endMs"": 14500, ""eventCount"": 19, ""startMs"": 14400, ""transferBytes"": 12510596}, {""encodedBodyBytes"": 24315496, ""endMs"": 14600, ""eventCount"": 31, ""startMs"": 14500, ""transferBytes"": 24324796}, {""encodedBodyBytes"": 12205812, ""endMs"": 14700, ""eventCount"": 19, ""startMs"": 14600, ""transferBytes"": 12211512}, {""encodedBodyBytes"": 8123428, ""endMs"": 24500, ""eventCount"": 14, ""startMs"": 24400, ""transferBytes"": 8127628}, {""encodedBodyBytes"": 11894612, ""endMs"": 24600, ""eventCount"": 11, ""startMs"": 24500, ""transferBytes"": 11897912}, {""encodedBodyBytes"": 14622084, ""endMs"": 34500, ""eventCount"": 20, ""startMs"": 34400, ""transferBytes"": 14628084}, {""encodedBodyBytes"": 6878144, ""endMs"": 34600, ""eventCount"": 7, ""startMs"": 34500, ""transferBytes"": 6880244}, {""encodedBodyBytes"": 3553944, ""endMs"": 44500, ""eventCount"": 6, ""startMs"": 44400, ""transferBytes"": 3555744}], ""originMs"": 3634713.7000000477}","{""binMs"": 100, ""bins"": [{""endMs"": 100, ""eventCount"": 8, ""startMs"": 0}, {""endMs"": 14600, ""eventCount"": 10, ""startMs"": 14500}, {""endMs"": 14700, ""eventCount"": 59, ""startMs"": 14600}, {""endMs"": 24600, ""eventCount"": 25, ""startMs"": 24500}, {""endMs"": 34600, ""eventCount"": 27, ""startMs"": 34500}, {""endMs"": 44600, ""eventCount"": 6, ""startMs"": 44500}], ""originMs"": 3634727.100000143}","{""binMs"": 100, ""bins"": [{""endMs"": 100, ""eventCount"": 3, ""requestQueuePeak"": 6, ""startMs"": 0}, {""endMs"": 200, ""eventCount"": 1, ""requestQueuePeak"": 0, ""startMs"": 100}, {""endMs"": 14200, ""eventCount"": 2, ""requestQueuePeak"": 20, ""startMs"": 14100}, {""endMs"": 14500, ""eventCount"": 2, ""requestQueuePeak"": 41, ""startMs"": 14400}, {""endMs"": 14600, ""eventCount"": 3, ""requestQueuePeak"": 59, ""startMs"": 14500}, {""endMs"": 14700, ""eventCount"": 5, ""requestQueuePeak"": 47, ""startMs"": 14600}, {""endMs"": 14800, ""eventCount"": 1, ""requestQueuePeak"": 0, ""startMs"": 14700}, {""endMs"": 24200, ""eventCount"": 3, ""requestQueuePeak"": 25, ""startMs"": 24100}, {""endMs"": 24500, ""eventCount"": 1, ""requestQueuePeak"": 25, ""startMs"": 24400}, {""endMs"": 24600, ""eventCount"": 6, ""requestQueuePeak"": 25, ""startMs"": 24500}, {""endMs"": 34200, ""eventCount"": 3, ""requestQueuePeak"": 25, ""startMs"": 34100}, {""endMs"": 34500, ""eventCount"": 2, ""requestQueuePeak"": 27, ""startMs"": 34400}, {""endMs"": 34600, ""eventCount"": 6, ""requestQueuePeak"": 27, ""startMs"": 34500}, {""endMs"": 44200, ""eventCount"": 2, ""requestQueuePeak"": 6, ""startMs"": 44100}, {""endMs"": 44500, ""eventCount"": 1, ""requestQueuePeak"": 6, ""startMs"": 44400}, {""endMs"": 44600, ""eventCount"": 1, ""requestQueuePeak"": 0, ""startMs"": 44500}], ""originMs"": 3634715.2999999523}","{""binMs"": 250, ""bins"": [{""encodedBodyBytes"": 273486, ""endMs"": 250, ""eventCount"": 9, ""startMs"": 0, ""transferBytes"": 276186}, {""encodedBodyBytes"": 12504896, ""endMs"": 14500, ""eventCount"": 19, ""startMs"": 14250, ""transferBytes"": 12510596}, {""encodedBodyBytes"": 36521308, ""endMs"": 14750, ""eventCount"": 50, ""startMs"": 14500, ""transferBytes"": 36536308}, {""encodedBodyBytes"": 8123428, ""endMs"": 24500, ""eventCount"": 14, ""startMs"": 24250, ""transferBytes"": 8127628}, {""encodedBodyBytes"": 11894612, ""endMs"": 24750, ""eventCount"": 11, ""startMs"": 24500, ""transferBytes"": 11897912}, {""encodedBodyBytes"": 14622084, ""endMs"": 34500, ""eventCount"": 20, ""startMs"": 34250, ""transferBytes"": 14628084}, {""encodedBodyBytes"": 6878144, ""endMs"": 34750, ""eventCount"": 7, ""startMs"": 34500, ""transferBytes"": 6880244}, {""encodedBodyBytes"": 3553944, ""endMs"": 44500, ""eventCount"": 6, ""startMs"": 44250, ""transferBytes"": 3555744}], ""originMs"": 3634713.7000000477}","{""binMs"": 250, ""bins"": [{""endMs"": 250, ""eventCount"": 8, ""startMs"": 0}, {""endMs"": 14750, ""eventCount"": 69, ""startMs"": 14500}, {""endMs"": 24750, ""eventCount"": 25, ""startMs"": 24500}, {""endMs"": 34750, ""eventCount"": 27, ""startMs"": 34500}, {""endMs"": 44750, ""eventCount"": 6, ""startMs"": 44500}], ""originMs"": 3634727.100000143}","{""binMs"": 250, ""bins"": [{""endMs"": 250, ""eventCount"": 4, ""requestQueuePeak"": 6, ""startMs"": 0}, {""endMs"": 14250, ""eventCount"": 2, ""requestQueuePeak"": 20, ""startMs"": 14000}, {""endMs"": 14500, ""eventCount"": 2, ""requestQueuePeak"": 41, ""startMs"": 14250}, {""endMs"": 14750, ""eventCount"": 9, ""requestQueuePeak"": 59, ""startMs"": 14500}, {""endMs"": 24250, ""eventCount"": 3, ""requestQueuePeak"": 25, ""startMs"": 24000}, {""endMs"": 24500, ""eventCount"": 1, ""requestQueuePeak"": 25, ""startMs"": 24250}, {""endMs"": 24750, ""eventCount"": 6, ""requestQueuePeak"": 25, ""startMs"": 24500}, {""endMs"": 34250, ""eventCount"": 3, ""requestQueuePeak"": 25, ""startMs"": 34000}, {""endMs"": 34500, ""eventCount"": 2, ""requestQueuePeak"": 27, ""startMs"": 34250}, {""endMs"": 34750, ""eventCount"": 6, ""requestQueuePeak"": 27, ""startMs"": 34500}, {""endMs"": 44250, ""eventCount"": 2, ""requestQueuePeak"": 6, ""startMs"": 44000}, {""endMs"": 44500, ""eventCount"": 1, ""requestQueuePeak"": 6, ""startMs"": 44250}, {""endMs"": 44750, ""eventCount"": 1, ""requestQueuePeak"": 0, ""startMs"": 44500}], ""originMs"": 3634715.2999999523}","{""binMs"": 500, ""bins"": [{""encodedBodyBytes"": 273486, ""endMs"": 500, ""eventCount"": 9, ""startMs"": 0, ""transferBytes"": 276186}, {""encodedBodyBytes"": 12504896, ""endMs"": 14500, ""eventCount"": 19, ""startMs"": 14000, ""transferBytes"": 12510596}, {""encodedBodyBytes"": 36521308, ""endMs"": 15000, ""eventCount"": 50, ""startMs"": 14500, ""transferBytes"": 36536308}, {""encodedBodyBytes"": 8123428, ""endMs"": 24500, ""eventCount"": 14, ""startMs"": 24000, ""transferBytes"": 8127628}, {""encodedBodyBytes"": 11894612, ""endMs"": 25000, ""eventCount"": 11, ""startMs"": 24500, ""transferBytes"": 11897912}, {""encodedBodyBytes"": 14622084, ""endMs"": 34500, ""eventCount"": 20, ""startMs"": 34000, ""transferBytes"": 14628084}, {""encodedBodyBytes"": 6878144, ""endMs"": 35000, ""eventCount"": 7, ""startMs"": 34500, ""transferBytes"": 6880244}, {""encodedBodyBytes"": 3553944, ""endMs"": 44500, ""eventCount"": 6, ""startMs"": 44000, ""transferBytes"": 3555744}], ""originMs"": 3634713.7000000477}","{""binMs"": 500, ""bins"": [{""endMs"": 500, ""eventCount"": 8, ""startMs"": 0}, {""endMs"": 15000, ""eventCount"": 69, ""startMs"": 14500}, {""endMs"": 25000, ""eventCount"": 25, ""startMs"": 24500}, {""endMs"": 35000, ""eventCount"": 27, ""startMs"": 34500}, {""endMs"": 45000, ""eventCount"": 6, ""startMs"": 44500}], ""originMs"": 3634727.100000143}","{""binMs"": 500, ""bins"": [{""endMs"": 500, ""eventCount"": 4, ""requestQueuePeak"": 6, ""startMs"": 0}, {""endMs"": 14500, ""eventCount"": 4, ""requestQueuePeak"": 41, ""startMs"": 14000}, {""endMs"": 15000, ""eventCount"": 9, ""requestQueuePeak"": 59, ""startMs"": 14500}, {""endMs"": 24500, ""eventCount"": 4, ""requestQueuePeak"": 25, ""startMs"": 24000}, {""endMs"": 25000, ""eventCount"": 6, ""requestQueuePeak"": 25, ""startMs"": 24500}, {""endMs"": 34500, ""eventCount"": 5, ""requestQueuePeak"": 27, ""startMs"": 34000}, {""endMs"": 35000, ""eventCount"": 6, ""requestQueuePeak"": 27, ""startMs"": 34500}, {""endMs"": 44500, ""eventCount"": 3, ""requestQueuePeak"": 6, ""startMs"": 44000}, {""endMs"": 45000, ""eventCount"": 1, ""requestQueuePeak"": 0, ""startMs"": 44500}], ""originMs"": 3634715.2999999523}"
pc-b-bagAmsterdam-pressureBurst-fixed8-r3-mtjqai6p,fixed8,bagAmsterdam,pressureBurst,3,20260825,pc-b,pc,2.3.6,lan,pilot,full-pilot-v2.3.6-pressure-burst,none,none,none,none,,False,unspecified,unknown,unknown,,,True,,0,0,0,0,0,0,0,76,0,0.0,16.800000000046566,16.899999999906868,8.0,40,358617.399999999,0,0,0.0,75.0,0.002733333329514901,0.002733333329514901,,,,,16.800000000046566,16.9000000001397,0.0,10130.799999952316,133,0,"{""STABLE"": 76}",140,91357442,91315742,True,4032.5999999046326,16.800000000046566,2.0,254.0,17.5,0.0,"[{""binEndMs"": 20, ""binStartMs"": 0, ""count"": 2401}, {""binEndMs"": 33.33, ""binStartMs"": 20, ""count"": 0}, {""binEndMs"": 50, ""binStartMs"": 33.33, ""count"": 0}, {""binEndMs"": 66.67, ""binStartMs"": 50, ""count"": 0}, {""binEndMs"": null, ""binStartMs"": 66.67, ""count"": 0}]",,,,,,,,,,,,,,,,,,,,,,,,
pc-b-bagAmsterdam-pressureBurst-fixed8-r3-mtlipilt,fixed8,bagAmsterdam,pressureBurst,3,20260825,pc-b,pc,2.3.6,lan,pilot,full-pilot-v2.3.6-pressure-burst,none,none,none,none,,False,local,http://localhost:8088,localhost:8088,,,True,,0,0,0,0,0,0,0,75,0,0.0,16.899999999906868,17.1500000001397,8.0,62,77846.60000000475,0,0,0.0,74.0,0.021554054045495742,0.021554054045495742,,,,,16.800000000279397,17.0,0.0008347245409015025,10146.899999856949,134,0,"{""STABLE"": 75}",135,91972290,91931790,True,4029.2000000476837,16.800000000279397,2.0,42.0,33.39999999990687,0.002086811352253756,"[{""binEndMs"": 20, ""binStartMs"": 0, ""count"": 2391}, {""binEndMs"": 33.33, ""binStartMs"": 20, ""count"": 3}, {""binEndMs"": 50, ""binStartMs"": 33.33, ""count"": 2}, {""binEndMs"": 66.67, ""binStartMs"": 50, ""count"": 0}, {""binEndMs"": null, ""binStartMs"": 66.67, ""count"": 0}]",30.0,21697500.0,42.0,6.0,62.0,40.0,27060712.0,70.0,9.0,62.0,70.0,49098408.0,70.0,12.0,62.0,"{""binMs"": 100, ""bins"": [{""encodedBodyBytes"": 273486, ""endMs"": 100, ""eventCount"": 9, ""startMs"": 0, ""transferBytes"": 276186}, {""encodedBodyBytes"": 9367832, ""endMs"": 14200, ""eventCount"": 13, ""startMs"": 14100, ""transferBytes"": 9371732}, {""encodedBodyBytes"": 21688500, ""endMs"": 14300, ""eventCount"": 30, ""startMs"": 14200, ""transferBytes"": 21697500}, {""encodedBodyBytes"": 18021076, ""endMs"": 14400, ""eventCount"": 27, ""startMs"": 14300, ""transferBytes"": 18029176}, {""encodedBodyBytes"": 4139720, ""endMs"": 24200, ""eventCount"": 6, ""startMs"": 24100, ""transferBytes"": 4141520}, {""encodedBodyBytes"": 15918356, ""endMs"": 24300, ""eventCount"": 20, ""startMs"": 24200, ""transferBytes"": 15924356}, {""encodedBodyBytes"": 961332, ""endMs"": 34200, ""eventCount"": 4, ""startMs"": 34100, ""transferBytes"": 962532}, {""encodedBodyBytes"": 18058748, ""endMs"": 34300, ""eventCount"": 21, ""startMs"": 34200, ""transferBytes"": 18065048}, {""encodedBodyBytes"": 1317252, ""endMs"": 44200, ""eventCount"": 1, ""startMs"": 44100, ""transferBytes"": 1317552}, {""encodedBodyBytes"": 2185488, ""endMs"": 44300, ""eventCount"": 4, ""startMs"": 44200, ""transferBytes"": 2186688}], ""originMs"": 4021261.5}","{""binMs"": 100, ""bins"": [{""endMs"": 100, ""eventCount"": 7, ""startMs"": 0}, {""endMs"": 200, ""eventCount"": 1, ""startMs"": 100}, {""endMs"": 14300, ""eventCount"": 19, ""startMs"": 14200}, {""endMs"": 14400, ""eventCount"": 42, ""startMs"": 14300}, {""endMs"": 14500, ""eventCount"": 9, ""startMs"": 14400}, {""endMs"": 24300, ""eventCount"": 24, ""startMs"": 24200}, {""endMs"": 24400, ""eventCount"": 2, ""startMs"": 24300}, {""endMs"": 34300, ""eventCount"": 24, ""startMs"": 34200}, {""endMs"": 34400, ""eventCount"": 1, ""startMs"": 34300}, {""endMs"": 44300, ""eventCount"": 5, ""startMs"": 44200}], ""originMs"": 4021284.2999999523}","{""binMs"": 100, ""bins"": [{""endMs"": 100, ""eventCount"": 3, ""requestQueuePeak"": 6, ""startMs"": 0}, {""endMs"": 200, ""eventCount"": 1, ""requestQueuePeak"": 0, ""startMs"": 100}, {""endMs"": 14200, ""eventCount"": 2, ""requestQueuePeak"": 29, ""startMs"": 14100}, {""endMs"": 14300, ""eventCount"": 3, ""requestQueuePeak"": 62, ""startMs"": 14200}, {""endMs"": 14400, ""eventCount"": 3, ""requestQueuePeak"": 51, ""startMs"": 14300}, {""endMs"": 14500, ""eventCount"": 4, ""requestQueuePeak"": 22, ""startMs"": 14400}, {""endMs"": 24200, ""eventCount"": 2, ""requestQueuePeak"": 6, ""startMs"": 24100}, {""endMs"": 24300, ""eventCount"": 6, ""requestQueuePeak"": 26, ""startMs"": 24200}, {""endMs"": 24400, ""eventCount"": 2, ""requestQueuePeak"": 2, ""startMs"": 24300}, {""endMs"": 34200, ""eventCount"": 2, ""requestQueuePeak"": 5, ""startMs"": 34100}, {""endMs"": 34300, ""eventCount"": 6, ""requestQueuePeak"": 25, ""startMs"": 34200}, {""endMs"": 34400, ""eventCount"": 2, ""requestQueuePeak"": 1, ""startMs"": 34300}, {""endMs"": 44200, ""eventCount"": 2, ""requestQueuePeak"": 1, ""startMs"": 44100}, {""endMs"": 44300, ""eventCount"": 4, ""requestQueuePeak"": 5, ""startMs"": 44200}], ""originMs"": 4021263.100000143}","{""binMs"": 250, ""bins"": [{""encodedBodyBytes"": 273486, ""endMs"": 250, ""eventCount"": 9, ""startMs"": 0, ""transferBytes"": 276186}, {""encodedBodyBytes"": 22028696, ""endMs"": 14250, ""eventCount"": 30, ""startMs"": 14000, ""transferBytes"": 22037696}, {""encodedBodyBytes"": 27048712, ""endMs"": 14500, ""eventCount"": 40, ""startMs"": 14250, ""transferBytes"": 27060712}, {""encodedBodyBytes"": 15598768, ""endMs"": 24250, ""eventCount"": 21, ""startMs"": 24000, ""transferBytes"": 15605068}, {""encodedBodyBytes"": 4459308, ""endMs"": 24500, ""eventCount"": 5, ""startMs"": 24250, ""transferBytes"": 4460808}, {""encodedBodyBytes"": 17384556, ""endMs"": 34250, ""eventCount"": 24, ""startMs"": 34000, ""transferBytes"": 17391756}, {""encodedBodyBytes"": 1635524, ""endMs"": 34500, ""eventCount"": 1, ""startMs"": 34250, ""transferBytes"": 1635824}, {""encodedBodyBytes"": 3502740, ""endMs"": 44250, ""eventCount"": 5, ""startMs"": 44000, ""transferBytes"": 3504240}], ""originMs"": 4021261.5}","{""binMs"": 250, ""bins"": [{""endMs"": 250, ""eventCount"": 8, ""startMs"": 0}, {""endMs"": 14500, ""eventCount"": 70, ""startMs"": 14250}, {""endMs"": 24250, ""eventCount"": 6, ""startMs"": 24000}, {""endMs"": 24500, ""eventCount"": 20, ""startMs"": 24250}, {""endMs"": 34250, ""eventCount"": 4, ""startMs"": 34000}, {""endMs"": 34500, ""eventCount"": 21, ""startMs"": 34250}, {""endMs"": 44250, ""eventCount"": 1, ""startMs"": 44000}, {""endMs"": 44500, ""eventCount"": 4, ""startMs"": 44250}], ""originMs"": 4021284.2999999523}","{""binMs"": 250, ""bins"": [{""endMs"": 250, ""eventCount"": 4, ""requestQueuePeak"": 6, ""startMs"": 0}, {""endMs"": 14250, ""eventCount"": 3, ""requestQueuePeak"": 39, ""startMs"": 14000}, {""endMs"": 14500, ""eventCount"": 9, ""requestQueuePeak"": 62, ""startMs"": 14250}, {""endMs"": 24250, ""eventCount"": 4, ""requestQueuePeak"": 26, ""startMs"": 24000}, {""endMs"": 24500, ""eventCount"": 6, ""requestQueuePeak"": 20, ""startMs"": 24250}, {""endMs"": 34250, ""eventCount"": 4, ""requestQueuePeak"": 25, ""startMs"": 34000}, {""endMs"": 34500, ""eventCount"": 6, ""requestQueuePeak"": 21, ""startMs"": 34250}, {""endMs"": 44250, ""eventCount"": 5, ""requestQueuePeak"": 5, ""startMs"": 44000}, {""endMs"": 44500, ""eventCount"": 1, ""requestQueuePeak"": 0, ""startMs"": 44250}], ""originMs"": 4021263.100000143}","{""binMs"": 500, ""bins"": [{""encodedBodyBytes"": 273486, ""endMs"": 500, ""eventCount"": 9, ""startMs"": 0, ""transferBytes"": 276186}, {""encodedBodyBytes"": 49077408, ""endMs"": 14500, ""eventCount"": 70, ""startMs"": 14000, ""transferBytes"": 49098408}, {""encodedBodyBytes"": 20058076, ""endMs"": 24500, ""eventCount"": 26, ""startMs"": 24000, ""transferBytes"": 20065876}, {""encodedBodyBytes"": 19020080, ""endMs"": 34500, ""eventCount"": 25, ""startMs"": 34000, ""transferBytes"": 19027580}, {""encodedBodyBytes"": 3502740, ""endMs"": 44500, ""eventCount"": 5, ""startMs"": 44000, ""transferBytes"": 3504240}], ""originMs"": 4021261.5}","{""binMs"": 500, ""bins"": [{""endMs"": 500, ""eventCount"": 8, ""startMs"": 0}, {""endMs"": 14500, ""eventCount"": 70, ""startMs"": 14000}, {""endMs"": 24500, ""eventCount"": 26, ""startMs"": 24000}, {""endMs"": 34500, ""eventCount"": 25, ""startMs"": 34000}, {""endMs"": 44500, ""eventCount"": 5, ""startMs"": 44000}], ""originMs"": 4021284.2999999523}","{""binMs"": 500, ""bins"": [{""endMs"": 500, ""eventCount"": 4, ""requestQueuePeak"": 6, ""startMs"": 0}, {""endMs"": 14500, ""eventCount"": 12, ""requestQueuePeak"": 62, ""startMs"": 14000}, {""endMs"": 24500, ""eventCount"": 10, ""requestQueuePeak"": 26, ""startMs"": 24000}, {""endMs"": 34500, ""eventCount"": 10, ""requestQueuePeak"": 25, ""startMs"": 34000}, {""endMs"": 44500, ""eventCount"": 6, ""requestQueuePeak"": 5, ""startMs"": 44000}], ""originMs"": 4021263.100000143}"
pc-b-bagAmsterdam-pressureBurst-fixed8-r4-mtjqhm73,fixed8,bagAmsterdam,pressureBurst,4,20260826,pc-b,pc,2.3.6,lan,pilot,full-pilot-v2.3.6-pressure-burst,none,none,none,none,,False,unspecified,unknown,unknown,,,True,,0,0,0,0,0,0,0,75,0,0.0,16.833499999999766,16.899999999906868,8.0,39,432346.9999999963,0,0,0.0,74.0,0.0041891891833369405,0.0041891891833369405,,,,,16.800000000046566,16.899999999906868,0.0,10130.399999856949,133,0,"{""STABLE"": 75}",151,91527710,91486310,True,4032.899999856949,16.800000000046566,2.0,279.0,17.5,0.0,"[{""binEndMs"": 20, ""binStartMs"": 0, ""count"": 2401}, {""binEndMs"": 33.33, ""binStartMs"": 20, ""count"": 0}, {""binEndMs"": 50, ""binStartMs"": 33.33, ""count"": 0}, {""binEndMs"": 66.67, ""binStartMs"": 50, ""count"": 0}, {""binEndMs"": null, ""binStartMs"": 66.67, ""count"": 0}]",,,,,,,,,,,,,,,,,,,,,,,,
pc-b-bagAmsterdam-pressureBurst-fixed8-r4-mtliwm8w,fixed8,bagAmsterdam,pressureBurst,4,20260826,pc-b,pc,2.3.6,lan,pilot,full-pilot-v2.3.6-pressure-burst,none,none,none,none,,False,local,http://localhost:8088,localhost:8088,,,True,,0,0,0,0,0,0,0,76,0,0.0,16.90000000037253,16.90000000037253,8.0,59,77500.5000000028,0,0,0.0,75.0,0.012000000104308128,0.012000000104308128,,,,,16.800000000745058,16.90000000037253,0.0012520868113522537,10110.899999856949,137,0,"{""STABLE"": 76}",138,93392082,93350682,True,4031.7999999523163,16.899999999441206,2.0,39.0,49.89999999944121,0.001669449081803005,"[{""binEndMs"": 20, ""binStartMs"": 0, ""count"": 2392}, {""binEndMs"": 33.33, ""binStartMs"": 20, ""count"": 1}, {""binEndMs"": 50, ""binStartMs"": 33.33, ""count"": 3}, {""binEndMs"": 66.67, ""binStartMs"": 50, ""count"": 0}, {""binEndMs"": null, ""binStartMs"": 66.67, ""count"": 0}]",30.0,21716900.0,59.0,6.0,59.0,43.0,32153436.0,64.0,8.0,59.0,71.0,49435896.0,71.0,12.0,59.0,"{""binMs"": 100, ""bins"": [{""encodedBodyBytes"": 273486, ""endMs"": 100, ""eventCount"": 9, ""startMs"": 0, ""transferBytes"": 276186}, {""encodedBodyBytes"": 21708800, ""endMs"": 14200, ""eventCount"": 27, ""startMs"": 14100, ""transferBytes"": 21716900}, {""encodedBodyBytes"": 17419228, ""endMs"": 14300, ""eventCount"": 30, ""startMs"": 14200, ""transferBytes"": 17428228}, {""encodedBodyBytes"": 10286568, ""endMs"": 14400, ""eventCount"": 14, ""startMs"": 14300, ""transferBytes"": 10290768}, {""encodedBodyBytes"": 15489444, ""endMs"": 24200, ""eventCount"": 21, ""startMs"": 24100, ""transferBytes"": 15495744}, {""encodedBodyBytes"": 5115508, ""endMs"": 24300, ""eventCount"": 6, ""startMs"": 24200, ""transferBytes"": 5117308}, {""encodedBodyBytes"": 19554908, ""endMs"": 34200, ""eventCount"": 26, ""startMs"": 34100, ""transferBytes"": 19562708}, {""encodedBodyBytes"": 3502740, ""endMs"": 44200, ""eventCount"": 5, ""startMs"": 44100, ""transferBytes"": 3504240}], ""originMs"": 4352578.5}","{""binMs"": 100, ""bins"": [{""endMs"": 100, ""eventCount"": 8, ""startMs"": 0}, {""endMs"": 14300, ""eventCount"": 12, ""startMs"": 14200}, {""endMs"": 14400, ""eventCount"": 59, ""startMs"": 14300}, {""endMs"": 24300, ""eventCount"": 27, ""startMs"": 24200}, {""endMs"": 34300, ""eventCount"": 26, ""startMs"": 34200}, {""endMs"": 44200, ""eventCount"": 1, ""startMs"": 44100}, {""endMs"": 44300, ""eventCount"": 4, ""startMs"": 44200}], ""originMs"": 4352591}","{""binMs"": 100, ""bins"": [{""endMs"": 100, ""eventCount"": 4, ""requestQueuePeak"": 6, ""startMs"": 0}, {""endMs"": 200, ""eventCount"": 1, ""requestQueuePeak"": 0, ""startMs"": 100}, {""endMs"": 14200, ""eventCount"": 3, ""requestQueuePeak"": 45, ""startMs"": 14100}, {""endMs"": 14300, ""eventCount"": 2, ""requestQueuePeak"": 56, ""startMs"": 14200}, {""endMs"": 14400, ""eventCount"": 6, ""requestQueuePeak"": 59, ""startMs"": 14300}, {""endMs"": 14500, ""eventCount"": 1, ""requestQueuePeak"": 0, ""startMs"": 14400}, {""endMs"": 24200, ""eventCount"": 3, ""requestQueuePeak"": 27, ""startMs"": 24100}, {""endMs"": 24300, ""eventCount"": 6, ""requestQueuePeak"": 27, ""startMs"": 24200}, {""endMs"": 34200, ""eventCount"": 3, ""requestQueuePeak"": 26, ""startMs"": 34100}, {""endMs"": 34300, ""eventCount"": 5, ""requestQueuePeak"": 26, ""startMs"": 34200}, {""endMs"": 44200, ""eventCount"": 3, ""requestQueuePeak"": 5, ""startMs"": 44100}, {""endMs"": 44300, ""eventCount"": 2, ""requestQueuePeak"": 4, ""startMs"": 44200}], ""originMs"": 4352579.900000095}","{""binMs"": 250, ""bins"": [{""encodedBodyBytes"": 273486, ""endMs"": 250, ""eventCount"": 9, ""startMs"": 0, ""transferBytes"": 276186}, {""encodedBodyBytes"": 32140536, ""endMs"": 14250, ""eventCount"": 43, ""startMs"": 14000, ""transferBytes"": 32153436}, {""encodedBodyBytes"": 17274060, ""endMs"": 14500, ""eventCount"": 28, ""startMs"": 14250, ""transferBytes"": 17282460}, {""encodedBodyBytes"": 20604952, ""endMs"": 24250, ""eventCount"": 27, ""startMs"": 24000, ""transferBytes"": 20613052}, {""encodedBodyBytes"": 19554908, ""endMs"": 34250, ""eventCount"": 26, ""startMs"": 34000, ""transferBytes"": 19562708}, {""encodedBodyBytes"": 3502740, ""endMs"": 44250, ""eventCount"": 5, ""startMs"": 44000, ""transferBytes"": 3504240}], ""originMs"": 4352578.5}","{""binMs"": 250, ""bins"": [{""endMs"": 250, ""eventCount"": 8, ""startMs"": 0}, {""endMs"": 14250, ""eventCount"": 7, ""startMs"": 14000}, {""endMs"": 14500, ""eventCount"": 64, ""startMs"": 14250}, {""endMs"": 24250, ""eventCount"": 17, ""startMs"": 24000}, {""endMs"": 24500, ""eventCount"": 10, ""startMs"": 24250}, {""endMs"": 34250, ""eventCount"": 26, ""startMs"": 34000}, {""endMs"": 44250, ""eventCount"": 5, ""startMs"": 44000}], ""originMs"": 4352591}","{""binMs"": 250, ""bins"": [{""endMs"": 250, ""eventCount"": 5, ""requestQueuePeak"": 6, ""startMs"": 0}, {""endMs"": 14250, ""eventCount"": 4, ""requestQueuePeak"": 50, ""startMs"": 14000}, {""endMs"": 14500, ""eventCount"": 8, ""requestQueuePeak"": 59, ""startMs"": 14250}, {""endMs"": 24250, ""eventCount"": 6, ""requestQueuePeak"": 27, ""startMs"": 24000}, {""endMs"": 24500, ""eventCount"": 3, ""requestQueuePeak"": 10, ""startMs"": 24250}, {""endMs"": 34250, ""eventCount"": 7, ""requestQueuePeak"": 26, ""startMs"": 34000}, {""endMs"": 34500, ""eventCount"": 1, ""requestQueuePeak"": 0, ""startMs"": 34250}, {""endMs"": 44250, ""eventCount"": 5, ""requestQueuePeak"": 5, ""startMs"": 44000}], ""originMs"": 4352579.900000095}","{""binMs"": 500, ""bins"": [{""encodedBodyBytes"": 273486, ""endMs"": 500, ""eventCount"": 9, ""startMs"": 0, ""transferBytes"": 276186}, {""encodedBodyBytes"": 49414596, ""endMs"": 14500, ""eventCount"": 71, ""startMs"": 14000, ""transferBytes"": 49435896}, {""encodedBodyBytes"": 20604952, ""endMs"": 24500, ""eventCount"": 27, ""startMs"": 24000, ""transferBytes"": 20613052}, {""encodedBodyBytes"": 19554908, ""endMs"": 34500, ""eventCount"": 26, ""startMs"": 34000, ""transferBytes"": 19562708}, {""encodedBodyBytes"": 3502740, ""endMs"": 44500, ""eventCount"": 5, ""startMs"": 44000, ""transferBytes"": 3504240}], ""originMs"": 4352578.5}","{""binMs"": 500, ""bins"": [{""endMs"": 500, ""eventCount"": 8, ""startMs"": 0}, {""endMs"": 14500, ""eventCount"": 71, ""startMs"": 14000}, {""endMs"": 24500, ""eventCount"": 27, ""startMs"": 24000}, {""endMs"": 34500, ""eventCount"": 26, ""startMs"": 34000}, {""endMs"": 44500, ""eventCount"": 5, ""startMs"": 44000}], ""originMs"": 4352591}","{""binMs"": 500, ""bins"": [{""endMs"": 500, ""eventCount"": 5, ""requestQueuePeak"": 6, ""startMs"": 0}, {""endMs"": 14500, ""eventCount"": 12, ""requestQueuePeak"": 59, ""startMs"": 14000}, {""endMs"": 24500, ""eventCount"": 9, ""requestQueuePeak"": 27, ""startMs"": 24000}, {""endMs"": 34500, ""eventCount"": 8, ""requestQueuePeak"": 26, ""startMs"": 34000}, {""endMs"": 44500, ""eventCount"": 5, ""requestQueuePeak"": 5, ""startMs"": 44000}], ""originMs"": 4352579.900000095}"
pc-b-bagAmsterdam-pressureBurst-fixedDiagnostic-r1-mtk2udpi,fixedDiagnostic,bagAmsterdam,pressureBurst,1,20260823,pc-b,pc,2.3.6,lan,diagnostic,none,server-topology-identifiability,none,none,none,4.0,True,remote,http://192.168.0.112:8088,192.168.0.112:8088,,,True,,0,0,0,0,0,0,0,76,0,0.0,16.900000000001455,16.900000000001455,4.0,40,608518.1000000001,0,0,0.0,75.0,0.009466666666140877,0.009466666666140877,,,,,16.80000000000291,17.19999999999709,0.0,10129.199999809265,159,0,"{""STABLE"": 76}",212,110580178,110529178,True,4033.0999999046326,16.80000000000291,2.0,347.0,33.30000000000291,0.0004166666666666667,"[{""binEndMs"": 20, ""binStartMs"": 0, ""count"": 2399}, {""binEndMs"": 33.33, ""binStartMs"": 20, ""count"": 1}, {""binEndMs"": 50, ""binStartMs"": 33.33, ""count"": 0}, {""binEndMs"": 66.67, ""binStartMs"": 50, ""count"": 0}, {""binEndMs"": null, ""binStartMs"": 66.67, ""count"": 0}]",18.0,4108192.0,7.0,6.0,40.0,24.0,4978680.0,7.0,11.0,40.0,24.0,8033816.0,8.0,18.0,40.0,"{""binMs"": 100, ""bins"": [{""encodedBodyBytes"": 110364, ""endMs"": 100, ""eventCount"": 6, ""startMs"": 0, ""transferBytes"": 112164}, {""encodedBodyBytes"": 146718, ""endMs"": 200, ""eventCount"": 18, ""startMs"": 100, ""transferBytes"": 147918}, {""encodedBodyBytes"": 113136, ""endMs"": 14400, ""eventCount"": 1, ""startMs"": 14300, ""transferBytes"": 113436}, {""encodedBodyBytes"": 67004, ""endMs"": 14500, ""eventCount"": 1, ""startMs"": 14400, ""transferBytes"": 67304}, {""encodedBodyBytes"": 482892, ""endMs"": 14700, ""eventCount"": 1, ""startMs"": 14600, ""transferBytes"": 483192}, {""encodedBodyBytes"": 373208, ""endMs"": 14900, ""eventCount"": 1, ""startMs"": 14800, ""transferBytes"": 373508}, {""encodedBodyBytes"": 2324212, ""endMs"": 15000, ""eventCount"": 2, ""startMs"": 14900, ""transferBytes"": 2324812}, {""encodedBodyBytes"": 2331468, ""endMs"": 15500, ""eventCount"": 4, ""startMs"": 15400, ""transferBytes"": 2332668}, {""encodedBodyBytes"": 357076, ""endMs"": 15600, ""eventCount"": 1, ""startMs"": 15500, ""transferBytes"": 357376}, {""encodedBodyBytes"": 882984, ""endMs"": 15700, ""eventCount"": 1, ""startMs"": 15600, ""transferBytes"": 883284}, {""encodedBodyBytes"": 467500, ""endMs"": 15900, ""eventCount"": 1, ""startMs"": 15800, ""transferBytes"": 467800}, {""encodedBodyBytes"": 405496, ""endMs"": 16000, ""eventCount"": 1, ""startMs"": 15900, ""transferBytes"": 405796}, {""encodedBodyBytes"": 1717432, ""endMs"": 16300, ""eventCount"": 2, ""startMs"": 16200, ""transferBytes"": 1718032}, {""encodedBodyBytes"": 872508, ""endMs"": 16900, ""eventCount"": 1, ""startMs"": 16800, ""transferBytes"": 872808}, {""encodedBodyBytes"": 2717640, ""endMs"": 17100, ""eventCount"": 2, ""startMs"": 17000, ""transferBytes"": 2718240}, {""encodedBodyBytes"": 547676, ""endMs"": 17200, ""eventCount"": 1, ""startMs"": 17100, ""transferBytes"": 547976}, {""encodedBodyBytes"": 2265440, ""endMs"": 17300, ""eventCount"": 2, ""startMs"": 17200, ""transferBytes"": 2266040}, {""encodedBodyBytes"": 2500660, ""endMs"": 17500, ""eventCount"": 3, ""startMs"": 17400, ""transferBytes"": 2501560}, {""encodedBodyBytes"": 342444, ""endMs"": 17700, ""eventCount"": 1, ""startMs"": 17600, ""transferBytes"": 342744}, {""encodedBodyBytes"": 533684, ""endMs"": 18000, ""eventCount"": 1, ""startMs"": 17900, ""transferBytes"": 533984}, {""encodedBodyBytes"": 2075232, ""endMs"": 18100, ""eventCount"": 2, ""startMs"": 18000, ""transferBytes"": 2075832}, {""encodedBodyBytes"": 675700, ""endMs"": 18200, ""eventCount"": 1, ""startMs"": 18100, ""transferBytes"": 676000}, {""encodedBodyBytes"": 1054384, ""endMs"": 18300, ""eventCount"": 1, ""startMs"": 18200, ""transferBytes"": 1054684}, {""encodedBodyBytes"": 12384, ""endMs"": 18400, ""eventCount"": 1, ""startMs"": 18300, ""transferBytes"": 12684}, {""encodedBodyBytes"": 1045252, ""endMs"": 18500, ""eventCount"": 2, ""startMs"": 18400, ""transferBytes"": 1045852}, {""encodedBodyBytes"": 43184, ""endMs"": 18600, ""eventCount"": 1, ""startMs"": 18500, ""transferBytes"": 43484}, {""encodedBodyBytes"": 1200936, ""endMs"": 18700, ""eventCount"": 1, ""startMs"": 18600, ""transferBytes"": 1201236}, {""encodedBodyBytes"": 238104, ""endMs"": 18900, ""eventCount"": 1, ""startMs"": 18800, ""transferBytes"": 238404}, {""encodedBodyBytes"": 721244, ""endMs"": 19400, ""eventCount"": 1, ""startMs"": 19300, ""transferBytes"": 721544}, {""encodedBodyBytes"": 1012792, ""endMs"": 19500, ""eventCount"": 1, ""startMs"": 19400, ""transferBytes"": 1013092}, {""encodedBodyBytes"": 2745296, ""endMs"": 19600, ""eventCount"": 2, ""startMs"": 19500, ""transferBytes"": 2745896}, {""encodedBodyBytes"": 1151628, ""endMs"": 19800, ""eventCount"": 1, ""startMs"": 19700, ""transferBytes"": 1151928}, {""encodedBodyBytes"": 3344568, ""endMs"": 20000, ""eventCount"": 3, ""startMs"": 19900, ""transferBytes"": 3345468}, {""encodedBodyBytes"": 467460, ""endMs"": 20100, ""eventCount"": 1, ""startMs"": 20000, ""transferBytes"": 467760}, {""encodedBodyBytes"": 0, ""endMs"": 20200, ""eventCount"": 18, ""startMs"": 20100, ""transferBytes"": 1800}, {""encodedBodyBytes"": 16404, ""endMs"": 24200, ""eventCount"": 1, ""startMs"": 24100, ""transferBytes"": 16704}, {""encodedBodyBytes"": 417276, ""endMs"": 24400, ""eventCount"": 2, ""startMs"": 24300, ""transferBytes"": 417876}, {""encodedBodyBytes"": 272172, ""endMs"": 24500, ""eventCount"": 1, ""startMs"": 24400, ""transferBytes"": 272472}, {""encodedBodyBytes"": 289416, ""endMs"": 24600, ""eventCount"": 2, ""startMs"": 24500, ""transferBytes"": 290016}, {""encodedBodyBytes"": 871568, ""endMs"": 24800, ""eventCount"": 2, ""startMs"": 24700, ""transferBytes"": 872168}, {""encodedBodyBytes"": 768888, ""endMs"": 25100, ""eventCount"": 1, ""startMs"": 25000, ""transferBytes"": 769188}, {""encodedBodyBytes"": 187752, ""endMs"": 25200, ""eventCount"": 1, ""startMs"": 25100, ""transferBytes"": 188052}, {""encodedBodyBytes"": 1369248, ""endMs"": 25400, ""eventCount"": 1, ""startMs"": 25300, ""transferBytes"": 1369548}, {""encodedBodyBytes"": 376616, ""endMs"": 25500, ""eventCount"": 1, ""startMs"": 25400, ""transferBytes"": 376916}, {""encodedBodyBytes"": 2544876, ""endMs"": 25600, ""eventCount"": 2, ""startMs"": 25500, ""transferBytes"": 2545476}, {""encodedBodyBytes"": 685692, ""endMs"": 26000, ""eventCount"": 1, ""startMs"": 25900, ""transferBytes"": 685992}, {""encodedBodyBytes"": 2314728, ""endMs"": 26200, ""eventCount"": 2, ""startMs"": 26100, ""transferBytes"": 2315328}, {""encodedBodyBytes"": 1964800, ""endMs"": 26400, ""eventCount"": 3, ""startMs"": 26300, ""transferBytes"": 1965700}, {""encodedBodyBytes"": 2229264, ""endMs"": 26600, ""eventCount"": 2, ""startMs"": 26500, ""transferBytes"": 2229864}, {""encodedBodyBytes"": 1248068, ""endMs"": 26700, ""eventCount"": 1, ""startMs"": 26600, ""transferBytes"": 1248368}, {""encodedBodyBytes"": 1864316, ""endMs"": 27000, ""eventCount"": 3, ""startMs"": 26900, ""transferBytes"": 1865216}, {""encodedBodyBytes"": 433576, ""endMs"": 27500, ""eventCount"": 1, ""startMs"": 27400, ""transferBytes"": 433876}, {""encodedBodyBytes"": 1038732, ""endMs"": 27600, ""eventCount"": 2, ""startMs"": 27500, ""transferBytes"": 1039332}, {""encodedBodyBytes"": 970776, ""endMs"": 27700, ""eventCount"": 1, ""startMs"": 27600, ""transferBytes"": 971076}, {""encodedBodyBytes"": 1503596, ""endMs"": 27800, ""eventCount"": 2, ""startMs"": 27700, ""transferBytes"": 1504196}, {""encodedBodyBytes"": 509028, ""endMs"": 27900, ""eventCount"": 1, ""startMs"": 27800, ""transferBytes"": 509328}, {""encodedBodyBytes"": 952268, ""endMs"": 28100, ""eventCount"": 3, ""startMs"": 28000, ""transferBytes"": 953168}, {""encodedBodyBytes"": 1635524, ""endMs"": 28200, ""eventCount"": 1, ""startMs"": 28100, ""transferBytes"": 1635824}, {""encodedBodyBytes"": 291420, ""endMs"": 28300, ""eventCount"": 1, ""startMs"": 28200, ""transferBytes"": 291720}, {""encodedBodyBytes"": 1418052, ""endMs"": 28600, ""eventCount"": 2, ""startMs"": 28500, ""transferBytes"": 1418652}, {""encodedBodyBytes"": 1928388, ""endMs"": 28700, ""eventCount"": 3, ""startMs"": 28600, ""transferBytes"": 1929288}, {""encodedBodyBytes"": 378148, ""endMs"": 29000, ""eventCount"": 1, ""startMs"": 28900, ""transferBytes"": 378448}, {""encodedBodyBytes"": 2781732, ""endMs"": 29200, ""eventCount"": 3, ""startMs"": 29100, ""transferBytes"": 2782632}, {""encodedBodyBytes"": 1074152, ""endMs"": 29300, ""eventCount"": 2, ""startMs"": 29200, ""transferBytes"": 1074752}, {""encodedBodyBytes"": 1769280, ""endMs"": 29600, ""eventCount"": 1, ""startMs"": 29500, ""transferBytes"": 1769580}, {""encodedBodyBytes"": 1623072, ""endMs"": 29700, ""eventCount"": 1, ""startMs"": 29600, ""transferBytes"": 1623372}, {""encodedBodyBytes"": 3588460, ""endMs"": 30100, ""eventCount"": 4, ""startMs"": 30000, ""transferBytes"": 3589660}, {""encodedBodyBytes"": 0, ""endMs"": 30200, ""eventCount"": 18, ""startMs"": 30100, ""transferBytes"": 600}, {""encodedBodyBytes"": 536664, ""endMs"": 34500, ""eventCount"": 3, ""startMs"": 34400, ""transferBytes"": 537564}, {""encodedBodyBytes"": 593804, ""endMs"": 34700, ""eventCount"": 3, ""startMs"": 34600, ""transferBytes"": 594704}, {""encodedBodyBytes"": 1207292, ""endMs"": 35100, ""eventCount"": 1, ""startMs"": 35000, ""transferBytes"": 1207592}, {""encodedBodyBytes"": 1017436, ""endMs"": 35300, ""eventCount"": 2, ""startMs"": 35200, ""transferBytes"": 1018036}, {""encodedBodyBytes"": 2929516, ""endMs"": 35500, ""eventCount"": 3, ""startMs"": 35400, ""transferBytes"": 2930416}, {""encodedBodyBytes"": 91904, ""endMs"": 35700, ""eventCount"": 1, ""startMs"": 35600, ""transferBytes"": 92204}, {""encodedBodyBytes"": 580632, ""endMs"": 35800, ""eventCount"": 1, ""startMs"": 35700, ""transferBytes"": 580932}, {""encodedBodyBytes"": 18760, ""endMs"": 36200, ""eventCount"": 1, ""startMs"": 36100, ""transferBytes"": 19060}, {""encodedBodyBytes"": 405108, ""endMs"": 36500, ""eventCount"": 1, ""startMs"": 36400, ""transferBytes"": 405408}, {""encodedBodyBytes"": 3153404, ""endMs"": 36600, ""eventCount"": 3, ""startMs"": 36500, ""transferBytes"": 3154304}, {""encodedBodyBytes"": 704844, ""endMs"": 37100, ""eventCount"": 1, ""startMs"": 37000, ""transferBytes"": 705144}, {""encodedBodyBytes"": 3506696, ""endMs"": 37200, ""eventCount"": 3, ""startMs"": 37100, ""transferBytes"": 3507596}, {""encodedBodyBytes"": 191236, ""endMs"": 37300, ""eventCount"": 1, ""startMs"": 37200, ""transferBytes"": 191536}, {""encodedBodyBytes"": 1530504, ""endMs"": 37500, ""eventCount"": 1, ""startMs"": 37400, ""transferBytes"": 1530804}, {""encodedBodyBytes"": 451132, ""endMs"": 37600, ""eventCount"": 1, ""startMs"": 37500, ""transferBytes"": 451432}, {""encodedBodyBytes"": 1094100, ""endMs"": 38000, ""eventCount"": 2, ""startMs"": 37900, ""transferBytes"": 1094700}, {""encodedBodyBytes"": 4107292, ""endMs"": 38300, ""eventCount"": 3, ""startMs"": 38200, ""transferBytes"": 4108192}, {""encodedBodyBytes"": 1259924, ""endMs"": 38400, ""eventCount"": 1, ""startMs"": 38300, ""transferBytes"": 1260224}, {""encodedBodyBytes"": 156516, ""endMs"": 44300, ""eventCount"": 2, ""startMs"": 44200, ""transferBytes"": 157116}, {""encodedBodyBytes"": 103120, ""endMs"": 44400, ""eventCount"": 1, ""startMs"": 44300, ""transferBytes"": 103420}, {""encodedBodyBytes"": 91240, ""endMs"": 44500, ""eventCount"": 2, ""startMs"": 44400, ""transferBytes"": 91840}, {""encodedBodyBytes"": 422620, ""endMs"": 44900, ""eventCount"": 1, ""startMs"": 44800, ""transferBytes"": 422920}, {""encodedBodyBytes"": 1658788, ""endMs"": 45400, ""eventCount"": 1, ""startMs"": 45300, ""transferBytes"": 1659088}, {""encodedBodyBytes"": 357564, ""endMs"": 45700, ""eventCount"": 1, ""startMs"": 45600, ""transferBytes"": 357864}, {""encodedBodyBytes"": 1511304, ""endMs"": 45800, ""eventCount"": 2, ""startMs"": 45700, ""transferBytes"": 1511904}, {""encodedBodyBytes"": 2963660, ""endMs"": 46200, ""eventCount"": 2, ""startMs"": 46100, ""transferBytes"": 2964260}, {""encodedBodyBytes"": 691016, ""endMs"": 46300, ""eventCount"": 1, ""startMs"": 46200, ""transferBytes"": 691316}, {""encodedBodyBytes"": 40444, ""endMs"": 46400, ""eventCount"": 1, ""startMs"": 46300, ""transferBytes"": 40744}, {""encodedBodyBytes"": 546876, ""endMs"": 46700, ""eventCount"": 1, ""startMs"": 46600, ""transferBytes"": 547176}, {""encodedBodyBytes"": 2624552, ""endMs"": 46800, ""eventCount"": 3, ""startMs"": 46700, ""transferBytes"": 2625452}, {""encodedBodyBytes"": 1316236, ""endMs"": 47100, ""eventCount"": 1, ""startMs"": 47000, ""transferBytes"": 1316536}], ""originMs"": 28139.60000014305}","{""binMs"": 100, ""bins"": [{""endMs"": 100, ""eventCount"": 7, ""startMs"": 0}, {""endMs"": 14400, ""eventCount"": 1, ""startMs"": 14300}, {""endMs"": 14500, ""eventCount"": 1, ""startMs"": 14400}, {""endMs"": 14700, ""eventCount"": 1, ""startMs"": 14600}, {""endMs"": 14900, ""eventCount"": 1, ""startMs"": 14800}, {""endMs"": 15000, ""eventCount"": 2, ""startMs"": 14900}, {""endMs"": 15500, ""eventCount"": 4, ""startMs"": 15400}, {""endMs"": 15600, ""eventCount"": 2, ""startMs"": 15500}, {""endMs"": 15900, ""eventCount"": 1, ""startMs"": 15800}, {""endMs"": 16000, ""eventCount"": 1, ""startMs"": 15900}, {""endMs"": 16300, ""eventCount"": 2, ""startMs"": 16200}, {""endMs"": 16800, ""eventCount"": 1, ""startMs"": 16700}, {""endMs"": 17100, ""eventCount"": 2, ""startMs"": 17000}, {""endMs"": 17200, ""eventCount"": 1, ""startMs"": 17100}, {""endMs"": 17300, ""eventCount"": 2, ""startMs"": 17200}, {""endMs"": 17500, ""eventCount"": 3, ""startMs"": 17400}, {""endMs"": 17700, ""eventCount"": 1, ""startMs"": 17600}, {""endMs"": 18000, ""eventCount"": 1, ""startMs"": 17900}, {""endMs"": 18100, ""eventCount"": 2, ""startMs"": 18000}, {""endMs"": 18200, ""eventCount"": 1, ""startMs"": 18100}, {""endMs"": 18300, ""eventCount"": 1, ""startMs"": 18200}, {""endMs"": 18400, ""eventCount"": 1, ""startMs"": 18300}, {""endMs"": 18500, ""eventCount"": 2, ""startMs"": 18400}, {""endMs"": 18600, ""eventCount"": 1, ""startMs"": 18500}, {""endMs"": 18700, ""eventCount"": 1, ""startMs"": 18600}, {""endMs"": 18900, ""eventCount"": 1, ""startMs"": 18800}, {""endMs"": 19400, ""eventCount"": 1, ""startMs"": 19300}, {""endMs"": 19500, ""eventCount"": 1, ""startMs"": 19400}, {""endMs"": 19600, ""eventCount"": 2, ""startMs"": 19500}, {""endMs"": 19800, ""eventCount"": 1, ""startMs"": 19700}, {""endMs"": 20000, ""eventCount"": 4, ""startMs"": 19900}, {""endMs"": 24200, ""eventCount"": 1, ""startMs"": 24100}, {""endMs"": 24400, ""eventCount"": 2, ""startMs"": 24300}, {""endMs"": 24500, ""eventCount"": 2, ""startMs"": 24400}, {""endMs"": 24600, ""eventCount"": 1, ""startMs"": 24500}, {""endMs"": 24800, ""eventCount"": 2, ""startMs"": 24700}, {""endMs"": 25000, ""eventCount"": 1, ""startMs"": 24900}, {""endMs"": 25200, ""eventCount"": 1, ""startMs"": 25100}, {""endMs"": 25400, ""eventCount"": 1, ""startMs"": 25300}, {""endMs"": 25500, ""eventCount"": 1, ""startMs"": 25400}, {""endMs"": 25600, ""eventCount"": 2, ""startMs"": 25500}, {""endMs"": 26000, ""eventCount"": 1, ""startMs"": 25900}, {""endMs"": 26200, ""eventCount"": 2, ""startMs"": 26100}, {""endMs"": 26300, ""eventCount"": 2, ""startMs"": 26200}, {""endMs"": 26400, ""eventCount"": 1, ""startMs"": 26300}, {""endMs"": 26600, ""eventCount"": 2, ""startMs"": 26500}, {""endMs"": 26700, ""eventCount"": 1, ""startMs"": 26600}, {""endMs"": 26900, ""eventCount"": 1, ""startMs"": 26800}, {""endMs"": 27000, ""eventCount"": 2, ""startMs"": 26900}, {""endMs"": 27500, ""eventCount"": 1, ""startMs"": 27400}, {""endMs"": 27600, ""eventCount"": 2, ""startMs"": 27500}, {""endMs"": 27700, ""eventCount"": 1, ""startMs"": 27600}, {""endMs"": 27800, ""eventCount"": 2, ""startMs"": 27700}, {""endMs"": 27900, ""eventCount"": 1, ""startMs"": 27800}, {""endMs"": 28100, ""eventCount"": 3, ""startMs"": 28000}, {""endMs"": 28200, ""eventCount"": 1, ""startMs"": 28100}, {""endMs"": 28300, ""eventCount"": 1, ""startMs"": 28200}, {""endMs"": 28600, ""eventCount"": 2, ""startMs"": 28500}, {""endMs"": 28700, ""eventCount"": 3, ""startMs"": 28600}, {""endMs"": 29000, ""eventCount"": 1, ""startMs"": 28900}, {""endMs"": 29100, ""eventCount"": 1, ""startMs"": 29000}, {""endMs"": 29200, ""eventCount"": 2, ""startMs"": 29100}, {""endMs"": 29300, ""eventCount"": 2, ""startMs"": 29200}, {""endMs"": 29600, ""eventCount"": 1, ""startMs"": 29500}, {""endMs"": 29700, ""eventCount"": 1, ""startMs"": 29600}, {""endMs"": 30100, ""eventCount"": 4, ""startMs"": 30000}, {""endMs"": 34500, ""eventCount"": 3, ""startMs"": 34400}, {""endMs"": 34700, ""eventCount"": 3, ""startMs"": 34600}, {""endMs"": 35100, ""eventCount"": 1, ""startMs"": 35000}, {""endMs"": 35300, ""eventCount"": 2, ""startMs"": 35200}, {""endMs"": 35400, ""eventCount"": 1, ""startMs"": 35300}, {""endMs"": 35500, ""eventCount"": 2, ""startMs"": 35400}, {""endMs"": 35700, ""eventCount"": 1, ""startMs"": 35600}, {""endMs"": 35800, ""eventCount"": 1, ""startMs"": 35700}, {""endMs"": 36200, ""eventCount"": 1, ""startMs"": 36100}, {""endMs"": 36500, ""eventCount"": 3, ""startMs"": 36400}, {""endMs"": 36600, ""eventCount"": 1, ""startMs"": 36500}, {""endMs"": 37100, ""eventCount"": 2, ""startMs"": 37000}, {""endMs"": 37200, ""eventCount"": 2, ""startMs"": 37100}, {""endMs"": 37300, ""eventCount"": 1, ""startMs"": 37200}, {""endMs"": 37500, ""eventCount"": 1, ""startMs"": 37400}, {""endMs"": 37600, ""eventCount"": 1, ""startMs"": 37500}, {""endMs"": 38000, ""eventCount"": 2, ""startMs"": 37900}, {""endMs"": 38200, ""eventCount"": 3, ""startMs"": 38100}, {""endMs"": 38300, ""eventCount"": 1, ""startMs"": 38200}, {""endMs"": 44300, ""eventCount"": 3, ""startMs"": 44200}, {""endMs"": 44400, ""eventCount"": 1, ""startMs"": 44300}, {""endMs"": 44500, ""eventCount"": 1, ""startMs"": 44400}, {""endMs"": 44900, ""eventCount"": 1, ""startMs"": 44800}, {""endMs"": 45400, ""eventCount"": 1, ""startMs"": 45300}, {""endMs"": 45700, ""eventCount"": 2, ""startMs"": 45600}, {""endMs"": 45800, ""eventCount"": 1, ""startMs"": 45700}, {""endMs"": 46200, ""eventCount"": 2, ""startMs"": 46100}, {""endMs"": 46300, ""eventCount"": 1, ""startMs"": 46200}, {""endMs"": 46400, ""eventCount"": 1, ""startMs"": 46300}, {""endMs"": 46700, ""eventCount"": 2, ""startMs"": 46600}, {""endMs"": 46800, ""eventCount"": 2, ""startMs"": 46700}, {""endMs"": 47100, ""eventCount"": 1, ""startMs"": 47000}], ""originMs"": 28207}","{""binMs"": 100, ""bins"": [{""endMs"": 100, ""eventCount"": 4, ""requestQueuePeak"": 31, ""startMs"": 0}, {""endMs"": 200, ""eventCount"": 2, ""requestQueuePeak"": 2, ""startMs"": 100}, {""endMs"": 14200, ""eventCount"": 2, ""requestQueuePeak"": 20, ""startMs"": 14100}, {""endMs"": 14400, ""eventCount"": 3, ""requestQueuePeak"": 38, ""startMs"": 14300}, {""endMs"": 14500, ""eventCount"": 3, ""requestQueuePeak"": 38, ""startMs"": 14400}, {""endMs"": 14700, ""eventCount"": 3, ""requestQueuePeak"": 38, ""startMs"": 14600}, {""endMs"": 14900, ""eventCount"": 3, ""requestQueuePeak"": 38, ""startMs"": 14800}, {""endMs"": 15000, ""eventCount"": 5, ""requestQueuePeak"": 39, ""startMs"": 14900}, {""endMs"": 15500, ""eventCount"": 4, ""requestQueuePeak"": 38, ""startMs"": 15400}, {""endMs"": 15600, ""eventCount"": 4, ""requestQueuePeak"": 39, ""startMs"": 15500}, {""endMs"": 15700, ""eventCount"": 2, ""requestQueuePeak"": 19, ""startMs"": 15600}, {""endMs"": 15900, ""eventCount"": 3, ""requestQueuePeak"": 38, ""startMs"": 15800}, {""endMs"": 16000, ""eventCount"": 3, ""requestQueuePeak"": 38, ""startMs"": 15900}, {""endMs"": 16300, ""eventCount"": 4, ""requestQueuePeak"": 39, ""startMs"": 16200}, {""endMs"": 16400, ""eventCount"": 1, ""requestQueuePeak"": 18, ""startMs"": 16300}, {""endMs"": 16800, ""eventCount"": 1, ""requestQueuePeak"": 38, ""startMs"": 16700}, {""endMs"": 16900, ""eventCount"": 2, ""requestQueuePeak"": 19, ""startMs"": 16800}, {""endMs"": 17100, ""eventCount"": 2, ""requestQueuePeak"": 38, ""startMs"": 17000}, {""endMs"": 17200, ""eventCount"": 4, ""requestQueuePeak"": 39, ""startMs"": 17100}, {""endMs"": 17300, ""eventCount"": 4, ""requestQueuePeak"": 38, ""startMs"": 17200}, {""endMs"": 17400, ""eventCount"": 1, ""requestQueuePeak"": 18, ""startMs"": 17300}, {""endMs"": 17500, ""eventCount"": 3, ""requestQueuePeak"": 38, ""startMs"": 17400}, {""endMs"": 17700, ""eventCount"": 2, ""requestQueuePeak"": 38, ""startMs"": 17600}, {""endMs"": 17800, ""eventCount"": 1, ""requestQueuePeak"": 18, ""startMs"": 17700}, {""endMs"": 18000, ""eventCount"": 4, ""requestQueuePeak"": 38, ""startMs"": 17900}, {""endMs"": 18100, ""eventCount"": 4, ""requestQueuePeak"": 38, ""startMs"": 18000}, {""endMs"": 18200, ""eventCount"": 4, ""requestQueuePeak"": 38, ""startMs"": 18100}, {""endMs"": 18300, ""eventCount"": 2, ""requestQueuePeak"": 19, ""startMs"": 18200}, {""endMs"": 18400, ""eventCount"": 4, ""requestQueuePeak"": 38, ""startMs"": 18300}, {""endMs"": 18500, ""eventCount"": 4, ""requestQueuePeak"": 39, ""startMs"": 18400}, {""endMs"": 18600, ""eventCount"": 3, ""requestQueuePeak"": 38, ""startMs"": 18500}, {""endMs"": 18700, ""eventCount"": 3, ""requestQueuePeak"": 38, ""startMs"": 18600}, {""endMs"": 18900, ""eventCount"": 2, ""requestQueuePeak"": 38, ""startMs"": 18800}, {""endMs"": 19000, ""eventCount"": 1, ""requestQueuePeak"": 18, ""startMs"": 18900}, {""endMs"": 19400, ""eventCount"": 3, ""requestQueuePeak"": 38, ""startMs"": 19300}, {""endMs"": 19500, ""eventCount"": 3, ""requestQueuePeak"": 38, ""startMs"": 19400}, {""endMs"": 19600, ""eventCount"": 2, ""requestQueuePeak"": 38, ""startMs"": 19500}, {""endMs"": 19700, ""eventCount"": 1, ""requestQueuePeak"": 18, ""startMs"": 19600}, {""endMs"": 19800, ""eventCount"": 3, ""requestQueuePeak"": 38, ""startMs"": 19700}, {""endMs"": 20000, ""eventCount"": 6, ""requestQueuePeak"": 39, ""startMs"": 19900}, {""endMs"": 20100, ""eventCount"": 3, ""requestQueuePeak"": 20, ""startMs"": 20000}, {""endMs"": 20200, ""eventCount"": 1, ""requestQueuePeak"": 0, ""startMs"": 20100}, {""endMs"": 24200, ""eventCount"": 3, ""requestQueuePeak"": 27, ""startMs"": 24100}, {""endMs"": 24300, ""eventCount"": 1, ""requestQueuePeak"": 18, ""startMs"": 24200}, {""endMs"": 24400, ""eventCount"": 4, ""requestQueuePeak"": 39, ""startMs"": 24300}, {""endMs"": 24500, ""eventCount"": 5, ""requestQueuePeak"": 38, ""startMs"": 24400}, {""endMs"": 24600, ""eventCount"": 4, ""requestQueuePeak"": 38, ""startMs"": 24500}, {""endMs"": 24700, ""eventCount"": 1, ""requestQueuePeak"": 18, ""startMs"": 24600}, {""endMs"": 24800, ""eventCount"": 4, ""requestQueuePeak"": 39, ""startMs"": 24700}, {""endMs"": 24900, ""eventCount"": 1, ""requestQueuePeak"": 18, ""startMs"": 24800}, {""endMs"": 25000, ""eventCount"": 1, ""requestQueuePeak"": 38, ""startMs"": 24900}, {""endMs"": 25100, ""eventCount"": 2, ""requestQueuePeak"": 19, ""startMs"": 25000}, {""endMs"": 25200, ""eventCount"": 2, ""requestQueuePeak"": 38, ""startMs"": 25100}, {""endMs"": 25300, ""eventCount"": 1, ""requestQueuePeak"": 18, ""startMs"": 25200}, {""endMs"": 25400, ""eventCount"": 2, ""requestQueuePeak"": 38, ""startMs"": 25300}, {""endMs"": 25500, ""eventCount"": 4, ""requestQueuePeak"": 39, ""startMs"": 25400}, {""endMs"": 25600, ""eventCount"": 2, ""requestQueuePeak"": 20, ""startMs"": 25500}, {""endMs"": 26000, ""eventCount"": 3, ""requestQueuePeak"": 38, ""startMs"": 25900}, {""endMs"": 26200, ""eventCount"": 5, ""requestQueuePeak"": 38, ""startMs"": 26100}, {""endMs"": 26300, ""eventCount"": 2, ""requestQueuePeak"": 38, ""startMs"": 26200}, {""endMs"": 26400, ""eventCount"": 4, ""requestQueuePeak"": 40, ""startMs"": 26300}, {""endMs"": 26600, ""eventCount"": 4, ""requestQueuePeak"": 38, ""startMs"": 26500}, {""endMs"": 26700, ""eventCount"": 2, ""requestQueuePeak"": 19, ""startMs"": 26600}, {""endMs"": 26900, ""eventCount"": 1, ""requestQueuePeak"": 38, ""startMs"": 26800}, {""endMs"": 27000, ""eventCount"": 5, ""requestQueuePeak"": 39, ""startMs"": 26900}, {""endMs"": 27100, ""eventCount"": 1, ""requestQueuePeak"": 18, ""startMs"": 27000}, {""endMs"": 27500, ""eventCount"": 3, ""requestQueuePeak"": 38, ""startMs"": 27400}, {""endMs"": 27600, ""eventCount"": 5, ""requestQueuePeak"": 39, ""startMs"": 27500}, {""endMs"": 27700, ""eventCount"": 3, ""requestQueuePeak"": 38, ""startMs"": 27600}, {""endMs"": 27800, ""eventCount"": 4, ""requestQueuePeak"": 39, ""startMs"": 27700}, {""endMs"": 27900, ""eventCount"": 3, ""requestQueuePeak"": 38, ""startMs"": 27800}, {""endMs"": 28100, ""eventCount"": 5, ""requestQueuePeak"": 39, ""startMs"": 28000}, {""endMs"": 28200, ""eventCount"": 4, ""requestQueuePeak"": 38, ""startMs"": 28100}, {""endMs"": 28300, ""eventCount"": 2, ""requestQueuePeak"": 19, ""startMs"": 28200}, {""endMs"": 28600, ""eventCount"": 3, ""requestQueuePeak"": 40, ""startMs"": 28500}, {""endMs"": 28700, ""eventCount"": 4, ""requestQueuePeak"": 39, ""startMs"": 28600}, {""endMs"": 29000, ""eventCount"": 2, ""requestQueuePeak"": 38, ""startMs"": 28900}, {""endMs"": 29100, ""eventCount"": 2, ""requestQueuePeak"": 38, ""startMs"": 29000}, {""endMs"": 29200, ""eventCount"": 4, ""requestQueuePeak"": 38, ""startMs"": 29100}, {""endMs"": 29300, ""eventCount"": 3, ""requestQueuePeak"": 38, ""startMs"": 29200}, {""endMs"": 29400, ""eventCount"": 1, ""requestQueuePeak"": 18, ""startMs"": 29300}, {""endMs"": 29600, ""eventCount"": 3, ""requestQueuePeak"": 38, ""startMs"": 29500}, {""endMs"": 29700, ""eventCount"": 2, ""requestQueuePeak"": 37, ""startMs"": 29600}, {""endMs"": 29800, ""eventCount"": 1, ""requestQueuePeak"": 18, ""startMs"": 29700}, {""endMs"": 30100, ""eventCount"": 5, ""requestQueuePeak"": 36, ""startMs"": 30000}, {""endMs"": 30200, ""eventCount"": 2, ""requestQueuePeak"": 18, ""startMs"": 30100}, {""endMs"": 34200, ""eventCount"": 3, ""requestQueuePeak"": 25, ""startMs"": 34100}, {""endMs"": 34400, ""eventCount"": 1, ""requestQueuePeak"": 32, ""startMs"": 34300}, {""endMs"": 34500, ""eventCount"": 6, ""requestQueuePeak"": 32, ""startMs"": 34400}, {""endMs"": 34600, ""eventCount"": 1, ""requestQueuePeak"": 29, ""startMs"": 34500}, {""endMs"": 34700, ""eventCount"": 4, ""requestQueuePeak"": 27, ""startMs"": 34600}, {""endMs"": 35100, ""eventCount"": 2, ""requestQueuePeak"": 26, ""startMs"": 35000}, {""endMs"": 35200, ""eventCount"": 1, ""requestQueuePeak"": 18, ""startMs"": 35100}, {""endMs"": 35300, ""eventCount"": 4, ""requestQueuePeak"": 25, ""startMs"": 35200}, {""endMs"": 35400, ""eventCount"": 2, ""requestQueuePeak"": 23, ""startMs"": 35300}, {""endMs"": 35500, ""eventCount"": 5, ""requestQueuePeak"": 23, ""startMs"": 35400}, {""endMs"": 35600, ""eventCount"": 1, ""requestQueuePeak"": 18, ""startMs"": 35500}, {""endMs"": 35700, ""eventCount"": 2, ""requestQueuePeak"": 20, ""startMs"": 35600}, {""endMs"": 35800, ""eventCount"": 3, ""requestQueuePeak"": 19, ""startMs"": 35700}, {""endMs"": 36100, ""eventCount"": 1, ""requestQueuePeak"": 18, ""startMs"": 36000}, {""endMs"": 36200, ""eventCount"": 1, ""requestQueuePeak"": 17, ""startMs"": 36100}, {""endMs"": 36500, ""eventCount"": 3, ""requestQueuePeak"": 17, ""startMs"": 36400}, {""endMs"": 36600, ""eventCount"": 3, ""requestQueuePeak"": 16, ""startMs"": 36500}, {""endMs"": 37100, ""eventCount"": 3, ""requestQueuePeak"": 13, ""startMs"": 37000}, {""endMs"": 37200, ""eventCount"": 4, ""requestQueuePeak"": 12, ""startMs"": 37100}, {""endMs"": 37300, ""eventCount"": 1, ""requestQueuePeak"": 9, ""startMs"": 37200}, {""endMs"": 37400, ""eventCount"": 1, ""requestQueuePeak"": 8, ""startMs"": 37300}, {""endMs"": 37500, ""eventCount"": 1, ""requestQueuePeak"": 8, ""startMs"": 37400}, {""endMs"": 37600, ""eventCount"": 3, ""requestQueuePeak"": 7, ""startMs"": 37500}, {""endMs"": 37900, ""eventCount"": 1, ""requestQueuePeak"": 6, ""startMs"": 37800}, {""endMs"": 38000, ""eventCount"": 2, ""requestQueuePeak"": 5, ""startMs"": 37900}, {""endMs"": 38100, ""eventCount"": 1, ""requestQueuePeak"": 4, ""startMs"": 38000}, {""endMs"": 38200, ""eventCount"": 1, ""requestQueuePeak"": 4, ""startMs"": 38100}, {""endMs"": 38300, ""eventCount"": 2, ""requestQueuePeak"": 1, ""startMs"": 38200}, {""endMs"": 38400, ""eventCount"": 1, ""requestQueuePeak"": 0, ""startMs"": 38300}, {""endMs"": 44200, ""eventCount"": 3, ""requestQueuePeak"": 19, ""startMs"": 44100}, {""endMs"": 44300, ""eventCount"": 4, ""requestQueuePeak"": 19, ""startMs"": 44200}, {""endMs"": 44400, ""eventCount"": 2, ""requestQueuePeak"": 16, ""startMs"": 44300}, {""endMs"": 44500, ""eventCount"": 3, ""requestQueuePeak"": 16, ""startMs"": 44400}, {""endMs"": 44900, ""eventCount"": 1, ""requestQueuePeak"": 14, ""startMs"": 44800}, {""endMs"": 45000, ""eventCount"": 1, ""requestQueuePeak"": 13, ""startMs"": 44900}, {""endMs"": 45400, ""eventCount"": 1, ""requestQueuePeak"": 13, ""startMs"": 45300}, {""endMs"": 45500, ""eventCount"": 1, ""requestQueuePeak"": 12, ""startMs"": 45400}, {""endMs"": 45700, ""eventCount"": 2, ""requestQueuePeak"": 12, ""startMs"": 45600}, {""endMs"": 45800, ""eventCount"": 3, ""requestQueuePeak"": 11, ""startMs"": 45700}, {""endMs"": 45900, ""eventCount"": 1, ""requestQueuePeak"": 9, ""startMs"": 45800}, {""endMs"": 46200, ""eventCount"": 2, ""requestQueuePeak"": 9, ""startMs"": 46100}, {""endMs"": 46300, ""eventCount"": 3, ""requestQueuePeak"": 8, ""startMs"": 46200}, {""endMs"": 46400, ""eventCount"": 3, ""requestQueuePeak"": 6, ""startMs"": 46300}, {""endMs"": 46700, ""eventCount"": 2, ""requestQueuePeak"": 5, ""startMs"": 46600}, {""endMs"": 46800, ""eventCount"": 5, ""requestQueuePeak"": 5, ""startMs"": 46700}, {""endMs"": 47100, ""eventCount"": 2, ""requestQueuePeak"": 1, ""startMs"": 47000}], ""originMs"": 28162.400000095367}","{""binMs"": 250, ""bins"": [{""encodedBodyBytes"": 257082, ""endMs"": 250, ""eventCount"": 24, ""startMs"": 0, ""transferBytes"": 260082}, {""encodedBodyBytes"": 180140, ""endMs"": 14500, ""eventCount"": 2, ""startMs"": 14250, ""transferBytes"": 180740}, {""encodedBodyBytes"": 482892, ""endMs"": 14750, ""eventCount"": 1, ""startMs"": 14500, ""transferBytes"": 483192}, {""encodedBodyBytes"": 2697420, ""endMs"": 15000, ""eventCount"": 3, ""startMs"": 14750, ""transferBytes"": 2698320}, {""encodedBodyBytes"": 2331468, ""endMs"": 15500, ""eventCount"": 4, ""startMs"": 15250, ""transferBytes"": 2332668}, {""encodedBodyBytes"": 1240060, ""endMs"": 15750, ""eventCount"": 2, ""startMs"": 15500, ""transferBytes"": 1240660}, {""encodedBodyBytes"": 872996, ""endMs"": 16000, ""eventCount"": 2, ""startMs"": 15750, ""transferBytes"": 873596}, {""encodedBodyBytes"": 1717432, ""endMs"": 16500, ""eventCount"": 2, ""startMs"": 16250, ""transferBytes"": 1718032}, {""encodedBodyBytes"": 872508, ""endMs"": 17000, ""eventCount"": 1, ""startMs"": 16750, ""transferBytes"": 872808}, {""encodedBodyBytes"": 4977480, ""endMs"": 17250, ""eventCount"": 4, ""startMs"": 17000, ""transferBytes"": 4978680}, {""encodedBodyBytes"": 3053936, ""endMs"": 17500, ""eventCount"": 4, ""startMs"": 17250, ""transferBytes"": 3055136}, {""encodedBodyBytes"": 342444, ""endMs"": 17750, ""eventCount"": 1, ""startMs"": 17500, ""transferBytes"": 342744}, {""encodedBodyBytes"": 533684, ""endMs"": 18000, ""eventCount"": 1, ""startMs"": 17750, ""transferBytes"": 533984}, {""encodedBodyBytes"": 3805316, ""endMs"": 18250, ""eventCount"": 4, ""startMs"": 18000, ""transferBytes"": 3806516}, {""encodedBodyBytes"": 1057636, ""endMs"": 18500, ""eventCount"": 3, ""startMs"": 18250, ""transferBytes"": 1058536}, {""encodedBodyBytes"": 1244120, ""endMs"": 18750, ""eventCount"": 2, ""startMs"": 18500, ""transferBytes"": 1244720}, {""encodedBodyBytes"": 238104, ""endMs"": 19000, ""eventCount"": 1, ""startMs"": 18750, ""transferBytes"": 238404}, {""encodedBodyBytes"": 1734036, ""endMs"": 19500, ""eventCount"": 2, ""startMs"": 19250, ""transferBytes"": 1734636}, {""encodedBodyBytes"": 2745296, ""endMs"": 19750, ""eventCount"": 2, ""startMs"": 19500, ""transferBytes"": 2745896}, {""encodedBodyBytes"": 4496196, ""endMs"": 20000, ""eventCount"": 4, ""startMs"": 19750, ""transferBytes"": 4497396}, {""encodedBodyBytes"": 467460, ""endMs"": 20250, ""eventCount"": 19, ""startMs"": 20000, ""transferBytes"": 469560}, {""encodedBodyBytes"": 16404, ""endMs"": 24250, ""eventCount"": 1, ""startMs"": 24000, ""transferBytes"": 16704}, {""encodedBodyBytes"": 689448, ""endMs"": 24500, ""eventCount"": 3, ""startMs"": 24250, ""transferBytes"": 690348}, {""encodedBodyBytes"": 949928, ""endMs"": 24750, ""eventCount"": 3, ""startMs"": 24500, ""transferBytes"": 950828}, {""encodedBodyBytes"": 211056, ""endMs"": 25000, ""eventCount"": 1, ""startMs"": 24750, ""transferBytes"": 211356}, {""encodedBodyBytes"": 956640, ""endMs"": 25250, ""eventCount"": 2, ""startMs"": 25000, ""transferBytes"": 957240}, {""encodedBodyBytes"": 1745864, ""endMs"": 25500, ""eventCount"": 2, ""startMs"": 25250, ""transferBytes"": 1746464}, {""encodedBodyBytes"": 2544876, ""endMs"": 25750, ""eventCount"": 2, ""startMs"": 25500, ""transferBytes"": 2545476}, {""encodedBodyBytes"": 685692, ""endMs"": 26000, ""eventCount"": 1, ""startMs"": 25750, ""transferBytes"": 685992}, {""encodedBodyBytes"": 2314728, ""endMs"": 26250, ""eventCount"": 2, ""startMs"": 26000, ""transferBytes"": 2315328}, {""encodedBodyBytes"": 1964800, ""endMs"": 26500, ""eventCount"": 3, ""startMs"": 26250, ""transferBytes"": 1965700}, {""encodedBodyBytes"": 3477332, ""endMs"": 26750, ""eventCount"": 3, ""startMs"": 26500, ""transferBytes"": 3478232}, {""encodedBodyBytes"": 1864316, ""endMs"": 27000, ""eventCount"": 3, ""startMs"": 26750, ""transferBytes"": 1865216}, {""encodedBodyBytes"": 433576, ""endMs"": 27500, ""eventCount"": 1, ""startMs"": 27250, ""transferBytes"": 433876}, {""encodedBodyBytes"": 2009508, ""endMs"": 27750, ""eventCount"": 3, ""startMs"": 27500, ""transferBytes"": 2010408}, {""encodedBodyBytes"": 2012624, ""endMs"": 28000, ""eventCount"": 3, ""startMs"": 27750, ""transferBytes"": 2013524}, {""encodedBodyBytes"": 2879212, ""endMs"": 28250, ""eventCount"": 5, ""startMs"": 28000, ""transferBytes"": 2880712}, {""encodedBodyBytes"": 3346440, ""endMs"": 28750, ""eventCount"": 5, ""startMs"": 28500, ""transferBytes"": 3347940}, {""encodedBodyBytes"": 378148, ""endMs"": 29000, ""eventCount"": 1, ""startMs"": 28750, ""transferBytes"": 378448}, {""encodedBodyBytes"": 2781732, ""endMs"": 29250, ""eventCount"": 3, ""startMs"": 29000, ""transferBytes"": 2782632}, {""encodedBodyBytes"": 1074152, ""endMs"": 29500, ""eventCount"": 2, ""startMs"": 29250, ""transferBytes"": 1074752}, {""encodedBodyBytes"": 3392352, ""endMs"": 29750, ""eventCount"": 2, ""startMs"": 29500, ""transferBytes"": 3392952}, {""encodedBodyBytes"": 3588460, ""endMs"": 30250, ""eventCount"": 22, ""startMs"": 30000, ""transferBytes"": 3590260}, {""encodedBodyBytes"": 536664, ""endMs"": 34500, ""eventCount"": 3, ""startMs"": 34250, ""transferBytes"": 537564}, {""encodedBodyBytes"": 593804, ""endMs"": 34750, ""eventCount"": 3, ""startMs"": 34500, ""transferBytes"": 594704}, {""encodedBodyBytes"": 1207292, ""endMs"": 35250, ""eventCount"": 1, ""startMs"": 35000, ""transferBytes"": 1207592}, {""encodedBodyBytes"": 3946952, ""endMs"": 35500, ""eventCount"": 5, ""startMs"": 35250, ""transferBytes"": 3948452}, {""encodedBodyBytes"": 672536, ""endMs"": 35750, ""eventCount"": 2, ""startMs"": 35500, ""transferBytes"": 673136}, {""encodedBodyBytes"": 18760, ""endMs"": 36250, ""eventCount"": 1, ""startMs"": 36000, ""transferBytes"": 19060}, {""encodedBodyBytes"": 405108, ""endMs"": 36500, ""eventCount"": 1, ""startMs"": 36250, ""transferBytes"": 405408}, {""encodedBodyBytes"": 3153404, ""endMs"": 36750, ""eventCount"": 3, ""startMs"": 36500, ""transferBytes"": 3154304}, {""encodedBodyBytes"": 4211540, ""endMs"": 37250, ""eventCount"": 4, ""startMs"": 37000, ""transferBytes"": 4212740}, {""encodedBodyBytes"": 1721740, ""endMs"": 37500, ""eventCount"": 2, ""startMs"": 37250, ""transferBytes"": 1722340}, {""encodedBodyBytes"": 451132, ""endMs"": 37750, ""eventCount"": 1, ""startMs"": 37500, ""transferBytes"": 451432}, {""encodedBodyBytes"": 1094100, ""endMs"": 38000, ""eventCount"": 2, ""startMs"": 37750, ""transferBytes"": 1094700}, {""encodedBodyBytes"": 4107292, ""endMs"": 38250, ""eventCount"": 3, ""startMs"": 38000, ""transferBytes"": 4108192}, {""encodedBodyBytes"": 1259924, ""endMs"": 38500, ""eventCount"": 1, ""startMs"": 38250, ""transferBytes"": 1260224}, {""encodedBodyBytes"": 70744, ""endMs"": 44250, ""eventCount"": 1, ""startMs"": 44000, ""transferBytes"": 71044}, {""encodedBodyBytes"": 280132, ""endMs"": 44500, ""eventCount"": 4, ""startMs"": 44250, ""transferBytes"": 281332}, {""encodedBodyBytes"": 422620, ""endMs"": 45000, ""eventCount"": 1, ""startMs"": 44750, ""transferBytes"": 422920}, {""encodedBodyBytes"": 1658788, ""endMs"": 45500, ""eventCount"": 1, ""startMs"": 45250, ""transferBytes"": 1659088}, {""encodedBodyBytes"": 1846732, ""endMs"": 45750, ""eventCount"": 2, ""startMs"": 45500, ""transferBytes"": 1847332}, {""encodedBodyBytes"": 22136, ""endMs"": 46000, ""eventCount"": 1, ""startMs"": 45750, ""transferBytes"": 22436}, {""encodedBodyBytes"": 2963660, ""endMs"": 46250, ""eventCount"": 2, ""startMs"": 46000, ""transferBytes"": 2964260}, {""encodedBodyBytes"": 731460, ""endMs"": 46500, ""eventCount"": 2, ""startMs"": 46250, ""transferBytes"": 732060}, {""encodedBodyBytes"": 2408544, ""endMs"": 46750, ""eventCount"": 3, ""startMs"": 46500, ""transferBytes"": 2409444}, {""encodedBodyBytes"": 762884, ""endMs"": 47000, ""eventCount"": 1, ""startMs"": 46750, ""transferBytes"": 763184}, {""encodedBodyBytes"": 1316236, ""endMs"": 47250, ""eventCount"": 1, ""startMs"": 47000, ""transferBytes"": 1316536}], ""originMs"": 28139.60000014305}","{""binMs"": 250, ""bins"": [{""endMs"": 250, ""eventCount"": 7, ""startMs"": 0}, {""endMs"": 14500, ""eventCount"": 2, ""startMs"": 14250}, {""endMs"": 14750, ""eventCount"": 1, ""startMs"": 14500}, {""endMs"": 15000, ""eventCount"": 3, ""startMs"": 14750}, {""endMs"": 15500, ""eventCount"": 4, ""startMs"": 15250}, {""endMs"": 15750, ""eventCount"": 2, ""startMs"": 15500}, {""endMs"": 16000, ""eventCount"": 2, ""startMs"": 15750}, {""endMs"": 16500, ""eventCount"": 2, ""startMs"": 16250}, {""endMs"": 17000, ""eventCount"": 1, ""startMs"": 16750}, {""endMs"": 17250, ""eventCount"": 4, ""startMs"": 17000}, {""endMs"": 17500, ""eventCount"": 4, ""startMs"": 17250}, {""endMs"": 17750, ""eventCount"": 1, ""startMs"": 17500}, {""endMs"": 18000, ""eventCount"": 1, ""startMs"": 17750}, {""endMs"": 18250, ""eventCount"": 4, ""startMs"": 18000}, {""endMs"": 18500, ""eventCount"": 3, ""startMs"": 18250}, {""endMs"": 18750, ""eventCount"": 2, ""startMs"": 18500}, {""endMs"": 19000, ""eventCount"": 1, ""startMs"": 18750}, {""endMs"": 19500, ""eventCount"": 2, ""startMs"": 19250}, {""endMs"": 19750, ""eventCount"": 2, ""startMs"": 19500}, {""endMs"": 20000, ""eventCount"": 5, ""startMs"": 19750}, {""endMs"": 24250, ""eventCount"": 1, ""startMs"": 24000}, {""endMs"": 24500, ""eventCount"": 4, ""startMs"": 24250}, {""endMs"": 24750, ""eventCount"": 2, ""startMs"": 24500}, {""endMs"": 25000, ""eventCount"": 2, ""startMs"": 24750}, {""endMs"": 25250, ""eventCount"": 1, ""startMs"": 25000}, {""endMs"": 25500, ""eventCount"": 2, ""startMs"": 25250}, {""endMs"": 25750, ""eventCount"": 2, ""startMs"": 25500}, {""endMs"": 26000, ""eventCount"": 1, ""startMs"": 25750}, {""endMs"": 26250, ""eventCount"": 2, ""startMs"": 26000}, {""endMs"": 26500, ""eventCount"": 3, ""startMs"": 26250}, {""endMs"": 26750, ""eventCount"": 3, ""startMs"": 26500}, {""endMs"": 27000, ""eventCount"": 3, ""startMs"": 26750}, {""endMs"": 27500, ""eventCount"": 1, ""startMs"": 27250}, {""endMs"": 27750, ""eventCount"": 3, ""startMs"": 27500}, {""endMs"": 28000, ""eventCount"": 3, ""startMs"": 27750}, {""endMs"": 28250, ""eventCount"": 5, ""startMs"": 28000}, {""endMs"": 28750, ""eventCount"": 5, ""startMs"": 28500}, {""endMs"": 29000, ""eventCount"": 1, ""startMs"": 28750}, {""endMs"": 29250, ""eventCount"": 3, ""startMs"": 29000}, {""endMs"": 29500, ""eventCount"": 2, ""startMs"": 29250}, {""endMs"": 29750, ""eventCount"": 2, ""startMs"": 29500}, {""endMs"": 30250, ""eventCount"": 4, ""startMs"": 30000}, {""endMs"": 34500, ""eventCount"": 3, ""startMs"": 34250}, {""endMs"": 34750, ""eventCount"": 3, ""startMs"": 34500}, {""endMs"": 35250, ""eventCount"": 1, ""startMs"": 35000}, {""endMs"": 35500, ""eventCount"": 5, ""startMs"": 35250}, {""endMs"": 35750, ""eventCount"": 2, ""startMs"": 35500}, {""endMs"": 36250, ""eventCount"": 1, ""startMs"": 36000}, {""endMs"": 36500, ""eventCount"": 3, ""startMs"": 36250}, {""endMs"": 36750, ""eventCount"": 1, ""startMs"": 36500}, {""endMs"": 37250, ""eventCount"": 4, ""startMs"": 37000}, {""endMs"": 37500, ""eventCount"": 2, ""startMs"": 37250}, {""endMs"": 37750, ""eventCount"": 1, ""startMs"": 37500}, {""endMs"": 38000, ""eventCount"": 2, ""startMs"": 37750}, {""endMs"": 38250, ""eventCount"": 3, ""startMs"": 38000}, {""endMs"": 38500, ""eventCount"": 1, ""startMs"": 38250}, {""endMs"": 44250, ""eventCount"": 2, ""startMs"": 44000}, {""endMs"": 44500, ""eventCount"": 3, ""startMs"": 44250}, {""endMs"": 45000, ""eventCount"": 1, ""startMs"": 44750}, {""endMs"": 45500, ""eventCount"": 1, ""startMs"": 45250}, {""endMs"": 45750, ""eventCount"": 2, ""startMs"": 45500}, {""endMs"": 46000, ""eventCount"": 1, ""startMs"": 45750}, {""endMs"": 46250, ""eventCount"": 2, ""startMs"": 46000}, {""endMs"": 46500, ""eventCount"": 2, ""startMs"": 46250}, {""endMs"": 46750, ""eventCount"": 3, ""startMs"": 46500}, {""endMs"": 47000, ""eventCount"": 1, ""startMs"": 46750}, {""endMs"": 47250, ""eventCount"": 1, ""startMs"": 47000}], ""originMs"": 28207}","{""binMs"": 250, ""bins"": [{""endMs"": 250, ""eventCount"": 6, ""requestQueuePeak"": 31, ""startMs"": 0}, {""endMs"": 14250, ""eventCount"": 2, ""requestQueuePeak"": 20, ""startMs"": 14000}, {""endMs"": 14500, ""eventCount"": 6, ""requestQueuePeak"": 38, ""startMs"": 14250}, {""endMs"": 14750, ""eventCount"": 3, ""requestQueuePeak"": 38, ""startMs"": 14500}, {""endMs"": 15000, ""eventCount"": 8, ""requestQueuePeak"": 39, ""startMs"": 14750}, {""endMs"": 15500, ""eventCount"": 4, ""requestQueuePeak"": 38, ""startMs"": 15250}, {""endMs"": 15750, ""eventCount"": 6, ""requestQueuePeak"": 39, ""startMs"": 15500}, {""endMs"": 16000, ""eventCount"": 6, ""requestQueuePeak"": 38, ""startMs"": 15750}, {""endMs"": 16250, ""eventCount"": 1, ""requestQueuePeak"": 38, ""startMs"": 16000}, {""endMs"": 16500, ""eventCount"": 4, ""requestQueuePeak"": 39, ""startMs"": 16250}, {""endMs"": 17000, ""eventCount"": 3, ""requestQueuePeak"": 38, ""startMs"": 16750}, {""endMs"": 17250, ""eventCount"": 8, ""requestQueuePeak"": 39, ""startMs"": 17000}, {""endMs"": 17500, ""eventCount"": 6, ""requestQueuePeak"": 38, ""startMs"": 17250}, {""endMs"": 17750, ""eventCount"": 3, ""requestQueuePeak"": 38, ""startMs"": 17500}, {""endMs"": 18000, ""eventCount"": 4, ""requestQueuePeak"": 38, ""startMs"": 17750}, {""endMs"": 18250, ""eventCount"": 10, ""requestQueuePeak"": 38, ""startMs"": 18000}, {""endMs"": 18500, ""eventCount"": 8, ""requestQueuePeak"": 39, ""startMs"": 18250}, {""endMs"": 18750, ""eventCount"": 6, ""requestQueuePeak"": 38, ""startMs"": 18500}, {""endMs"": 19000, ""eventCount"": 3, ""requestQueuePeak"": 38, ""startMs"": 18750}, {""endMs"": 19500, ""eventCount"": 6, ""requestQueuePeak"": 38, ""startMs"": 19250}, {""endMs"": 19750, ""eventCount"": 4, ""requestQueuePeak"": 38, ""startMs"": 19500}, {""endMs"": 20000, ""eventCount"": 8, ""requestQueuePeak"": 39, ""startMs"": 19750}, {""endMs"": 20250, ""eventCount"": 4, ""requestQueuePeak"": 20, ""startMs"": 20000}, {""endMs"": 24250, ""eventCount"": 4, ""requestQueuePeak"": 27, ""startMs"": 24000}, {""endMs"": 24500, ""eventCount"": 9, ""requestQueuePeak"": 39, ""startMs"": 24250}, {""endMs"": 24750, ""eventCount"": 7, ""requestQueuePeak"": 38, ""startMs"": 24500}, {""endMs"": 25000, ""eventCount"": 4, ""requestQueuePeak"": 39, ""startMs"": 24750}, {""endMs"": 25250, ""eventCount"": 5, ""requestQueuePeak"": 38, ""startMs"": 25000}, {""endMs"": 25500, ""eventCount"": 6, ""requestQueuePeak"": 39, ""startMs"": 25250}, {""endMs"": 25750, ""eventCount"": 2, ""requestQueuePeak"": 20, ""startMs"": 25500}, {""endMs"": 26000, ""eventCount"": 3, ""requestQueuePeak"": 38, ""startMs"": 25750}, {""endMs"": 26250, ""eventCount"": 6, ""requestQueuePeak"": 38, ""startMs"": 26000}, {""endMs"": 26500, ""eventCount"": 5, ""requestQueuePeak"": 40, ""startMs"": 26250}, {""endMs"": 26750, ""eventCount"": 6, ""requestQueuePeak"": 38, ""startMs"": 26500}, {""endMs"": 27000, ""eventCount"": 6, ""requestQueuePeak"": 39, ""startMs"": 26750}, {""endMs"": 27250, ""eventCount"": 1, ""requestQueuePeak"": 18, ""startMs"": 27000}, {""endMs"": 27500, ""eventCount"": 3, ""requestQueuePeak"": 38, ""startMs"": 27250}, {""endMs"": 27750, ""eventCount"": 9, ""requestQueuePeak"": 39, ""startMs"": 27500}, {""endMs"": 28000, ""eventCount"": 6, ""requestQueuePeak"": 39, ""startMs"": 27750}, {""endMs"": 28250, ""eventCount"": 11, ""requestQueuePeak"": 39, ""startMs"": 28000}, {""endMs"": 28750, ""eventCount"": 7, ""requestQueuePeak"": 40, ""startMs"": 28500}, {""endMs"": 29000, ""eventCount"": 2, ""requestQueuePeak"": 38, ""startMs"": 28750}, {""endMs"": 29250, ""eventCount"": 7, ""requestQueuePeak"": 38, ""startMs"": 29000}, {""endMs"": 29500, ""eventCount"": 3, ""requestQueuePeak"": 38, ""startMs"": 29250}, {""endMs"": 29750, ""eventCount"": 6, ""requestQueuePeak"": 38, ""startMs"": 29500}, {""endMs"": 30250, ""eventCount"": 7, ""requestQueuePeak"": 36, ""startMs"": 30000}, {""endMs"": 34250, ""eventCount"": 3, ""requestQueuePeak"": 25, ""startMs"": 34000}, {""endMs"": 34500, ""eventCount"": 7, ""requestQueuePeak"": 32, ""startMs"": 34250}, {""endMs"": 34750, ""eventCount"": 5, ""requestQueuePeak"": 29, ""startMs"": 34500}, {""endMs"": 35250, ""eventCount"": 4, ""requestQueuePeak"": 26, ""startMs"": 35000}, {""endMs"": 35500, ""eventCount"": 10, ""requestQueuePeak"": 25, ""startMs"": 35250}, {""endMs"": 35750, ""eventCount"": 5, ""requestQueuePeak"": 20, ""startMs"": 35500}, {""endMs"": 36000, ""eventCount"": 1, ""requestQueuePeak"": 18, ""startMs"": 35750}, {""endMs"": 36250, ""eventCount"": 2, ""requestQueuePeak"": 18, ""startMs"": 36000}, {""endMs"": 36500, ""eventCount"": 3, ""requestQueuePeak"": 17, ""startMs"": 36250}, {""endMs"": 36750, ""eventCount"": 3, ""requestQueuePeak"": 16, ""startMs"": 36500}, {""endMs"": 37250, ""eventCount"": 7, ""requestQueuePeak"": 13, ""startMs"": 37000}, {""endMs"": 37500, ""eventCount"": 3, ""requestQueuePeak"": 9, ""startMs"": 37250}, {""endMs"": 37750, ""eventCount"": 3, ""requestQueuePeak"": 7, ""startMs"": 37500}, {""endMs"": 38000, ""eventCount"": 3, ""requestQueuePeak"": 6, ""startMs"": 37750}, {""endMs"": 38250, ""eventCount"": 3, ""requestQueuePeak"": 4, ""startMs"": 38000}, {""endMs"": 38500, ""eventCount"": 2, ""requestQueuePeak"": 1, ""startMs"": 38250}, {""endMs"": 44250, ""eventCount"": 5, ""requestQueuePeak"": 19, ""startMs"": 44000}, {""endMs"": 44500, ""eventCount"": 7, ""requestQueuePeak"": 18, ""startMs"": 44250}, {""endMs"": 45000, ""eventCount"": 2, ""requestQueuePeak"": 14, ""startMs"": 44750}, {""endMs"": 45500, ""eventCount"": 2, ""requestQueuePeak"": 13, ""startMs"": 45250}, {""endMs"": 45750, ""eventCount"": 4, ""requestQueuePeak"": 12, ""startMs"": 45500}, {""endMs"": 46000, ""eventCount"": 2, ""requestQueuePeak"": 10, ""startMs"": 45750}, {""endMs"": 46250, ""eventCount"": 4, ""requestQueuePeak"": 9, ""startMs"": 46000}, {""endMs"": 46500, ""eventCount"": 4, ""requestQueuePeak"": 7, ""startMs"": 46250}, {""endMs"": 46750, ""eventCount"": 5, ""requestQueuePeak"": 5, ""startMs"": 46500}, {""endMs"": 47000, ""eventCount"": 2, ""requestQueuePeak"": 2, ""startMs"": 46750}, {""endMs"": 47250, ""eventCount"": 2, ""requestQueuePeak"": 1, ""startMs"": 47000}], ""originMs"": 28162.400000095367}","{""binMs"": 500, ""bins"": [{""encodedBodyBytes"": 257082, ""endMs"": 500, ""eventCount"": 24, ""startMs"": 0, ""transferBytes"": 260082}, {""encodedBodyBytes"": 180140, ""endMs"": 14500, ""eventCount"": 2, ""startMs"": 14000, ""transferBytes"": 180740}, {""encodedBodyBytes"": 3180312, ""endMs"": 15000, ""eventCount"": 4, ""startMs"": 14500, ""transferBytes"": 3181512}, {""encodedBodyBytes"": 2331468, ""endMs"": 15500, ""eventCount"": 4, ""startMs"": 15000, ""transferBytes"": 2332668}, {""encodedBodyBytes"": 2113056, ""endMs"": 16000, ""eventCount"": 4, ""startMs"": 15500, ""transferBytes"": 2114256}, {""encodedBodyBytes"": 1717432, ""endMs"": 16500, ""eventCount"": 2, ""startMs"": 16000, ""transferBytes"": 1718032}, {""encodedBodyBytes"": 872508, ""endMs"": 17000, ""eventCount"": 1, ""startMs"": 16500, ""transferBytes"": 872808}, {""encodedBodyBytes"": 8031416, ""endMs"": 17500, ""eventCount"": 8, ""startMs"": 17000, ""transferBytes"": 8033816}, {""encodedBodyBytes"": 876128, ""endMs"": 18000, ""eventCount"": 2, ""startMs"": 17500, ""transferBytes"": 876728}, {""encodedBodyBytes"": 4862952, ""endMs"": 18500, ""eventCount"": 7, ""startMs"": 18000, ""transferBytes"": 4865052}, {""encodedBodyBytes"": 1482224, ""endMs"": 19000, ""eventCount"": 3, ""startMs"": 18500, ""transferBytes"": 1483124}, {""encodedBodyBytes"": 1734036, ""endMs"": 19500, ""eventCount"": 2, ""startMs"": 19000, ""transferBytes"": 1734636}, {""encodedBodyBytes"": 7241492, ""endMs"": 20000, ""eventCount"": 6, ""startMs"": 19500, ""transferBytes"": 7243292}, {""encodedBodyBytes"": 467460, ""endMs"": 20500, ""eventCount"": 19, ""startMs"": 20000, ""transferBytes"": 469560}, {""encodedBodyBytes"": 705852, ""endMs"": 24500, ""eventCount"": 4, ""startMs"": 24000, ""transferBytes"": 707052}, {""encodedBodyBytes"": 1160984, ""endMs"": 25000, ""eventCount"": 4, ""startMs"": 24500, ""transferBytes"": 1162184}, {""encodedBodyBytes"": 2702504, ""endMs"": 25500, ""eventCount"": 4, ""startMs"": 25000, ""transferBytes"": 2703704}, {""encodedBodyBytes"": 3230568, ""endMs"": 26000, ""eventCount"": 3, ""startMs"": 25500, ""transferBytes"": 3231468}, {""encodedBodyBytes"": 4279528, ""endMs"": 26500, ""eventCount"": 5, ""startMs"": 26000, ""transferBytes"": 4281028}, {""encodedBodyBytes"": 5341648, ""endMs"": 27000, ""eventCount"": 6, ""startMs"": 26500, ""transferBytes"": 5343448}, {""encodedBodyBytes"": 433576, ""endMs"": 27500, ""eventCount"": 1, ""startMs"": 27000, ""transferBytes"": 433876}, {""encodedBodyBytes"": 4022132, ""endMs"": 28000, ""eventCount"": 6, ""startMs"": 27500, ""transferBytes"": 4023932}, {""encodedBodyBytes"": 2879212, ""endMs"": 28500, ""eventCount"": 5, ""startMs"": 28000, ""transferBytes"": 2880712}, {""encodedBodyBytes"": 3724588, ""endMs"": 29000, ""eventCount"": 6, ""startMs"": 28500, ""transferBytes"": 3726388}, {""encodedBodyBytes"": 3855884, ""endMs"": 29500, ""eventCount"": 5, ""startMs"": 29000, ""transferBytes"": 3857384}, {""encodedBodyBytes"": 3392352, ""endMs"": 30000, ""eventCount"": 2, ""startMs"": 29500, ""transferBytes"": 3392952}, {""encodedBodyBytes"": 3588460, ""endMs"": 30500, ""eventCount"": 22, ""startMs"": 30000, ""transferBytes"": 3590260}, {""encodedBodyBytes"": 536664, ""endMs"": 34500, ""eventCount"": 3, ""startMs"": 34000, ""transferBytes"": 537564}, {""encodedBodyBytes"": 593804, ""endMs"": 35000, ""eventCount"": 3, ""startMs"": 34500, ""transferBytes"": 594704}, {""encodedBodyBytes"": 5154244, ""endMs"": 35500, ""eventCount"": 6, ""startMs"": 35000, ""transferBytes"": 5156044}, {""encodedBodyBytes"": 672536, ""endMs"": 36000, ""eventCount"": 2, ""startMs"": 35500, ""transferBytes"": 673136}, {""encodedBodyBytes"": 423868, ""endMs"": 36500, ""eventCount"": 2, ""startMs"": 36000, ""transferBytes"": 424468}, {""encodedBodyBytes"": 3153404, ""endMs"": 37000, ""eventCount"": 3, ""startMs"": 36500, ""transferBytes"": 3154304}, {""encodedBodyBytes"": 5933280, ""endMs"": 37500, ""eventCount"": 6, ""startMs"": 37000, ""transferBytes"": 5935080}, {""encodedBodyBytes"": 1545232, ""endMs"": 38000, ""eventCount"": 3, ""startMs"": 37500, ""transferBytes"": 1546132}, {""encodedBodyBytes"": 5367216, ""endMs"": 38500, ""eventCount"": 4, ""startMs"": 38000, ""transferBytes"": 5368416}, {""encodedBodyBytes"": 350876, ""endMs"": 44500, ""eventCount"": 5, ""startMs"": 44000, ""transferBytes"": 352376}, {""encodedBodyBytes"": 422620, ""endMs"": 45000, ""eventCount"": 1, ""startMs"": 44500, ""transferBytes"": 422920}, {""encodedBodyBytes"": 1658788, ""endMs"": 45500, ""eventCount"": 1, ""startMs"": 45000, ""transferBytes"": 1659088}, {""encodedBodyBytes"": 1868868, ""endMs"": 46000, ""eventCount"": 3, ""startMs"": 45500, ""transferBytes"": 1869768}, {""encodedBodyBytes"": 3695120, ""endMs"": 46500, ""eventCount"": 4, ""startMs"": 46000, ""transferBytes"": 3696320}, {""encodedBodyBytes"": 3171428, ""endMs"": 47000, ""eventCount"": 4, ""startMs"": 46500, ""transferBytes"": 3172628}, {""encodedBodyBytes"": 1316236, ""endMs"": 47500, ""eventCount"": 1, ""startMs"": 47000, ""transferBytes"": 1316536}], ""originMs"": 28139.60000014305}","{""binMs"": 500, ""bins"": [{""endMs"": 500, ""eventCount"": 7, ""startMs"": 0}, {""endMs"": 14500, ""eventCount"": 2, ""startMs"": 14000}, {""endMs"": 15000, ""eventCount"": 4, ""startMs"": 14500}, {""endMs"": 15500, ""eventCount"": 4, ""startMs"": 15000}, {""endMs"": 16000, ""eventCount"": 4, ""startMs"": 15500}, {""endMs"": 16500, ""eventCount"": 2, ""startMs"": 16000}, {""endMs"": 17000, ""eventCount"": 1, ""startMs"": 16500}, {""endMs"": 17500, ""eventCount"": 8, ""startMs"": 17000}, {""endMs"": 18000, ""eventCount"": 2, ""startMs"": 17500}, {""endMs"": 18500, ""eventCount"": 7, ""startMs"": 18000}, {""endMs"": 19000, ""eventCount"": 3, ""startMs"": 18500}, {""endMs"": 19500, ""eventCount"": 2, ""startMs"": 19000}, {""endMs"": 20000, ""eventCount"": 7, ""startMs"": 19500}, {""endMs"": 24500, ""eventCount"": 5, ""startMs"": 24000}, {""endMs"": 25000, ""eventCount"": 4, ""startMs"": 24500}, {""endMs"": 25500, ""eventCount"": 3, ""startMs"": 25000}, {""endMs"": 26000, ""eventCount"": 3, ""startMs"": 25500}, {""endMs"": 26500, ""eventCount"": 5, ""startMs"": 26000}, {""endMs"": 27000, ""eventCount"": 6, ""startMs"": 26500}, {""endMs"": 27500, ""eventCount"": 1, ""startMs"": 27000}, {""endMs"": 28000, ""eventCount"": 6, ""startMs"": 27500}, {""endMs"": 28500, ""eventCount"": 5, ""startMs"": 28000}, {""endMs"": 29000, ""eventCount"": 6, ""startMs"": 28500}, {""endMs"": 29500, ""eventCount"": 5, ""startMs"": 29000}, {""endMs"": 30000, ""eventCount"": 2, ""startMs"": 29500}, {""endMs"": 30500, ""eventCount"": 4, ""startMs"": 30000}, {""endMs"": 34500, ""eventCount"": 3, ""startMs"": 34000}, {""endMs"": 35000, ""eventCount"": 3, ""startMs"": 34500}, {""endMs"": 35500, ""eventCount"": 6, ""startMs"": 35000}, {""endMs"": 36000, ""eventCount"": 2, ""startMs"": 35500}, {""endMs"": 36500, ""eventCount"": 4, ""startMs"": 36000}, {""endMs"": 37000, ""eventCount"": 1, ""startMs"": 36500}, {""endMs"": 37500, ""eventCount"": 6, ""startMs"": 37000}, {""endMs"": 38000, ""eventCount"": 3, ""startMs"": 37500}, {""endMs"": 38500, ""eventCount"": 4, ""startMs"": 38000}, {""endMs"": 44500, ""eventCount"": 5, ""startMs"": 44000}, {""endMs"": 45000, ""eventCount"": 1, ""startMs"": 44500}, {""endMs"": 45500, ""eventCount"": 1, ""startMs"": 45000}, {""endMs"": 46000, ""eventCount"": 3, ""startMs"": 45500}, {""endMs"": 46500, ""eventCount"": 4, ""startMs"": 46000}, {""endMs"": 47000, ""eventCount"": 4, ""startMs"": 46500}, {""endMs"": 47500, ""eventCount"": 1, ""startMs"": 47000}], ""originMs"": 28207}","{""binMs"": 500, ""bins"": [{""endMs"": 500, ""eventCount"": 6, ""requestQueuePeak"": 31, ""startMs"": 0}, {""endMs"": 14500, ""eventCount"": 8, ""requestQueuePeak"": 38, ""startMs"": 14000}, {""endMs"": 15000, ""eventCount"": 11, ""requestQueuePeak"": 39, ""startMs"": 14500}, {""endMs"": 15500, ""eventCount"": 4, ""requestQueuePeak"": 38, ""startMs"": 15000}, {""endMs"": 16000, ""eventCount"": 12, ""requestQueuePeak"": 39, ""startMs"": 15500}, {""endMs"": 16500, ""eventCount"": 5, ""requestQueuePeak"": 39, ""startMs"": 16000}, {""endMs"": 17000, ""eventCount"": 3, ""requestQueuePeak"": 38, ""startMs"": 16500}, {""endMs"": 17500, ""eventCount"": 14, ""requestQueuePeak"": 39, ""startMs"": 17000}, {""endMs"": 18000, ""eventCount"": 7, ""requestQueuePeak"": 38, ""startMs"": 17500}, {""endMs"": 18500, ""eventCount"": 18, ""requestQueuePeak"": 39, ""startMs"": 18000}, {""endMs"": 19000, ""eventCount"": 9, ""requestQueuePeak"": 38, ""startMs"": 18500}, {""endMs"": 19500, ""eventCount"": 6, ""requestQueuePeak"": 38, ""startMs"": 19000}, {""endMs"": 20000, ""eventCount"": 12, ""requestQueuePeak"": 39, ""startMs"": 19500}, {""endMs"": 20500, ""eventCount"": 4, ""requestQueuePeak"": 20, ""startMs"": 20000}, {""endMs"": 24500, ""eventCount"": 13, ""requestQueuePeak"": 39, ""startMs"": 24000}, {""endMs"": 25000, ""eventCount"": 11, ""requestQueuePeak"": 39, ""startMs"": 24500}, {""endMs"": 25500, ""eventCount"": 11, ""requestQueuePeak"": 39, ""startMs"": 25000}, {""endMs"": 26000, ""eventCount"": 5, ""requestQueuePeak"": 38, ""startMs"": 25500}, {""endMs"": 26500, ""eventCount"": 11, ""requestQueuePeak"": 40, ""startMs"": 26000}, {""endMs"": 27000, ""eventCount"": 12, ""requestQueuePeak"": 39, ""startMs"": 26500}, {""endMs"": 27500, ""eventCount"": 4, ""requestQueuePeak"": 38, ""startMs"": 27000}, {""endMs"": 28000, ""eventCount"": 15, ""requestQueuePeak"": 39, ""startMs"": 27500}, {""endMs"": 28500, ""eventCount"": 11, ""requestQueuePeak"": 39, ""startMs"": 28000}, {""endMs"": 29000, ""eventCount"": 9, ""requestQueuePeak"": 40, ""startMs"": 28500}, {""endMs"": 29500, ""eventCount"": 10, ""requestQueuePeak"": 38, ""startMs"": 29000}, {""endMs"": 30000, ""eventCount"": 6, ""requestQueuePeak"": 38, ""startMs"": 29500}, {""endMs"": 30500, ""eventCount"": 7, ""requestQueuePeak"": 36, ""startMs"": 30000}, {""endMs"": 34500, ""eventCount"": 10, ""requestQueuePeak"": 32, ""startMs"": 34000}, {""endMs"": 35000, ""eventCount"": 5, ""requestQueuePeak"": 29, ""startMs"": 34500}, {""endMs"": 35500, ""eventCount"": 14, ""requestQueuePeak"": 26, ""startMs"": 35000}, {""endMs"": 36000, ""eventCount"": 6, ""requestQueuePeak"": 20, ""startMs"": 35500}, {""endMs"": 36500, ""eventCount"": 5, ""requestQueuePeak"": 18, ""startMs"": 36000}, {""endMs"": 37000, ""eventCount"": 3, ""requestQueuePeak"": 16, ""startMs"": 36500}, {""endMs"": 37500, ""eventCount"": 10, ""requestQueuePeak"": 13, ""startMs"": 37000}, {""endMs"": 38000, ""eventCount"": 6, ""requestQueuePeak"": 7, ""startMs"": 37500}, {""endMs"": 38500, ""eventCount"": 5, ""requestQueuePeak"": 4, ""startMs"": 38000}, {""endMs"": 44500, ""eventCount"": 12, ""requestQueuePeak"": 19, ""startMs"": 44000}, {""endMs"": 45000, ""eventCount"": 2, ""requestQueuePeak"": 14, ""startMs"": 44500}, {""endMs"": 45500, ""eventCount"": 2, ""requestQueuePeak"": 13, ""startMs"": 45000}, {""endMs"": 46000, ""eventCount"": 6, ""requestQueuePeak"": 12, ""startMs"": 45500}, {""endMs"": 46500, ""eventCount"": 8, ""requestQueuePeak"": 9, ""startMs"": 46000}, {""endMs"": 47000, ""eventCount"": 7, ""requestQueuePeak"": 5, ""startMs"": 46500}, {""endMs"": 47500, ""eventCount"": 2, ""requestQueuePeak"": 1, ""startMs"": 47000}], ""originMs"": 28162.400000095367}"
pc-b-bagAmsterdam-pressureBurst-fixedDiagnostic-r1-mtlgfjw1,fixedDiagnostic,bagAmsterdam,pressureBurst,1,20260823,pc-b,pc,2.3.6,lan,diagnostic,none,server-topology-identifiability,none,none,none,4.0,True,local,http://localhost:8088,localhost:8088,,,True,,0,0,0,0,0,0,0,76,4,0.05263157894736842,21.025000000001455,33.40000000002328,4.0,61,52088.0,0,0,0.0,75.0,0.44573333333700427,0.44573333333700427,0.75,0.75,0.75,500.0,16.800000000017462,17.0,0.0037751677852348995,10176.5,174,0,"{""STABLE"": 76}",175,124745506,124693006,True,4031.5,16.800000000017462,2.0,41.0,50.10000000000582,0.004614093959731544,"[{""binEndMs"": 20, ""binStartMs"": 0, ""count"": 2373}, {""binEndMs"": 33.33, ""binStartMs"": 20, ""count"": 2}, {""binEndMs"": 50, ""binStartMs"": 33.33, ""count"": 6}, {""binEndMs"": 66.67, ""binStartMs"": 50, ""count"": 3}, {""binEndMs"": null, ""binStartMs"": 66.67, ""count"": 0}]",29.0,22303296.0,47.0,6.0,61.0,65.0,49676788.0,74.0,10.0,61.0,77.0,59920416.0,74.0,10.0,61.0,"{""binMs"": 100, ""bins"": [{""encodedBodyBytes"": 13830050, ""endMs"": 100, ""eventCount"": 29, ""startMs"": 0, ""transferBytes"": 13838750}, {""encodedBodyBytes"": 4400060, ""endMs"": 200, ""eventCount"": 10, ""startMs"": 100, ""transferBytes"": 4403060}, {""encodedBodyBytes"": 22294896, ""endMs"": 14300, ""eventCount"": 28, ""startMs"": 14200, ""transferBytes"": 22303296}, {""encodedBodyBytes"": 20698172, ""endMs"": 14400, ""eventCount"": 24, ""startMs"": 14300, ""transferBytes"": 20705372}, {""encodedBodyBytes"": 16904248, ""endMs"": 14500, ""eventCount"": 25, ""startMs"": 14400, ""transferBytes"": 16911748}, {""encodedBodyBytes"": 16618476, ""endMs"": 14600, ""eventCount"": 21, ""startMs"": 14500, ""transferBytes"": 16624776}, {""encodedBodyBytes"": 18530872, ""endMs"": 14700, ""eventCount"": 20, ""startMs"": 14600, ""transferBytes"": 18536872}, {""encodedBodyBytes"": 5699736, ""endMs"": 24600, ""eventCount"": 12, ""startMs"": 24500, ""transferBytes"": 5703336}, {""encodedBodyBytes"": 5716496, ""endMs"": 34300, ""eventCount"": 6, ""startMs"": 34200, ""transferBytes"": 5718296}], ""originMs"": 197145.79999995232}","{""binMs"": 100, ""bins"": [{""endMs"": 100, ""eventCount"": 7, ""startMs"": 0}, {""endMs"": 200, ""eventCount"": 31, ""startMs"": 100}, {""endMs"": 14300, ""eventCount"": 3, ""startMs"": 14200}, {""endMs"": 14400, ""eventCount"": 21, ""startMs"": 14300}, {""endMs"": 14500, ""eventCount"": 20, ""startMs"": 14400}, {""endMs"": 14600, ""eventCount"": 22, ""startMs"": 14500}, {""endMs"": 14700, ""eventCount"": 47, ""startMs"": 14600}, {""endMs"": 14800, ""eventCount"": 5, ""startMs"": 14700}, {""endMs"": 24600, ""eventCount"": 12, ""startMs"": 24500}, {""endMs"": 34300, ""eventCount"": 5, ""startMs"": 34200}, {""endMs"": 34400, ""eventCount"": 1, ""startMs"": 34300}], ""originMs"": 197178.20000004768}","{""binMs"": 100, ""bins"": [{""endMs"": 100, ""eventCount"": 4, ""requestQueuePeak"": 31, ""startMs"": 0}, {""endMs"": 200, ""eventCount"": 6, ""requestQueuePeak"": 31, ""startMs"": 100}, {""endMs"": 14200, ""eventCount"": 1, ""requestQueuePeak"": 12, ""startMs"": 14100}, {""endMs"": 14300, ""eventCount"": 3, ""requestQueuePeak"": 48, ""startMs"": 14200}, {""endMs"": 14400, ""eventCount"": 3, ""requestQueuePeak"": 57, ""startMs"": 14300}, {""endMs"": 14500, ""eventCount"": 2, ""requestQueuePeak"": 61, ""startMs"": 14400}, {""endMs"": 14600, ""eventCount"": 3, ""requestQueuePeak"": 60, ""startMs"": 14500}, {""endMs"": 14700, ""eventCount"": 3, ""requestQueuePeak"": 42, ""startMs"": 14600}, {""endMs"": 14800, ""eventCount"": 3, ""requestQueuePeak"": 10, ""startMs"": 14700}, {""endMs"": 24200, ""eventCount"": 1, ""requestQueuePeak"": 3, ""startMs"": 24100}, {""endMs"": 24300, ""eventCount"": 1, ""requestQueuePeak"": 12, ""startMs"": 24200}, {""endMs"": 24600, ""eventCount"": 4, ""requestQueuePeak"": 12, ""startMs"": 24500}, {""endMs"": 34300, ""eventCount"": 5, ""requestQueuePeak"": 6, ""startMs"": 34200}, {""endMs"": 34400, ""eventCount"": 2, ""requestQueuePeak"": 1, ""startMs"": 34300}], ""originMs"": 197163.79999995232}","{""binMs"": 250, ""bins"": [{""encodedBodyBytes"": 18230110, ""endMs"": 250, ""eventCount"": 39, ""startMs"": 0, ""transferBytes"": 18241810}, {""encodedBodyBytes"": 10240028, ""endMs"": 14250, ""eventCount"": 12, ""startMs"": 14000, ""transferBytes"": 10243628}, {""encodedBodyBytes"": 49657288, ""endMs"": 14500, ""eventCount"": 65, ""startMs"": 14250, ""transferBytes"": 49676788}, {""encodedBodyBytes"": 35149348, ""endMs"": 14750, ""eventCount"": 41, ""startMs"": 14500, ""transferBytes"": 35161648}, {""encodedBodyBytes"": 5699736, ""endMs"": 24750, ""eventCount"": 12, ""startMs"": 24500, ""transferBytes"": 5703336}, {""encodedBodyBytes"": 5716496, ""endMs"": 34500, ""eventCount"": 6, ""startMs"": 34250, ""transferBytes"": 5718296}], ""originMs"": 197145.79999995232}","{""binMs"": 250, ""bins"": [{""endMs"": 250, ""eventCount"": 38, ""startMs"": 0}, {""endMs"": 14500, ""eventCount"": 44, ""startMs"": 14250}, {""endMs"": 14750, ""eventCount"": 74, ""startMs"": 14500}, {""endMs"": 24750, ""eventCount"": 12, ""startMs"": 24500}, {""endMs"": 34500, ""eventCount"": 6, ""startMs"": 34250}], ""originMs"": 197178.20000004768}","{""binMs"": 250, ""bins"": [{""endMs"": 250, ""eventCount"": 10, ""requestQueuePeak"": 31, ""startMs"": 0}, {""endMs"": 14250, ""eventCount"": 3, ""requestQueuePeak"": 32, ""startMs"": 14000}, {""endMs"": 14500, ""eventCount"": 6, ""requestQueuePeak"": 61, ""startMs"": 14250}, {""endMs"": 14750, ""eventCount"": 9, ""requestQueuePeak"": 60, ""startMs"": 14500}, {""endMs"": 24250, ""eventCount"": 2, ""requestQueuePeak"": 12, ""startMs"": 24000}, {""endMs"": 24750, ""eventCount"": 4, ""requestQueuePeak"": 12, ""startMs"": 24500}, {""endMs"": 34250, ""eventCount"": 2, ""requestQueuePeak"": 6, ""startMs"": 34000}, {""endMs"": 34500, ""eventCount"": 5, ""requestQueuePeak"": 6, ""startMs"": 34250}], ""originMs"": 197163.79999995232}","{""binMs"": 500, ""bins"": [{""encodedBodyBytes"": 18230110, ""endMs"": 500, ""eventCount"": 39, ""startMs"": 0, ""transferBytes"": 18241810}, {""encodedBodyBytes"": 59897316, ""endMs"": 14500, ""eventCount"": 77, ""startMs"": 14000, ""transferBytes"": 59920416}, {""encodedBodyBytes"": 35149348, ""endMs"": 15000, ""eventCount"": 41, ""startMs"": 14500, ""transferBytes"": 35161648}, {""encodedBodyBytes"": 5699736, ""endMs"": 25000, ""eventCount"": 12, ""startMs"": 24500, ""transferBytes"": 5703336}, {""encodedBodyBytes"": 5716496, ""endMs"": 34500, ""eventCount"": 6, ""startMs"": 34000, ""transferBytes"": 5718296}], ""originMs"": 197145.79999995232}","{""binMs"": 500, ""bins"": [{""endMs"": 500, ""eventCount"": 38, ""startMs"": 0}, {""endMs"": 14500, ""eventCount"": 44, ""startMs"": 14000}, {""endMs"": 15000, ""eventCount"": 74, ""startMs"": 14500}, {""endMs"": 25000, ""eventCount"": 12, ""startMs"": 24500}, {""endMs"": 34500, ""eventCount"": 6, ""startMs"": 34000}], ""originMs"": 197178.20000004768}","{""binMs"": 500, ""bins"": [{""endMs"": 500, ""eventCount"": 10, ""requestQueuePeak"": 31, ""startMs"": 0}, {""endMs"": 14500, ""eventCount"": 9, ""requestQueuePeak"": 61, ""startMs"": 14000}, {""endMs"": 15000, ""eventCount"": 9, ""requestQueuePeak"": 60, ""startMs"": 14500}, {""endMs"": 24500, ""eventCount"": 2, ""requestQueuePeak"": 12, ""startMs"": 24000}, {""endMs"": 25000, ""eventCount"": 4, ""requestQueuePeak"": 12, ""startMs"": 24500}, {""endMs"": 34500, ""eventCount"": 7, ""requestQueuePeak"": 6, ""startMs"": 34000}], ""originMs"": 197163.79999995232}"
pc-b-bagAmsterdam-pressureBurst-pi-r1-mtjpxele,pi,bagAmsterdam,pressureBurst,1,20260823,pc-b,pc,2.3.6,lan,pilot,full-pilot-v2.3.6-pressure-burst,none,none,none,none,,False,unspecified,unknown,unknown,,,True,,0,0,0,0,0,0,0,76,0,0.0,16.800000000046566,16.801250000046274,4.053766154694779,40,513096.49999999686,1,0,1.561154317502362,75.0,0.00013333333330232714,0.00013333333330232714,,,,,16.800000000046566,16.900000000023283,0.0,10124.399999856949,164,0,"{""RECOVERY"": 2, ""STABLE"": 74}",195,114401330,114349430,True,4031.5,16.800000000046566,2.0,344.0,17.5,0.0,"[{""binEndMs"": 20, ""binStartMs"": 0, ""count"": 2401}, {""binEndMs"": 33.33, ""binStartMs"": 20, ""count"": 0}, {""binEndMs"": 50, ""binStartMs"": 33.33, ""count"": 0}, {""binEndMs"": 66.67, ""binStartMs"": 50, ""count"": 0}, {""binEndMs"": null, ""binStartMs"": 66.67, ""count"": 0}]",,,,,,,,,,,,,,,,,,,,,,,,
pc-b-bagAmsterdam-pressureBurst-pi-r1-mtlh5gcd,pi,bagAmsterdam,pressureBurst,1,20260823,pc-b,pc,2.3.6,lan,pilot,request-peak-probe-v2.3.6-pressure-burst,none,none,none,none,,False,local,http://localhost:8088,localhost:8088,,,True,,0,0,0,0,0,0,0,76,4,0.05263157894736842,21.01624999991909,33.366249999954015,4.053797377781122,61,80930.30000000121,1,0,1.561154317502367,75.0,0.44613333332476524,0.44613333332476524,0.75,0.75,0.75,500.03333333328675,16.800000000046566,17.0,0.002512562814070352,10128.399999856949,170,0,"{""RECOVERY"": 2, ""STABLE"": 74}",171,121231282,121179982,True,4032.600000143051,16.800000000046566,2.0,37.0,50.10000000009313,0.0041876046901172526,"[{""binEndMs"": 20, ""binStartMs"": 0, ""count"": 2378}, {""binEndMs"": 33.33, ""binStartMs"": 20, ""count"": 4}, {""binEndMs"": 50, ""binStartMs"": 33.33, ""count"": 5}, {""binEndMs"": 66.67, ""binStartMs"": 50, ""count"": 1}, {""binEndMs"": null, ""binStartMs"": 66.67, ""count"": 0}]",35.0,25762388.0,37.0,6.0,61.0,74.0,57360284.0,70.0,9.0,61.0,107.0,80867536.0,70.0,10.0,61.0,"{""binMs"": 100, ""bins"": [{""encodedBodyBytes"": 257082, ""endMs"": 100, ""eventCount"": 8, ""startMs"": 0, ""transferBytes"": 259482}, {""encodedBodyBytes"": 10786088, ""endMs"": 14200, ""eventCount"": 16, ""startMs"": 14100, ""transferBytes"": 10790888}, {""encodedBodyBytes"": 22957396, ""endMs"": 14300, ""eventCount"": 29, ""startMs"": 14200, ""transferBytes"": 22966096}, {""encodedBodyBytes"": 21340064, ""endMs"": 14400, ""eventCount"": 27, ""startMs"": 14300, ""transferBytes"": 21348164}, {""encodedBodyBytes"": 25751888, ""endMs"": 14500, ""eventCount"": 35, ""startMs"": 14400, ""transferBytes"": 25762388}, {""encodedBodyBytes"": 24213640, ""endMs"": 14600, ""eventCount"": 28, ""startMs"": 14500, ""transferBytes"": 24222040}, {""encodedBodyBytes"": 6133416, ""endMs"": 24500, ""eventCount"": 15, ""startMs"": 24400, ""transferBytes"": 6137916}, {""encodedBodyBytes"": 8371952, ""endMs"": 34500, ""eventCount"": 11, ""startMs"": 34400, ""transferBytes"": 8375252}, {""encodedBodyBytes"": 1368456, ""endMs"": 44200, ""eventCount"": 2, ""startMs"": 44100, ""transferBytes"": 1369056}], ""originMs"": 1405606.9000000954}","{""binMs"": 100, ""bins"": [{""endMs"": 100, ""eventCount"": 7, ""startMs"": 0}, {""endMs"": 14300, ""eventCount"": 8, ""startMs"": 14200}, {""endMs"": 14400, ""eventCount"": 27, ""startMs"": 14300}, {""endMs"": 14500, ""eventCount"": 35, ""startMs"": 14400}, {""endMs"": 14600, ""eventCount"": 28, ""startMs"": 14500}, {""endMs"": 14700, ""eventCount"": 37, ""startMs"": 14600}, {""endMs"": 24600, ""eventCount"": 15, ""startMs"": 24500}, {""endMs"": 34600, ""eventCount"": 11, ""startMs"": 34500}, {""endMs"": 44300, ""eventCount"": 2, ""startMs"": 44200}], ""originMs"": 1405620.2000000477}","{""binMs"": 100, ""bins"": [{""endMs"": 100, ""eventCount"": 3, ""requestQueuePeak"": 6, ""startMs"": 0}, {""endMs"": 14200, ""eventCount"": 2, ""requestQueuePeak"": 29, ""startMs"": 14100}, {""endMs"": 14300, ""eventCount"": 3, ""requestQueuePeak"": 57, ""startMs"": 14200}, {""endMs"": 14400, ""eventCount"": 2, ""requestQueuePeak"": 58, ""startMs"": 14300}, {""endMs"": 14500, ""eventCount"": 3, ""requestQueuePeak"": 61, ""startMs"": 14400}, {""endMs"": 14600, ""eventCount"": 3, ""requestQueuePeak"": 58, ""startMs"": 14500}, {""endMs"": 14700, ""eventCount"": 6, ""requestQueuePeak"": 37, ""startMs"": 14600}, {""endMs"": 24200, ""eventCount"": 2, ""requestQueuePeak"": 15, ""startMs"": 24100}, {""endMs"": 24500, ""eventCount"": 2, ""requestQueuePeak"": 15, ""startMs"": 24400}, {""endMs"": 24600, ""eventCount"": 2, ""requestQueuePeak"": 10, ""startMs"": 24500}, {""endMs"": 34200, ""eventCount"": 2, ""requestQueuePeak"": 11, ""startMs"": 34100}, {""endMs"": 34500, ""eventCount"": 2, ""requestQueuePeak"": 11, ""startMs"": 34400}, {""endMs"": 34600, ""eventCount"": 2, ""requestQueuePeak"": 8, ""startMs"": 34500}, {""endMs"": 44200, ""eventCount"": 2, ""requestQueuePeak"": 2, ""startMs"": 44100}, {""endMs"": 44300, ""eventCount"": 1, ""requestQueuePeak"": 0, ""startMs"": 44200}], ""originMs"": 1405608.9000000954}","{""binMs"": 250, ""bins"": [{""encodedBodyBytes"": 257082, ""endMs"": 250, ""eventCount"": 8, ""startMs"": 0, ""transferBytes"": 259482}, {""encodedBodyBytes"": 23497352, ""endMs"": 14250, ""eventCount"": 33, ""startMs"": 14000, ""transferBytes"": 23507252}, {""encodedBodyBytes"": 57338084, ""endMs"": 14500, ""eventCount"": 74, ""startMs"": 14250, ""transferBytes"": 57360284}, {""encodedBodyBytes"": 24213640, ""endMs"": 14750, ""eventCount"": 28, ""startMs"": 14500, ""transferBytes"": 24222040}, {""encodedBodyBytes"": 6133416, ""endMs"": 24500, ""eventCount"": 15, ""startMs"": 24250, ""transferBytes"": 6137916}, {""encodedBodyBytes"": 8371952, ""endMs"": 34500, ""eventCount"": 11, ""startMs"": 34250, ""transferBytes"": 8375252}, {""encodedBodyBytes"": 1368456, ""endMs"": 44250, ""eventCount"": 2, ""startMs"": 44000, ""transferBytes"": 1369056}], ""originMs"": 1405606.9000000954}","{""binMs"": 250, ""bins"": [{""endMs"": 250, ""eventCount"": 7, ""startMs"": 0}, {""endMs"": 14500, ""eventCount"": 70, ""startMs"": 14250}, {""endMs"": 14750, ""eventCount"": 65, ""startMs"": 14500}, {""endMs"": 24750, ""eventCount"": 15, ""startMs"": 24500}, {""endMs"": 34750, ""eventCount"": 11, ""startMs"": 34500}, {""endMs"": 44250, ""eventCount"": 2, ""startMs"": 44000}], ""originMs"": 1405620.2000000477}","{""binMs"": 250, ""bins"": [{""endMs"": 250, ""eventCount"": 3, ""requestQueuePeak"": 6, ""startMs"": 0}, {""endMs"": 14250, ""eventCount"": 4, ""requestQueuePeak"": 53, ""startMs"": 14000}, {""endMs"": 14500, ""eventCount"": 6, ""requestQueuePeak"": 61, ""startMs"": 14250}, {""endMs"": 14750, ""eventCount"": 9, ""requestQueuePeak"": 58, ""startMs"": 14500}, {""endMs"": 24250, ""eventCount"": 2, ""requestQueuePeak"": 15, ""startMs"": 24000}, {""endMs"": 24500, ""eventCount"": 2, ""requestQueuePeak"": 15, ""startMs"": 24250}, {""endMs"": 24750, ""eventCount"": 2, ""requestQueuePeak"": 10, ""startMs"": 24500}, {""endMs"": 34250, ""eventCount"": 2, ""requestQueuePeak"": 11, ""startMs"": 34000}, {""endMs"": 34500, ""eventCount"": 2, ""requestQueuePeak"": 11, ""startMs"": 34250}, {""endMs"": 34750, ""eventCount"": 2, ""requestQueuePeak"": 8, ""startMs"": 34500}, {""endMs"": 44250, ""eventCount"": 3, ""requestQueuePeak"": 2, ""startMs"": 44000}], ""originMs"": 1405608.9000000954}","{""binMs"": 500, ""bins"": [{""encodedBodyBytes"": 257082, ""endMs"": 500, ""eventCount"": 8, ""startMs"": 0, ""transferBytes"": 259482}, {""encodedBodyBytes"": 80835436, ""endMs"": 14500, ""eventCount"": 107, ""startMs"": 14000, ""transferBytes"": 80867536}, {""encodedBodyBytes"": 24213640, ""endMs"": 15000, ""eventCount"": 28, ""startMs"": 14500, ""transferBytes"": 24222040}, {""encodedBodyBytes"": 6133416, ""endMs"": 24500, ""eventCount"": 15, ""startMs"": 24000, ""transferBytes"": 6137916}, {""encodedBodyBytes"": 8371952, ""endMs"": 34500, ""eventCount"": 11, ""startMs"": 34000, ""transferBytes"": 8375252}, {""encodedBodyBytes"": 1368456, ""endMs"": 44500, ""eventCount"": 2, ""startMs"": 44000, ""transferBytes"": 1369056}], ""originMs"": 1405606.9000000954}","{""binMs"": 500, ""bins"": [{""endMs"": 500, ""eventCount"": 7, ""startMs"": 0}, {""endMs"": 14500, ""eventCount"": 70, ""startMs"": 14000}, {""endMs"": 15000, ""eventCount"": 65, ""startMs"": 14500}, {""endMs"": 25000, ""eventCount"": 15, ""startMs"": 24500}, {""endMs"": 35000, ""eventCount"": 11, ""startMs"": 34500}, {""endMs"": 44500, ""eventCount"": 2, ""startMs"": 44000}], ""originMs"": 1405620.2000000477}","{""binMs"": 500, ""bins"": [{""endMs"": 500, ""eventCount"": 3, ""requestQueuePeak"": 6, ""startMs"": 0}, {""endMs"": 14500, ""eventCount"": 10, ""requestQueuePeak"": 61, ""startMs"": 14000}, {""endMs"": 15000, ""eventCount"": 9, ""requestQueuePeak"": 58, ""startMs"": 14500}, {""endMs"": 24500, ""eventCount"": 4, ""requestQueuePeak"": 15, ""startMs"": 24000}, {""endMs"": 25000, ""eventCount"": 2, ""requestQueuePeak"": 10, ""startMs"": 24500}, {""endMs"": 34500, ""eventCount"": 4, ""requestQueuePeak"": 11, ""startMs"": 34000}, {""endMs"": 35000, ""eventCount"": 2, ""requestQueuePeak"": 8, ""startMs"": 34500}, {""endMs"": 44500, ""eventCount"": 3, ""requestQueuePeak"": 2, ""startMs"": 44000}], ""originMs"": 1405608.9000000954}"
pc-b-bagAmsterdam-pressureBurst-pi-r1-mtlichwu,pi,bagAmsterdam,pressureBurst,1,20260823,pc-b,pc,2.3.6,lan,pilot,full-pilot-v2.3.6-pressure-burst,none,none,none,none,,False,local,http://localhost:8088,localhost:8088,,,True,,0,0,0,0,0,0,0,75,4,0.05333333333333334,21.769500000206705,33.36630000003241,4.054307775599355,61,78946.69999998808,1,0,1.5768808246035344,74.0,0.44783783786162434,0.44783783786162434,0.75,0.75,0.75,511.0999999999379,16.800000000279397,16.91300000032411,0.002512562814070352,10128.900000095367,170,0,"{""RECOVERY"": 2, ""STABLE"": 73}",171,121231282,121179982,True,4031.7999999523163,16.800000000279397,2.0,37.0,50.0,0.005025125628140704,"[{""binEndMs"": 20, ""binStartMs"": 0, ""count"": 2376}, {""binEndMs"": 33.33, ""binStartMs"": 20, ""count"": 6}, {""binEndMs"": 50, ""binStartMs"": 33.33, ""count"": 5}, {""binEndMs"": 66.67, ""binStartMs"": 50, ""count"": 1}, {""binEndMs"": null, ""binStartMs"": 66.67, ""count"": 0}]",33.0,26547172.0,41.0,6.0,61.0,72.0,54369176.0,69.0,8.0,61.0,103.0,77486252.0,69.0,11.0,61.0,"{""binMs"": 100, ""bins"": [{""encodedBodyBytes"": 257082, ""endMs"": 100, ""eventCount"": 8, ""startMs"": 0, ""transferBytes"": 259482}, {""encodedBodyBytes"": 9556016, ""endMs"": 14200, ""eventCount"": 13, ""startMs"": 14100, ""transferBytes"": 9559916}, {""encodedBodyBytes"": 24280760, ""endMs"": 14300, ""eventCount"": 32, ""startMs"": 14200, ""transferBytes"": 24290360}, {""encodedBodyBytes"": 19954140, ""endMs"": 14400, ""eventCount"": 25, ""startMs"": 14300, ""transferBytes"": 19961640}, {""encodedBodyBytes"": 23664436, ""endMs"": 14500, ""eventCount"": 33, ""startMs"": 14400, ""transferBytes"": 23674336}, {""encodedBodyBytes"": 26537872, ""endMs"": 14600, ""eventCount"": 31, ""startMs"": 14500, ""transferBytes"": 26547172}, {""encodedBodyBytes"": 1055852, ""endMs"": 14700, ""eventCount"": 1, ""startMs"": 14600, ""transferBytes"": 1056152}, {""encodedBodyBytes"": 6133416, ""endMs"": 24500, ""eventCount"": 15, ""startMs"": 24400, ""transferBytes"": 6137916}, {""encodedBodyBytes"": 1541964, ""endMs"": 34500, ""eventCount"": 5, ""startMs"": 34400, ""transferBytes"": 1543464}, {""encodedBodyBytes"": 6829988, ""endMs"": 34600, ""eventCount"": 6, ""startMs"": 34500, ""transferBytes"": 6831788}, {""encodedBodyBytes"": 1368456, ""endMs"": 44500, ""eventCount"": 2, ""startMs"": 44400, ""transferBytes"": 1369056}], ""originMs"": 3413848.4000000954}","{""binMs"": 100, ""bins"": [{""endMs"": 100, ""eventCount"": 7, ""startMs"": 0}, {""endMs"": 14300, ""eventCount"": 13, ""startMs"": 14200}, {""endMs"": 14400, ""eventCount"": 19, ""startMs"": 14300}, {""endMs"": 14500, ""eventCount"": 34, ""startMs"": 14400}, {""endMs"": 14600, ""eventCount"": 28, ""startMs"": 14500}, {""endMs"": 14700, ""eventCount"": 41, ""startMs"": 14600}, {""endMs"": 24600, ""eventCount"": 15, ""startMs"": 24500}, {""endMs"": 34600, ""eventCount"": 11, ""startMs"": 34500}, {""endMs"": 44600, ""eventCount"": 2, ""startMs"": 44500}], ""originMs"": 3413861.5}","{""binMs"": 100, ""bins"": [{""endMs"": 100, ""eventCount"": 3, ""requestQueuePeak"": 6, ""startMs"": 0}, {""endMs"": 14200, ""eventCount"": 2, ""requestQueuePeak"": 29, ""startMs"": 14100}, {""endMs"": 14300, ""eventCount"": 3, ""requestQueuePeak"": 58, ""startMs"": 14200}, {""endMs"": 14400, ""eventCount"": 3, ""requestQueuePeak"": 58, ""startMs"": 14300}, {""endMs"": 14500, ""eventCount"": 3, ""requestQueuePeak"": 61, ""startMs"": 14400}, {""endMs"": 14600, ""eventCount"": 2, ""requestQueuePeak"": 59, ""startMs"": 14500}, {""endMs"": 14700, ""eventCount"": 6, ""requestQueuePeak"": 41, ""startMs"": 14600}, {""endMs"": 24200, ""eventCount"": 2, ""requestQueuePeak"": 15, ""startMs"": 24100}, {""endMs"": 24500, ""eventCount"": 1, ""requestQueuePeak"": 15, ""startMs"": 24400}, {""endMs"": 24600, ""eventCount"": 3, ""requestQueuePeak"": 15, ""startMs"": 24500}, {""endMs"": 34200, ""eventCount"": 2, ""requestQueuePeak"": 11, ""startMs"": 34100}, {""endMs"": 34500, ""eventCount"": 1, ""requestQueuePeak"": 11, ""startMs"": 34400}, {""endMs"": 34600, ""eventCount"": 3, ""requestQueuePeak"": 11, ""startMs"": 34500}, {""endMs"": 44200, ""eventCount"": 1, ""requestQueuePeak"": 2, ""startMs"": 44100}, {""endMs"": 44500, ""eventCount"": 1, ""requestQueuePeak"": 2, ""startMs"": 44400}, {""endMs"": 44600, ""eventCount"": 1, ""requestQueuePeak"": 0, ""startMs"": 44500}], ""originMs"": 3413849.9000000954}","{""binMs"": 250, ""bins"": [{""encodedBodyBytes"": 257082, ""endMs"": 250, ""eventCount"": 8, ""startMs"": 0, ""transferBytes"": 259482}, {""encodedBodyBytes"": 23107776, ""endMs"": 14250, ""eventCount"": 31, ""startMs"": 14000, ""transferBytes"": 23117076}, {""encodedBodyBytes"": 54347576, ""endMs"": 14500, ""eventCount"": 72, ""startMs"": 14250, ""transferBytes"": 54369176}, {""encodedBodyBytes"": 27593724, ""endMs"": 14750, ""eventCount"": 32, ""startMs"": 14500, ""transferBytes"": 27603324}, {""encodedBodyBytes"": 6133416, ""endMs"": 24500, ""eventCount"": 15, ""startMs"": 24250, ""transferBytes"": 6137916}, {""encodedBodyBytes"": 1541964, ""endMs"": 34500, ""eventCount"": 5, ""startMs"": 34250, ""transferBytes"": 1543464}, {""encodedBodyBytes"": 6829988, ""endMs"": 34750, ""eventCount"": 6, ""startMs"": 34500, ""transferBytes"": 6831788}, {""encodedBodyBytes"": 1368456, ""endMs"": 44500, ""eventCount"": 2, ""startMs"": 44250, ""transferBytes"": 1369056}], ""originMs"": 3413848.4000000954}","{""binMs"": 250, ""bins"": [{""endMs"": 250, ""eventCount"": 7, ""startMs"": 0}, {""endMs"": 14500, ""eventCount"": 66, ""startMs"": 14250}, {""endMs"": 14750, ""eventCount"": 69, ""startMs"": 14500}, {""endMs"": 24750, ""eventCount"": 15, ""startMs"": 24500}, {""endMs"": 34750, ""eventCount"": 11, ""startMs"": 34500}, {""endMs"": 44750, ""eventCount"": 2, ""startMs"": 44500}], ""originMs"": 3413861.5}","{""binMs"": 250, ""bins"": [{""endMs"": 250, ""eventCount"": 3, ""requestQueuePeak"": 6, ""startMs"": 0}, {""endMs"": 14250, ""eventCount"": 4, ""requestQueuePeak"": 51, ""startMs"": 14000}, {""endMs"": 14500, ""eventCount"": 7, ""requestQueuePeak"": 61, ""startMs"": 14250}, {""endMs"": 14750, ""eventCount"": 8, ""requestQueuePeak"": 59, ""startMs"": 14500}, {""endMs"": 24250, ""eventCount"": 2, ""requestQueuePeak"": 15, ""startMs"": 24000}, {""endMs"": 24500, ""eventCount"": 1, ""requestQueuePeak"": 15, ""startMs"": 24250}, {""endMs"": 24750, ""eventCount"": 3, ""requestQueuePeak"": 15, ""startMs"": 24500}, {""endMs"": 34250, ""eventCount"": 2, ""requestQueuePeak"": 11, ""startMs"": 34000}, {""endMs"": 34500, ""eventCount"": 1, ""requestQueuePeak"": 11, ""startMs"": 34250}, {""endMs"": 34750, ""eventCount"": 3, ""requestQueuePeak"": 11, ""startMs"": 34500}, {""endMs"": 44250, ""eventCount"": 1, ""requestQueuePeak"": 2, ""startMs"": 44000}, {""endMs"": 44500, ""eventCount"": 1, ""requestQueuePeak"": 2, ""startMs"": 44250}, {""endMs"": 44750, ""eventCount"": 1, ""requestQueuePeak"": 0, ""startMs"": 44500}], ""originMs"": 3413849.9000000954}","{""binMs"": 500, ""bins"": [{""encodedBodyBytes"": 257082, ""endMs"": 500, ""eventCount"": 8, ""startMs"": 0, ""transferBytes"": 259482}, {""encodedBodyBytes"": 77455352, ""endMs"": 14500, ""eventCount"": 103, ""startMs"": 14000, ""transferBytes"": 77486252}, {""encodedBodyBytes"": 27593724, ""endMs"": 15000, ""eventCount"": 32, ""startMs"": 14500, ""transferBytes"": 27603324}, {""encodedBodyBytes"": 6133416, ""endMs"": 24500, ""eventCount"": 15, ""startMs"": 24000, ""transferBytes"": 6137916}, {""encodedBodyBytes"": 1541964, ""endMs"": 34500, ""eventCount"": 5, ""startMs"": 34000, ""transferBytes"": 1543464}, {""encodedBodyBytes"": 6829988, ""endMs"": 35000, ""eventCount"": 6, ""startMs"": 34500, ""transferBytes"": 6831788}, {""encodedBodyBytes"": 1368456, ""endMs"": 44500, ""eventCount"": 2, ""startMs"": 44000, ""transferBytes"": 1369056}], ""originMs"": 3413848.4000000954}","{""binMs"": 500, ""bins"": [{""endMs"": 500, ""eventCount"": 7, ""startMs"": 0}, {""endMs"": 14500, ""eventCount"": 66, ""startMs"": 14000}, {""endMs"": 15000, ""eventCount"": 69, ""startMs"": 14500}, {""endMs"": 25000, ""eventCount"": 15, ""startMs"": 24500}, {""endMs"": 35000, ""eventCount"": 11, ""startMs"": 34500}, {""endMs"": 45000, ""eventCount"": 2, ""startMs"": 44500}], ""originMs"": 3413861.5}","{""binMs"": 500, ""bins"": [{""endMs"": 500, ""eventCount"": 3, ""requestQueuePeak"": 6, ""startMs"": 0}, {""endMs"": 14500, ""eventCount"": 11, ""requestQueuePeak"": 61, ""startMs"": 14000}, {""endMs"": 15000, ""eventCount"": 8, ""requestQueuePeak"": 59, ""startMs"": 14500}, {""endMs"": 24500, ""eventCount"": 3, ""requestQueuePeak"": 15, ""startMs"": 24000}, {""endMs"": 25000, ""eventCount"": 3, ""requestQueuePeak"": 15, ""startMs"": 24500}, {""endMs"": 34500, ""eventCount"": 3, ""requestQueuePeak"": 11, ""startMs"": 34000}, {""endMs"": 35000, ""eventCount"": 3, ""requestQueuePeak"": 11, ""startMs"": 34500}, {""endMs"": 44500, ""eventCount"": 2, ""requestQueuePeak"": 2, ""startMs"": 44000}, {""endMs"": 45000, ""eventCount"": 1, ""requestQueuePeak"": 0, ""startMs"": 44500}], ""originMs"": 3413849.9000000954}"
pc-b-bagAmsterdam-pressureBurst-pi-r2-mtjq4kww,pi,bagAmsterdam,pressureBurst,2,20260824,pc-b,pc,2.3.6,lan,pilot,full-pilot-v2.3.6-pressure-burst,none,none,none,none,,False,unspecified,unknown,unknown,,,True,,0,0,0,0,0,0,0,76,0,0.0,16.800000000046566,16.801250000046274,4.053779115169563,41,541080.0000000007,1,0,1.5618329671702746,75.0,0.00013333333485453144,0.00013333333485453144,,,,,16.800000000046566,16.900000000023283,0.0,10130.5,164,0,"{""RECOVERY"": 2, ""STABLE"": 74}",197,114401630,114349430,True,4033.2000000476837,16.800000000046566,2.0,348.0,17.599999999976717,0.0,"[{""binEndMs"": 20, ""binStartMs"": 0, ""count"": 2401}, {""binEndMs"": 33.33, ""binStartMs"": 20, ""count"": 0}, {""binEndMs"": 50, ""binStartMs"": 33.33, ""count"": 0}, {""binEndMs"": 66.67, ""binStartMs"": 50, ""count"": 0}, {""binEndMs"": null, ""binStartMs"": 66.67, ""count"": 0}]",,,,,,,,,,,,,,,,,,,,,,,,
pc-b-bagAmsterdam-pressureBurst-pi-r2-mtlijljl,pi,bagAmsterdam,pressureBurst,2,20260824,pc-b,pc,2.3.6,lan,pilot,full-pilot-v2.3.6-pressure-burst,none,none,none,none,,False,local,http://localhost:8088,localhost:8088,,,True,,0,0,0,0,0,0,0,76,4,0.05263157894736842,21.01624999993946,33.37000000001863,4.05209375000001,62,80181.30000000261,1,0,1.5625,75.0,0.4446666666936751,0.4446666666936751,0.75,0.75,0.75,510.9000000000621,16.800000000279397,17.0,0.002512562814070352,10144.600000143051,171,0,"{""RECOVERY"": 2, ""STABLE"": 74}",172,121279962,121228362,True,4026.4000000953674,16.800000000279397,2.0,34.0,49.89999999990687,0.0046063651591289785,"[{""binEndMs"": 20, ""binStartMs"": 0, ""count"": 2377}, {""binEndMs"": 33.33, ""binStartMs"": 20, ""count"": 5}, {""binEndMs"": 50, ""binStartMs"": 33.33, ""count"": 6}, {""binEndMs"": 66.67, ""binStartMs"": 50, ""count"": 0}, {""binEndMs"": null, ""binStartMs"": 66.67, ""count"": 0}]",39.0,29954120.0,36.0,5.0,62.0,72.0,52971888.0,70.0,8.0,62.0,103.0,75363992.0,70.0,10.0,62.0,"{""binMs"": 100, ""bins"": [{""encodedBodyBytes"": 257082, ""endMs"": 100, ""eventCount"": 8, ""startMs"": 0, ""transferBytes"": 259482}, {""encodedBodyBytes"": 5228980, ""endMs"": 14200, ""eventCount"": 7, ""startMs"": 14100, ""transferBytes"": 5231080}, {""encodedBodyBytes"": 29942420, ""endMs"": 14300, ""eventCount"": 39, ""startMs"": 14200, ""transferBytes"": 29954120}, {""encodedBodyBytes"": 18447072, ""endMs"": 14400, ""eventCount"": 24, ""startMs"": 14300, ""transferBytes"": 18454272}, {""encodedBodyBytes"": 21714620, ""endMs"": 14500, ""eventCount"": 33, ""startMs"": 14400, ""transferBytes"": 21724520}, {""encodedBodyBytes"": 26574572, ""endMs"": 14600, ""eventCount"": 31, ""startMs"": 14500, ""transferBytes"": 26583872}, {""encodedBodyBytes"": 1769280, ""endMs"": 14700, ""eventCount"": 1, ""startMs"": 14600, ""transferBytes"": 1769580}, {""encodedBodyBytes"": 3703732, ""endMs"": 24500, ""eventCount"": 11, ""startMs"": 24400, ""transferBytes"": 3707032}, {""encodedBodyBytes"": 5363276, ""endMs"": 24600, ""eventCount"": 7, ""startMs"": 24500, ""transferBytes"": 5365376}, {""encodedBodyBytes"": 166696, ""endMs"": 34500, ""eventCount"": 1, ""startMs"": 34400, ""transferBytes"": 166996}, {""encodedBodyBytes"": 6692176, ""endMs"": 34600, ""eventCount"": 8, ""startMs"": 34500, ""transferBytes"": 6694576}, {""encodedBodyBytes"": 51204, ""endMs"": 44500, ""eventCount"": 1, ""startMs"": 44400, ""transferBytes"": 51504}, {""encodedBodyBytes"": 1317252, ""endMs"": 44600, ""eventCount"": 1, ""startMs"": 44500, ""transferBytes"": 1317552}], ""originMs"": 3745147.4000000954}","{""binMs"": 100, ""bins"": [{""endMs"": 100, ""eventCount"": 7, ""startMs"": 0}, {""endMs"": 14300, ""eventCount"": 6, ""startMs"": 14200}, {""endMs"": 14400, ""eventCount"": 32, ""startMs"": 14300}, {""endMs"": 14500, ""eventCount"": 32, ""startMs"": 14400}, {""endMs"": 14600, ""eventCount"": 36, ""startMs"": 14500}, {""endMs"": 14700, ""eventCount"": 29, ""startMs"": 14600}, {""endMs"": 24600, ""eventCount"": 18, ""startMs"": 24500}, {""endMs"": 34600, ""eventCount"": 9, ""startMs"": 34500}, {""endMs"": 44600, ""eventCount"": 2, ""startMs"": 44500}], ""originMs"": 3745173.5}","{""binMs"": 100, ""bins"": [{""endMs"": 100, ""eventCount"": 3, ""requestQueuePeak"": 6, ""startMs"": 0}, {""endMs"": 14200, ""eventCount"": 1, ""requestQueuePeak"": 20, ""startMs"": 14100}, {""endMs"": 14300, ""eventCount"": 3, ""requestQueuePeak"": 54, ""startMs"": 14200}, {""endMs"": 14400, ""eventCount"": 3, ""requestQueuePeak"": 60, ""startMs"": 14300}, {""endMs"": 14500, ""eventCount"": 3, ""requestQueuePeak"": 62, ""startMs"": 14400}, {""endMs"": 14600, ""eventCount"": 3, ""requestQueuePeak"": 60, ""startMs"": 14500}, {""endMs"": 14700, ""eventCount"": 5, ""requestQueuePeak"": 29, ""startMs"": 14600}, {""endMs"": 24200, ""eventCount"": 1, ""requestQueuePeak"": 18, ""startMs"": 24100}, {""endMs"": 24600, ""eventCount"": 4, ""requestQueuePeak"": 18, ""startMs"": 24500}, {""endMs"": 34200, ""eventCount"": 1, ""requestQueuePeak"": 9, ""startMs"": 34100}, {""endMs"": 34600, ""eventCount"": 4, ""requestQueuePeak"": 9, ""startMs"": 34500}, {""endMs"": 44200, ""eventCount"": 1, ""requestQueuePeak"": 2, ""startMs"": 44100}, {""endMs"": 44600, ""eventCount"": 2, ""requestQueuePeak"": 2, ""startMs"": 44500}], ""originMs"": 3745148.7999999523}","{""binMs"": 250, ""bins"": [{""encodedBodyBytes"": 257082, ""endMs"": 250, ""eventCount"": 8, ""startMs"": 0, ""transferBytes"": 259482}, {""encodedBodyBytes"": 22382804, ""endMs"": 14250, ""eventCount"": 31, ""startMs"": 14000, ""transferBytes"": 22392104}, {""encodedBodyBytes"": 52950288, ""endMs"": 14500, ""eventCount"": 72, ""startMs"": 14250, ""transferBytes"": 52971888}, {""encodedBodyBytes"": 28343852, ""endMs"": 14750, ""eventCount"": 32, ""startMs"": 14500, ""transferBytes"": 28353452}, {""encodedBodyBytes"": 3703732, ""endMs"": 24500, ""eventCount"": 11, ""startMs"": 24250, ""transferBytes"": 3707032}, {""encodedBodyBytes"": 5363276, ""endMs"": 24750, ""eventCount"": 7, ""startMs"": 24500, ""transferBytes"": 5365376}, {""encodedBodyBytes"": 166696, ""endMs"": 34500, ""eventCount"": 1, ""startMs"": 34250, ""transferBytes"": 166996}, {""encodedBodyBytes"": 6692176, ""endMs"": 34750, ""eventCount"": 8, ""startMs"": 34500, ""transferBytes"": 6694576}, {""encodedBodyBytes"": 51204, ""endMs"": 44500, ""eventCount"": 1, ""startMs"": 44250, ""transferBytes"": 51504}, {""encodedBodyBytes"": 1317252, ""endMs"": 44750, ""eventCount"": 1, ""startMs"": 44500, ""transferBytes"": 1317552}], ""originMs"": 3745147.4000000954}","{""binMs"": 250, ""bins"": [{""endMs"": 250, ""eventCount"": 7, ""startMs"": 0}, {""endMs"": 14500, ""eventCount"": 70, ""startMs"": 14250}, {""endMs"": 14750, ""eventCount"": 65, ""startMs"": 14500}, {""endMs"": 24750, ""eventCount"": 18, ""startMs"": 24500}, {""endMs"": 34750, ""eventCount"": 9, ""startMs"": 34500}, {""endMs"": 44750, ""eventCount"": 2, ""startMs"": 44500}], ""originMs"": 3745173.5}","{""binMs"": 250, ""bins"": [{""endMs"": 250, ""eventCount"": 3, ""requestQueuePeak"": 6, ""startMs"": 0}, {""endMs"": 14250, ""eventCount"": 3, ""requestQueuePeak"": 44, ""startMs"": 14000}, {""endMs"": 14500, ""eventCount"": 7, ""requestQueuePeak"": 62, ""startMs"": 14250}, {""endMs"": 14750, ""eventCount"": 8, ""requestQueuePeak"": 60, ""startMs"": 14500}, {""endMs"": 24250, ""eventCount"": 1, ""requestQueuePeak"": 18, ""startMs"": 24000}, {""endMs"": 24750, ""eventCount"": 4, ""requestQueuePeak"": 18, ""startMs"": 24500}, {""endMs"": 34250, ""eventCount"": 1, ""requestQueuePeak"": 9, ""startMs"": 34000}, {""endMs"": 34750, ""eventCount"": 4, ""requestQueuePeak"": 9, ""startMs"": 34500}, {""endMs"": 44250, ""eventCount"": 1, ""requestQueuePeak"": 2, ""startMs"": 44000}, {""endMs"": 44750, ""eventCount"": 2, ""requestQueuePeak"": 2, ""startMs"": 44500}], ""originMs"": 3745148.7999999523}","{""binMs"": 500, ""bins"": [{""encodedBodyBytes"": 257082, ""endMs"": 500, ""eventCount"": 8, ""startMs"": 0, ""transferBytes"": 259482}, {""encodedBodyBytes"": 75333092, ""endMs"": 14500, ""eventCount"": 103, ""startMs"": 14000, ""transferBytes"": 75363992}, {""encodedBodyBytes"": 28343852, ""endMs"": 15000, ""eventCount"": 32, ""startMs"": 14500, ""transferBytes"": 28353452}, {""encodedBodyBytes"": 3703732, ""endMs"": 24500, ""eventCount"": 11, ""startMs"": 24000, ""transferBytes"": 3707032}, {""encodedBodyBytes"": 5363276, ""endMs"": 25000, ""eventCount"": 7, ""startMs"": 24500, ""transferBytes"": 5365376}, {""encodedBodyBytes"": 166696, ""endMs"": 34500, ""eventCount"": 1, ""startMs"": 34000, ""transferBytes"": 166996}, {""encodedBodyBytes"": 6692176, ""endMs"": 35000, ""eventCount"": 8, ""startMs"": 34500, ""transferBytes"": 6694576}, {""encodedBodyBytes"": 51204, ""endMs"": 44500, ""eventCount"": 1, ""startMs"": 44000, ""transferBytes"": 51504}, {""encodedBodyBytes"": 1317252, ""endMs"": 45000, ""eventCount"": 1, ""startMs"": 44500, ""transferBytes"": 1317552}], ""originMs"": 3745147.4000000954}","{""binMs"": 500, ""bins"": [{""endMs"": 500, ""eventCount"": 7, ""startMs"": 0}, {""endMs"": 14500, ""eventCount"": 70, ""startMs"": 14000}, {""endMs"": 15000, ""eventCount"": 65, ""startMs"": 14500}, {""endMs"": 25000, ""eventCount"": 18, ""startMs"": 24500}, {""endMs"": 35000, ""eventCount"": 9, ""startMs"": 34500}, {""endMs"": 45000, ""eventCount"": 2, ""startMs"": 44500}], ""originMs"": 3745173.5}","{""binMs"": 500, ""bins"": [{""endMs"": 500, ""eventCount"": 3, ""requestQueuePeak"": 6, ""startMs"": 0}, {""endMs"": 14500, ""eventCount"": 10, ""requestQueuePeak"": 62, ""startMs"": 14000}, {""endMs"": 15000, ""eventCount"": 8, ""requestQueuePeak"": 60, ""startMs"": 14500}, {""endMs"": 24500, ""eventCount"": 1, ""requestQueuePeak"": 18, ""startMs"": 24000}, {""endMs"": 25000, ""eventCount"": 4, ""requestQueuePeak"": 18, ""startMs"": 24500}, {""endMs"": 34500, ""eventCount"": 1, ""requestQueuePeak"": 9, ""startMs"": 34000}, {""endMs"": 35000, ""eventCount"": 4, ""requestQueuePeak"": 9, ""startMs"": 34500}, {""endMs"": 44500, ""eventCount"": 1, ""requestQueuePeak"": 2, ""startMs"": 44000}, {""endMs"": 45000, ""eventCount"": 2, ""requestQueuePeak"": 2, ""startMs"": 44500}], ""originMs"": 3745148.7999999523}"
pc-b-bagAmsterdam-pressureBurst-pi-r3-mtjq9bjx,pi,bagAmsterdam,pressureBurst,3,20260825,pc-b,pc,2.3.6,lan,pilot,full-pilot-v2.3.6-pressure-burst,none,none,none,none,,False,unspecified,unknown,unknown,,,True,,0,0,0,0,0,0,0,76,0,0.0,16.899999999906868,16.899999999906868,4.053719470188331,41,567556.5999999966,1,0,1.5597987859566118,75.0,0.004133333327559115,0.004133333327559115,,,,,16.800000000046566,16.9000000001397,0.0,10123.899999856949,159,0,"{""RECOVERY"": 2, ""STABLE"": 74}",195,109646922,109597122,True,4032.7000000476837,16.899999999906868,2.0,342.0,17.9000000001397,0.0,"[{""binEndMs"": 20, ""binStartMs"": 0, ""count"": 2401}, {""binEndMs"": 33.33, ""binStartMs"": 20, ""count"": 0}, {""binEndMs"": 50, ""binStartMs"": 33.33, ""count"": 0}, {""binEndMs"": 66.67, ""binStartMs"": 50, ""count"": 0}, {""binEndMs"": null, ""binStartMs"": 66.67, ""count"": 0}]",,,,,,,,,,,,,,,,,,,,,,,,
pc-b-bagAmsterdam-pressureBurst-pi-r3-mtlioc05,pi,bagAmsterdam,pressureBurst,3,20260825,pc-b,pc,2.3.6,lan,pilot,full-pilot-v2.3.6-pressure-burst,none,none,none,none,,False,local,http://localhost:8088,localhost:8088,,,True,,0,0,0,0,0,0,0,76,4,0.05263157894736842,21.01624999993946,33.36625000003259,4.052038477250078,63,70303.99999997811,1,0,1.5611543175023574,75.0,0.4445333333717038,0.4445333333717038,0.75,0.75,0.75,505.56666666657355,16.800000000279397,17.0,0.002512562814070352,10112.800000190735,171,0,"{""RECOVERY"": 2, ""STABLE"": 74}",172,121279962,121228362,True,4032.7999999523163,16.800000000279397,2.0,35.0,50.0,0.0041876046901172526,"[{""binEndMs"": 20, ""binStartMs"": 0, ""count"": 2378}, {""binEndMs"": 33.33, ""binStartMs"": 20, ""count"": 4}, {""binEndMs"": 50, ""binStartMs"": 33.33, ""count"": 3}, {""binEndMs"": 66.67, ""binStartMs"": 50, ""count"": 3}, {""binEndMs"": null, ""binStartMs"": 66.67, ""count"": 0}]",32.0,26928252.0,45.0,4.0,63.0,68.0,47381884.0,77.0,7.0,63.0,112.0,81795952.0,80.0,10.0,63.0,"{""binMs"": 100, ""bins"": [{""encodedBodyBytes"": 257082, ""endMs"": 100, ""eventCount"": 8, ""startMs"": 0, ""transferBytes"": 259482}, {""encodedBodyBytes"": 17606440, ""endMs"": 14200, ""eventCount"": 25, ""startMs"": 14100, ""transferBytes"": 17613940}, {""encodedBodyBytes"": 26919852, ""endMs"": 14300, ""eventCount"": 28, ""startMs"": 14200, ""transferBytes"": 26928252}, {""encodedBodyBytes"": 15881252, ""endMs"": 14400, ""eventCount"": 27, ""startMs"": 14300, ""transferBytes"": 15889352}, {""encodedBodyBytes"": 21354808, ""endMs"": 14500, ""eventCount"": 32, ""startMs"": 14400, ""transferBytes"": 21364408}, {""encodedBodyBytes"": 21965796, ""endMs"": 14600, ""eventCount"": 24, ""startMs"": 14500, ""transferBytes"": 21972996}, {""encodedBodyBytes"": 10847040, ""endMs"": 24500, ""eventCount"": 19, ""startMs"": 24400, ""transferBytes"": 10852740}, {""encodedBodyBytes"": 5078840, ""endMs"": 34500, ""eventCount"": 8, ""startMs"": 34400, ""transferBytes"": 5081240}, {""encodedBodyBytes"": 1317252, ""endMs"": 44500, ""eventCount"": 1, ""startMs"": 44400, ""transferBytes"": 1317552}], ""originMs"": 3966061.7999999523}","{""binMs"": 100, ""bins"": [{""endMs"": 100, ""eventCount"": 7, ""startMs"": 0}, {""endMs"": 14300, ""eventCount"": 14, ""startMs"": 14200}, {""endMs"": 14400, ""eventCount"": 21, ""startMs"": 14300}, {""endMs"": 14500, ""eventCount"": 45, ""startMs"": 14400}, {""endMs"": 14600, ""eventCount"": 32, ""startMs"": 14500}, {""endMs"": 14700, ""eventCount"": 24, ""startMs"": 14600}, {""endMs"": 24600, ""eventCount"": 19, ""startMs"": 24500}, {""endMs"": 34600, ""eventCount"": 8, ""startMs"": 34500}, {""endMs"": 44600, ""eventCount"": 1, ""startMs"": 44500}], ""originMs"": 3966075.7999999523}","{""binMs"": 100, ""bins"": [{""endMs"": 100, ""eventCount"": 3, ""requestQueuePeak"": 6, ""startMs"": 0}, {""endMs"": 14200, ""eventCount"": 3, ""requestQueuePeak"": 41, ""startMs"": 14100}, {""endMs"": 14300, ""eventCount"": 2, ""requestQueuePeak"": 61, ""startMs"": 14200}, {""endMs"": 14400, ""eventCount"": 3, ""requestQueuePeak"": 63, ""startMs"": 14300}, {""endMs"": 14500, ""eventCount"": 2, ""requestQueuePeak"": 60, ""startMs"": 14400}, {""endMs"": 14600, ""eventCount"": 3, ""requestQueuePeak"": 56, ""startMs"": 14500}, {""endMs"": 14700, ""eventCount"": 4, ""requestQueuePeak"": 24, ""startMs"": 14600}, {""endMs"": 24200, ""eventCount"": 3, ""requestQueuePeak"": 19, ""startMs"": 24100}, {""endMs"": 24500, ""eventCount"": 1, ""requestQueuePeak"": 19, ""startMs"": 24400}, {""endMs"": 24600, ""eventCount"": 3, ""requestQueuePeak"": 19, ""startMs"": 24500}, {""endMs"": 34200, ""eventCount"": 1, ""requestQueuePeak"": 8, ""startMs"": 34100}, {""endMs"": 34500, ""eventCount"": 2, ""requestQueuePeak"": 8, ""startMs"": 34400}, {""endMs"": 34600, ""eventCount"": 2, ""requestQueuePeak"": 1, ""startMs"": 34500}, {""endMs"": 44200, ""eventCount"": 1, ""requestQueuePeak"": 1, ""startMs"": 44100}, {""endMs"": 44500, ""eventCount"": 1, ""requestQueuePeak"": 1, ""startMs"": 44400}, {""endMs"": 44600, ""eventCount"": 1, ""requestQueuePeak"": 0, ""startMs"": 44500}], ""originMs"": 3966063.2999999523}","{""binMs"": 250, ""bins"": [{""encodedBodyBytes"": 257082, ""endMs"": 250, ""eventCount"": 8, ""startMs"": 0, ""transferBytes"": 259482}, {""encodedBodyBytes"": 34400868, ""endMs"": 14250, ""eventCount"": 44, ""startMs"": 14000, ""transferBytes"": 34414068}, {""encodedBodyBytes"": 47361484, ""endMs"": 14500, ""eventCount"": 68, ""startMs"": 14250, ""transferBytes"": 47381884}, {""encodedBodyBytes"": 21965796, ""endMs"": 14750, ""eventCount"": 24, ""startMs"": 14500, ""transferBytes"": 21972996}, {""encodedBodyBytes"": 10847040, ""endMs"": 24500, ""eventCount"": 19, ""startMs"": 24250, ""transferBytes"": 10852740}, {""encodedBodyBytes"": 5078840, ""endMs"": 34500, ""eventCount"": 8, ""startMs"": 34250, ""transferBytes"": 5081240}, {""encodedBodyBytes"": 1317252, ""endMs"": 44500, ""eventCount"": 1, ""startMs"": 44250, ""transferBytes"": 1317552}], ""originMs"": 3966061.7999999523}","{""binMs"": 250, ""bins"": [{""endMs"": 250, ""eventCount"": 7, ""startMs"": 0}, {""endMs"": 14250, ""eventCount"": 3, ""startMs"": 14000}, {""endMs"": 14500, ""eventCount"": 77, ""startMs"": 14250}, {""endMs"": 14750, ""eventCount"": 56, ""startMs"": 14500}, {""endMs"": 24750, ""eventCount"": 19, ""startMs"": 24500}, {""endMs"": 34750, ""eventCount"": 8, ""startMs"": 34500}, {""endMs"": 44750, ""eventCount"": 1, ""startMs"": 44500}], ""originMs"": 3966075.7999999523}","{""binMs"": 250, ""bins"": [{""endMs"": 250, ""eventCount"": 3, ""requestQueuePeak"": 6, ""startMs"": 0}, {""endMs"": 14250, ""eventCount"": 4, ""requestQueuePeak"": 52, ""startMs"": 14000}, {""endMs"": 14500, ""eventCount"": 6, ""requestQueuePeak"": 63, ""startMs"": 14250}, {""endMs"": 14750, ""eventCount"": 7, ""requestQueuePeak"": 56, ""startMs"": 14500}, {""endMs"": 24250, ""eventCount"": 3, ""requestQueuePeak"": 19, ""startMs"": 24000}, {""endMs"": 24500, ""eventCount"": 1, ""requestQueuePeak"": 19, ""startMs"": 24250}, {""endMs"": 24750, ""eventCount"": 3, ""requestQueuePeak"": 19, ""startMs"": 24500}, {""endMs"": 34250, ""eventCount"": 1, ""requestQueuePeak"": 8, ""startMs"": 34000}, {""endMs"": 34500, ""eventCount"": 2, ""requestQueuePeak"": 8, ""startMs"": 34250}, {""endMs"": 34750, ""eventCount"": 2, ""requestQueuePeak"": 1, ""startMs"": 34500}, {""endMs"": 44250, ""eventCount"": 1, ""requestQueuePeak"": 1, ""startMs"": 44000}, {""endMs"": 44500, ""eventCount"": 1, ""requestQueuePeak"": 1, ""startMs"": 44250}, {""endMs"": 44750, ""eventCount"": 1, ""requestQueuePeak"": 0, ""startMs"": 44500}], ""originMs"": 3966063.2999999523}","{""binMs"": 500, ""bins"": [{""encodedBodyBytes"": 257082, ""endMs"": 500, ""eventCount"": 8, ""startMs"": 0, ""transferBytes"": 259482}, {""encodedBodyBytes"": 81762352, ""endMs"": 14500, ""eventCount"": 112, ""startMs"": 14000, ""transferBytes"": 81795952}, {""encodedBodyBytes"": 21965796, ""endMs"": 15000, ""eventCount"": 24, ""startMs"": 14500, ""transferBytes"": 21972996}, {""encodedBodyBytes"": 10847040, ""endMs"": 24500, ""eventCount"": 19, ""startMs"": 24000, ""transferBytes"": 10852740}, {""encodedBodyBytes"": 5078840, ""endMs"": 34500, ""eventCount"": 8, ""startMs"": 34000, ""transferBytes"": 5081240}, {""encodedBodyBytes"": 1317252, ""endMs"": 44500, ""eventCount"": 1, ""startMs"": 44000, ""transferBytes"": 1317552}], ""originMs"": 3966061.7999999523}","{""binMs"": 500, ""bins"": [{""endMs"": 500, ""eventCount"": 7, ""startMs"": 0}, {""endMs"": 14500, ""eventCount"": 80, ""startMs"": 14000}, {""endMs"": 15000, ""eventCount"": 56, ""startMs"": 14500}, {""endMs"": 25000, ""eventCount"": 19, ""startMs"": 24500}, {""endMs"": 35000, ""eventCount"": 8, ""startMs"": 34500}, {""endMs"": 45000, ""eventCount"": 1, ""startMs"": 44500}], ""originMs"": 3966075.7999999523}","{""binMs"": 500, ""bins"": [{""endMs"": 500, ""eventCount"": 3, ""requestQueuePeak"": 6, ""startMs"": 0}, {""endMs"": 14500, ""eventCount"": 10, ""requestQueuePeak"": 63, ""startMs"": 14000}, {""endMs"": 15000, ""eventCount"": 7, ""requestQueuePeak"": 56, ""startMs"": 14500}, {""endMs"": 24500, ""eventCount"": 4, ""requestQueuePeak"": 19, ""startMs"": 24000}, {""endMs"": 25000, ""eventCount"": 3, ""requestQueuePeak"": 19, ""startMs"": 24500}, {""endMs"": 34500, ""eventCount"": 3, ""requestQueuePeak"": 8, ""startMs"": 34000}, {""endMs"": 35000, ""eventCount"": 2, ""requestQueuePeak"": 1, ""startMs"": 34500}, {""endMs"": 44500, ""eventCount"": 2, ""requestQueuePeak"": 1, ""startMs"": 44000}, {""endMs"": 45000, ""eventCount"": 1, ""requestQueuePeak"": 0, ""startMs"": 44500}], ""originMs"": 3966063.2999999523}"
pc-b-bagAmsterdam-pressureBurst-pi-r4-mtjqjziz,pi,bagAmsterdam,pressureBurst,4,20260826,pc-b,pc,2.3.6,lan,pilot,full-pilot-v2.3.6-pressure-burst,none,none,none,none,,False,unspecified,unknown,unknown,,,True,,0,0,0,0,0,0,0,76,0,0.0,16.8287500000064,16.899999999909777,4.053857036039303,41,718806.5000000014,1,0,1.5631879655369123,75.0,0.002933333329545936,0.002933333329545936,,,,,16.800000000046566,17.0,0.0,10135.5,152,0,"{""RECOVERY"": 2, ""STABLE"": 74}",195,104241446,104191346,True,4031.7999999523163,16.899999999906868,2.0,338.0,18.299999999813735,0.0,"[{""binEndMs"": 20, ""binStartMs"": 0, ""count"": 2401}, {""binEndMs"": 33.33, ""binStartMs"": 20, ""count"": 0}, {""binEndMs"": 50, ""binStartMs"": 33.33, ""count"": 0}, {""binEndMs"": 66.67, ""binStartMs"": 50, ""count"": 0}, {""binEndMs"": null, ""binStartMs"": 66.67, ""count"": 0}]",,,,,,,,,,,,,,,,,,,,,,,,
pc-b-bagAmsterdam-pressureBurst-pi-r4-mtliyzol,pi,bagAmsterdam,pressureBurst,4,20260826,pc-b,pc,2.3.6,lan,pilot,full-pilot-v2.3.6-pressure-burst,none,none,none,none,,False,local,http://localhost:8088,localhost:8088,,,True,,0,0,0,0,0,0,0,76,0,0.0,21.00000000023283,33.299999999813735,4.0519932928652205,65,71483.19999999087,1,0,1.5597987859566118,75.0,0.44400000012169283,0.44400000012169283,,,,,16.800000000745058,16.90000000037253,0.0020938023450586263,10129.0,173,0,"{""RECOVERY"": 2, ""STABLE"": 74}",174,122152578,122100378,True,4032.100000143051,16.899999999441206,2.0,39.0,50.10000000055879,0.0041876046901172526,"[{""binEndMs"": 20, ""binStartMs"": 0, ""count"": 2378}, {""binEndMs"": 33.33, ""binStartMs"": 20, ""count"": 5}, {""binEndMs"": 50, ""binStartMs"": 33.33, ""count"": 3}, {""binEndMs"": 66.67, ""binStartMs"": 50, ""count"": 2}, {""binEndMs"": null, ""binStartMs"": 66.67, ""count"": 0}]",35.0,25650772.0,33.0,6.0,65.0,78.0,58419068.0,78.0,8.0,65.0,110.0,78455664.0,78.0,10.0,65.0,"{""binMs"": 100, ""bins"": [{""encodedBodyBytes"": 257082, ""endMs"": 100, ""eventCount"": 8, ""startMs"": 0, ""transferBytes"": 259482}, {""encodedBodyBytes"": 13018952, ""endMs"": 14200, ""eventCount"": 18, ""startMs"": 14100, ""transferBytes"": 13024352}, {""encodedBodyBytes"": 23919776, ""endMs"": 14300, ""eventCount"": 35, ""startMs"": 14200, ""transferBytes"": 23930276}, {""encodedBodyBytes"": 19700920, ""endMs"": 14400, ""eventCount"": 25, ""startMs"": 14300, ""transferBytes"": 19708420}, {""encodedBodyBytes"": 21783016, ""endMs"": 14500, ""eventCount"": 32, ""startMs"": 14400, ""transferBytes"": 21792616}, {""encodedBodyBytes"": 25642672, ""endMs"": 14600, ""eventCount"": 27, ""startMs"": 14500, ""transferBytes"": 25650772}, {""encodedBodyBytes"": 10174488, ""endMs"": 24500, ""eventCount"": 18, ""startMs"": 24400, ""transferBytes"": 10179888}, {""encodedBodyBytes"": 1253184, ""endMs"": 24600, ""eventCount"": 2, ""startMs"": 24500, ""transferBytes"": 1253784}, {""encodedBodyBytes"": 5033036, ""endMs"": 34500, ""eventCount"": 8, ""startMs"": 34400, ""transferBytes"": 5035436}, {""encodedBodyBytes"": 1317252, ""endMs"": 44500, ""eventCount"": 1, ""startMs"": 44400, ""transferBytes"": 1317552}], ""originMs"": 4463310.5}","{""binMs"": 100, ""bins"": [{""endMs"": 100, ""eventCount"": 7, ""startMs"": 0}, {""endMs"": 14300, ""eventCount"": 14, ""startMs"": 14200}, {""endMs"": 14400, ""eventCount"": 31, ""startMs"": 14300}, {""endMs"": 14500, ""eventCount"": 33, ""startMs"": 14400}, {""endMs"": 14600, ""eventCount"": 31, ""startMs"": 14500}, {""endMs"": 14700, ""eventCount"": 28, ""startMs"": 14600}, {""endMs"": 24600, ""eventCount"": 20, ""startMs"": 24500}, {""endMs"": 34600, ""eventCount"": 8, ""startMs"": 34500}, {""endMs"": 44600, ""eventCount"": 1, ""startMs"": 44500}], ""originMs"": 4463323.700000048}","{""binMs"": 100, ""bins"": [{""endMs"": 100, ""eventCount"": 3, ""requestQueuePeak"": 6, ""startMs"": 0}, {""endMs"": 14200, ""eventCount"": 2, ""requestQueuePeak"": 30, ""startMs"": 14100}, {""endMs"": 14300, ""eventCount"": 2, ""requestQueuePeak"": 65, ""startMs"": 14200}, {""endMs"": 14400, ""eventCount"": 3, ""requestQueuePeak"": 59, ""startMs"": 14300}, {""endMs"": 14500, ""eventCount"": 3, ""requestQueuePeak"": 62, ""startMs"": 14400}, {""endMs"": 14600, ""eventCount"": 3, ""requestQueuePeak"": 59, ""startMs"": 14500}, {""endMs"": 14700, ""eventCount"": 5, ""requestQueuePeak"": 28, ""startMs"": 14600}, {""endMs"": 24200, ""eventCount"": 2, ""requestQueuePeak"": 20, ""startMs"": 24100}, {""endMs"": 24300, ""eventCount"": 1, ""requestQueuePeak"": 18, ""startMs"": 24200}, {""endMs"": 24600, ""eventCount"": 6, ""requestQueuePeak"": 20, ""startMs"": 24500}, {""endMs"": 34200, ""eventCount"": 2, ""requestQueuePeak"": 8, ""startMs"": 34100}, {""endMs"": 34500, ""eventCount"": 1, ""requestQueuePeak"": 8, ""startMs"": 34400}, {""endMs"": 34600, ""eventCount"": 3, ""requestQueuePeak"": 8, ""startMs"": 34500}, {""endMs"": 44200, ""eventCount"": 1, ""requestQueuePeak"": 1, ""startMs"": 44100}, {""endMs"": 44500, ""eventCount"": 1, ""requestQueuePeak"": 1, ""startMs"": 44400}, {""endMs"": 44600, ""eventCount"": 1, ""requestQueuePeak"": 0, ""startMs"": 44500}], ""originMs"": 4463312.100000143}","{""binMs"": 250, ""bins"": [{""encodedBodyBytes"": 257082, ""endMs"": 250, ""eventCount"": 8, ""startMs"": 0, ""transferBytes"": 259482}, {""encodedBodyBytes"": 20026996, ""endMs"": 14250, ""eventCount"": 32, ""startMs"": 14000, ""transferBytes"": 20036596}, {""encodedBodyBytes"": 58395668, ""endMs"": 14500, ""eventCount"": 78, ""startMs"": 14250, ""transferBytes"": 58419068}, {""encodedBodyBytes"": 25642672, ""endMs"": 14750, ""eventCount"": 27, ""startMs"": 14500, ""transferBytes"": 25650772}, {""encodedBodyBytes"": 10174488, ""endMs"": 24500, ""eventCount"": 18, ""startMs"": 24250, ""transferBytes"": 10179888}, {""encodedBodyBytes"": 1253184, ""endMs"": 24750, ""eventCount"": 2, ""startMs"": 24500, ""transferBytes"": 1253784}, {""encodedBodyBytes"": 5033036, ""endMs"": 34500, ""eventCount"": 8, ""startMs"": 34250, ""transferBytes"": 5035436}, {""encodedBodyBytes"": 1317252, ""endMs"": 44500, ""eventCount"": 1, ""startMs"": 44250, ""transferBytes"": 1317552}], ""originMs"": 4463310.5}","{""binMs"": 250, ""bins"": [{""endMs"": 250, ""eventCount"": 7, ""startMs"": 0}, {""endMs"": 14500, ""eventCount"": 78, ""startMs"": 14250}, {""endMs"": 14750, ""eventCount"": 59, ""startMs"": 14500}, {""endMs"": 24750, ""eventCount"": 20, ""startMs"": 24500}, {""endMs"": 34750, ""eventCount"": 8, ""startMs"": 34500}, {""endMs"": 44750, ""eventCount"": 1, ""startMs"": 44500}], ""originMs"": 4463323.700000048}","{""binMs"": 250, ""bins"": [{""endMs"": 250, ""eventCount"": 3, ""requestQueuePeak"": 6, ""startMs"": 0}, {""endMs"": 14250, ""eventCount"": 3, ""requestQueuePeak"": 50, ""startMs"": 14000}, {""endMs"": 14500, ""eventCount"": 7, ""requestQueuePeak"": 65, ""startMs"": 14250}, {""endMs"": 14750, ""eventCount"": 8, ""requestQueuePeak"": 59, ""startMs"": 14500}, {""endMs"": 24250, ""eventCount"": 3, ""requestQueuePeak"": 20, ""startMs"": 24000}, {""endMs"": 24750, ""eventCount"": 6, ""requestQueuePeak"": 20, ""startMs"": 24500}, {""endMs"": 34250, ""eventCount"": 2, ""requestQueuePeak"": 8, ""startMs"": 34000}, {""endMs"": 34500, ""eventCount"": 1, ""requestQueuePeak"": 8, ""startMs"": 34250}, {""endMs"": 34750, ""eventCount"": 3, ""requestQueuePeak"": 8, ""startMs"": 34500}, {""endMs"": 44250, ""eventCount"": 1, ""requestQueuePeak"": 1, ""startMs"": 44000}, {""endMs"": 44500, ""eventCount"": 1, ""requestQueuePeak"": 1, ""startMs"": 44250}, {""endMs"": 44750, ""eventCount"": 1, ""requestQueuePeak"": 0, ""startMs"": 44500}], ""originMs"": 4463312.100000143}","{""binMs"": 500, ""bins"": [{""encodedBodyBytes"": 257082, ""endMs"": 500, ""eventCount"": 8, ""startMs"": 0, ""transferBytes"": 259482}, {""encodedBodyBytes"": 78422664, ""endMs"": 14500, ""eventCount"": 110, ""startMs"": 14000, ""transferBytes"": 78455664}, {""encodedBodyBytes"": 25642672, ""endMs"": 15000, ""eventCount"": 27, ""startMs"": 14500, ""transferBytes"": 25650772}, {""encodedBodyBytes"": 10174488, ""endMs"": 24500, ""eventCount"": 18, ""startMs"": 24000, ""transferBytes"": 10179888}, {""encodedBodyBytes"": 1253184, ""endMs"": 25000, ""eventCount"": 2, ""startMs"": 24500, ""transferBytes"": 1253784}, {""encodedBodyBytes"": 5033036, ""endMs"": 34500, ""eventCount"": 8, ""startMs"": 34000, ""transferBytes"": 5035436}, {""encodedBodyBytes"": 1317252, ""endMs"": 44500, ""eventCount"": 1, ""startMs"": 44000, ""transferBytes"": 1317552}], ""originMs"": 4463310.5}","{""binMs"": 500, ""bins"": [{""endMs"": 500, ""eventCount"": 7, ""startMs"": 0}, {""endMs"": 14500, ""eventCount"": 78, ""startMs"": 14000}, {""endMs"": 15000, ""eventCount"": 59, ""startMs"": 14500}, {""endMs"": 25000, ""eventCount"": 20, ""startMs"": 24500}, {""endMs"": 35000, ""eventCount"": 8, ""startMs"": 34500}, {""endMs"": 45000, ""eventCount"": 1, ""startMs"": 44500}], ""originMs"": 4463323.700000048}","{""binMs"": 500, ""bins"": [{""endMs"": 500, ""eventCount"": 3, ""requestQueuePeak"": 6, ""startMs"": 0}, {""endMs"": 14500, ""eventCount"": 10, ""requestQueuePeak"": 65, ""startMs"": 14000}, {""endMs"": 15000, ""eventCount"": 8, ""requestQueuePeak"": 59, ""startMs"": 14500}, {""endMs"": 24500, ""eventCount"": 3, ""requestQueuePeak"": 20, ""startMs"": 24000}, {""endMs"": 25000, ""eventCount"": 6, ""requestQueuePeak"": 20, ""startMs"": 24500}, {""endMs"": 34500, ""eventCount"": 3, ""requestQueuePeak"": 8, ""startMs"": 34000}, {""endMs"": 35000, ""eventCount"": 3, ""requestQueuePeak"": 8, ""startMs"": 34500}, {""endMs"": 44500, ""eventCount"": 2, ""requestQueuePeak"": 1, ""startMs"": 44000}, {""endMs"": 45000, ""eventCount"": 1, ""requestQueuePeak"": 0, ""startMs"": 44500}], ""originMs"": 4463312.100000143}"
pc-b-bagAmsterdam-pressureBurst-proposed-r1-mtjpw7e8,proposed,bagAmsterdam,pressureBurst,1,20260823,pc-b,pc,2.3.6,lan,pilot,full-pilot-v2.3.6-pressure-burst,none,none,none,none,,False,unspecified,unknown,unknown,,,True,,31,31,0,0,0,0,0,76,0,0.0,16.899999999912687,16.900000000023283,10.232223446956306,39,248204.00000000023,3,0,4.67940852276272,75.0,0.01231123988768734,0.006799999999891308,,,,,16.800000000046566,17.0,0.0,10107.300000190735,128,0,"{""INTERACTING"": 28, ""PRESSURE"": 28, ""RECOVERY"": 3, ""STABLE"": 17}",139,88537062,88495662,True,4030.600000143051,16.800000000046566,2.0,235.0,17.5,0.0,"[{""binEndMs"": 20, ""binStartMs"": 0, ""count"": 2401}, {""binEndMs"": 33.33, ""binStartMs"": 20, ""count"": 0}, {""binEndMs"": 50, ""binStartMs"": 33.33, ""count"": 0}, {""binEndMs"": 66.67, ""binStartMs"": 50, ""count"": 0}, {""binEndMs"": null, ""binStartMs"": 66.67, ""count"": 0}]",,,,,,,,,,,,,,,,,,,,,,,,
pc-b-bagAmsterdam-pressureBurst-proposed-r1-mtlh49qe,proposed,bagAmsterdam,pressureBurst,1,20260823,pc-b,pc,2.3.6,lan,pilot,request-peak-probe-v2.3.6-pressure-burst,none,none,none,none,,False,local,http://localhost:8088,localhost:8088,,,True,,9,9,0,0,0,0,0,75,0,0.0,16.899999999906868,16.899999999906868,7.287770237951296,42,85830.60000000428,4,0,6.307523298414215,74.0,0.013177437380695158,0.008108108103073932,,,,,16.800000000046566,16.9000000001397,0.00041684035014589413,10128.600000143051,153,0,"{""INTERACTING"": 28, ""PRESSURE"": 8, ""RECOVERY"": 4, ""STABLE"": 35}",154,107334558,107288358,True,4032.5999999046326,16.800000000046566,2.0,58.0,33.5,0.0008336807002917883,"[{""binEndMs"": 20, ""binStartMs"": 0, ""count"": 2397}, {""binEndMs"": 33.33, ""binStartMs"": 20, ""count"": 1}, {""binEndMs"": 50, ""binStartMs"": 33.33, ""count"": 1}, {""binEndMs"": 66.67, ""binStartMs"": 50, ""count"": 0}, {""binEndMs"": null, ""binStartMs"": 66.67, ""count"": 0}]",38.0,28240432.0,36.0,7.0,42.0,42.0,31398516.0,42.0,10.0,42.0,42.0,31398516.0,42.0,10.0,42.0,"{""binMs"": 100, ""bins"": [{""encodedBodyBytes"": 257082, ""endMs"": 100, ""eventCount"": 8, ""startMs"": 0, ""transferBytes"": 259482}, {""encodedBodyBytes"": 9511052, ""endMs"": 14200, ""eventCount"": 13, ""startMs"": 14100, ""transferBytes"": 9514952}, {""encodedBodyBytes"": 9549748, ""endMs"": 16800, ""eventCount"": 15, ""startMs"": 16700, ""transferBytes"": 9554248}, {""encodedBodyBytes"": 28229032, ""endMs"": 18900, ""eventCount"": 38, ""startMs"": 18800, ""transferBytes"": 28240432}, {""encodedBodyBytes"": 3156884, ""endMs"": 19000, ""eventCount"": 4, ""startMs"": 18900, ""transferBytes"": 3158084}, {""encodedBodyBytes"": 2735612, ""endMs"": 24200, ""eventCount"": 6, ""startMs"": 24100, ""transferBytes"": 2737412}, {""encodedBodyBytes"": 15878320, ""endMs"": 24300, ""eventCount"": 19, ""startMs"": 24200, ""transferBytes"": 15884020}, {""encodedBodyBytes"": 16710612, ""endMs"": 27500, ""eventCount"": 24, ""startMs"": 27400, ""transferBytes"": 16717812}, {""encodedBodyBytes"": 4877648, ""endMs"": 34500, ""eventCount"": 7, ""startMs"": 34400, ""transferBytes"": 4879748}, {""encodedBodyBytes"": 4016120, ""endMs"": 34600, ""eventCount"": 3, ""startMs"": 34500, ""transferBytes"": 4017020}, {""encodedBodyBytes"": 5716496, ""endMs"": 37100, ""eventCount"": 6, ""startMs"": 37000, ""transferBytes"": 5718296}, {""encodedBodyBytes"": 2718252, ""endMs"": 44500, ""eventCount"": 5, ""startMs"": 44400, ""transferBytes"": 2719752}, {""encodedBodyBytes"": 3931500, ""endMs"": 44600, ""eventCount"": 6, ""startMs"": 44500, ""transferBytes"": 3933300}], ""originMs"": 1350373.7999999523}","{""binMs"": 100, ""bins"": [{""endMs"": 100, ""eventCount"": 7, ""startMs"": 0}, {""endMs"": 14300, ""eventCount"": 13, ""startMs"": 14200}, {""endMs"": 16900, ""eventCount"": 15, ""startMs"": 16800}, {""endMs"": 18900, ""eventCount"": 6, ""startMs"": 18800}, {""endMs"": 19000, ""eventCount"": 36, ""startMs"": 18900}, {""endMs"": 24300, ""eventCount"": 25, ""startMs"": 24200}, {""endMs"": 27500, ""eventCount"": 24, ""startMs"": 27400}, {""endMs"": 34600, ""eventCount"": 10, ""startMs"": 34500}, {""endMs"": 37100, ""eventCount"": 6, ""startMs"": 37000}, {""endMs"": 44600, ""eventCount"": 11, ""startMs"": 44500}], ""originMs"": 1350386.7000000477}","{""binMs"": 100, ""bins"": [{""endMs"": 100, ""eventCount"": 3, ""requestQueuePeak"": 6, ""startMs"": 0}, {""endMs"": 14200, ""eventCount"": 2, ""requestQueuePeak"": 13, ""startMs"": 14100}, {""endMs"": 14300, ""eventCount"": 3, ""requestQueuePeak"": 13, ""startMs"": 14200}, {""endMs"": 16800, ""eventCount"": 2, ""requestQueuePeak"": 15, ""startMs"": 16700}, {""endMs"": 16900, ""eventCount"": 5, ""requestQueuePeak"": 15, ""startMs"": 16800}, {""endMs"": 18800, ""eventCount"": 1, ""requestQueuePeak"": 20, ""startMs"": 18700}, {""endMs"": 18900, ""eventCount"": 4, ""requestQueuePeak"": 42, ""startMs"": 18800}, {""endMs"": 19000, ""eventCount"": 5, ""requestQueuePeak"": 33, ""startMs"": 18900}, {""endMs"": 24200, ""eventCount"": 2, ""requestQueuePeak"": 6, ""startMs"": 24100}, {""endMs"": 24300, ""eventCount"": 7, ""requestQueuePeak"": 25, ""startMs"": 24200}, {""endMs"": 24400, ""eventCount"": 1, ""requestQueuePeak"": 0, ""startMs"": 24300}, {""endMs"": 27400, ""eventCount"": 1, ""requestQueuePeak"": 20, ""startMs"": 27300}, {""endMs"": 27500, ""eventCount"": 6, ""requestQueuePeak"": 24, ""startMs"": 27400}, {""endMs"": 27600, ""eventCount"": 1, ""requestQueuePeak"": 0, ""startMs"": 27500}, {""endMs"": 34200, ""eventCount"": 2, ""requestQueuePeak"": 10, ""startMs"": 34100}, {""endMs"": 34500, ""eventCount"": 1, ""requestQueuePeak"": 10, ""startMs"": 34400}, {""endMs"": 34600, ""eventCount"": 3, ""requestQueuePeak"": 10, ""startMs"": 34500}, {""endMs"": 37100, ""eventCount"": 3, ""requestQueuePeak"": 6, ""startMs"": 37000}, {""endMs"": 44200, ""eventCount"": 2, ""requestQueuePeak"": 11, ""startMs"": 44100}, {""endMs"": 44500, ""eventCount"": 1, ""requestQueuePeak"": 11, ""startMs"": 44400}, {""endMs"": 44600, ""eventCount"": 3, ""requestQueuePeak"": 11, ""startMs"": 44500}], ""originMs"": 1350375.2999999523}","{""binMs"": 250, ""bins"": [{""encodedBodyBytes"": 257082, ""endMs"": 250, ""eventCount"": 8, ""startMs"": 0, ""transferBytes"": 259482}, {""encodedBodyBytes"": 9511052, ""endMs"": 14250, ""eventCount"": 13, ""startMs"": 14000, ""transferBytes"": 9514952}, {""encodedBodyBytes"": 9549748, ""endMs"": 17000, ""eventCount"": 15, ""startMs"": 16750, ""transferBytes"": 9554248}, {""encodedBodyBytes"": 31385916, ""endMs"": 19000, ""eventCount"": 42, ""startMs"": 18750, ""transferBytes"": 31398516}, {""encodedBodyBytes"": 18613932, ""endMs"": 24250, ""eventCount"": 25, ""startMs"": 24000, ""transferBytes"": 18621432}, {""encodedBodyBytes"": 16710612, ""endMs"": 27500, ""eventCount"": 24, ""startMs"": 27250, ""transferBytes"": 16717812}, {""encodedBodyBytes"": 4877648, ""endMs"": 34500, ""eventCount"": 7, ""startMs"": 34250, ""transferBytes"": 4879748}, {""encodedBodyBytes"": 4016120, ""endMs"": 34750, ""eventCount"": 3, ""startMs"": 34500, ""transferBytes"": 4017020}, {""encodedBodyBytes"": 5716496, ""endMs"": 37250, ""eventCount"": 6, ""startMs"": 37000, ""transferBytes"": 5718296}, {""encodedBodyBytes"": 2718252, ""endMs"": 44500, ""eventCount"": 5, ""startMs"": 44250, ""transferBytes"": 2719752}, {""encodedBodyBytes"": 3931500, ""endMs"": 44750, ""eventCount"": 6, ""startMs"": 44500, ""transferBytes"": 3933300}], ""originMs"": 1350373.7999999523}","{""binMs"": 250, ""bins"": [{""endMs"": 250, ""eventCount"": 7, ""startMs"": 0}, {""endMs"": 14250, ""eventCount"": 13, ""startMs"": 14000}, {""endMs"": 17000, ""eventCount"": 15, ""startMs"": 16750}, {""endMs"": 19000, ""eventCount"": 42, ""startMs"": 18750}, {""endMs"": 24250, ""eventCount"": 6, ""startMs"": 24000}, {""endMs"": 24500, ""eventCount"": 19, ""startMs"": 24250}, {""endMs"": 27500, ""eventCount"": 24, ""startMs"": 27250}, {""endMs"": 34750, ""eventCount"": 10, ""startMs"": 34500}, {""endMs"": 37250, ""eventCount"": 6, ""startMs"": 37000}, {""endMs"": 44750, ""eventCount"": 11, ""startMs"": 44500}], ""originMs"": 1350386.7000000477}","{""binMs"": 250, ""bins"": [{""endMs"": 250, ""eventCount"": 3, ""requestQueuePeak"": 6, ""startMs"": 0}, {""endMs"": 14250, ""eventCount"": 5, ""requestQueuePeak"": 13, ""startMs"": 14000}, {""endMs"": 17000, ""eventCount"": 7, ""requestQueuePeak"": 15, ""startMs"": 16750}, {""endMs"": 19000, ""eventCount"": 10, ""requestQueuePeak"": 42, ""startMs"": 18750}, {""endMs"": 24250, ""eventCount"": 5, ""requestQueuePeak"": 25, ""startMs"": 24000}, {""endMs"": 24500, ""eventCount"": 5, ""requestQueuePeak"": 19, ""startMs"": 24250}, {""endMs"": 27500, ""eventCount"": 7, ""requestQueuePeak"": 24, ""startMs"": 27250}, {""endMs"": 27750, ""eventCount"": 1, ""requestQueuePeak"": 0, ""startMs"": 27500}, {""endMs"": 34250, ""eventCount"": 2, ""requestQueuePeak"": 10, ""startMs"": 34000}, {""endMs"": 34500, ""eventCount"": 1, ""requestQueuePeak"": 10, ""startMs"": 34250}, {""endMs"": 34750, ""eventCount"": 3, ""requestQueuePeak"": 10, ""startMs"": 34500}, {""endMs"": 37250, ""eventCount"": 3, ""requestQueuePeak"": 6, ""startMs"": 37000}, {""endMs"": 44250, ""eventCount"": 2, ""requestQueuePeak"": 11, ""startMs"": 44000}, {""endMs"": 44500, ""eventCount"": 1, ""requestQueuePeak"": 11, ""startMs"": 44250}, {""endMs"": 44750, ""eventCount"": 3, ""requestQueuePeak"": 11, ""startMs"": 44500}], ""originMs"": 1350375.2999999523}","{""binMs"": 500, ""bins"": [{""encodedBodyBytes"": 257082, ""endMs"": 500, ""eventCount"": 8, ""startMs"": 0, ""transferBytes"": 259482}, {""encodedBodyBytes"": 9511052, ""endMs"": 14500, ""eventCount"": 13, ""startMs"": 14000, ""transferBytes"": 9514952}, {""encodedBodyBytes"": 9549748, ""endMs"": 17000, ""eventCount"": 15, ""startMs"": 16500, ""transferBytes"": 9554248}, {""encodedBodyBytes"": 31385916, ""endMs"": 19000, ""eventCount"": 42, ""startMs"": 18500, ""transferBytes"": 31398516}, {""encodedBodyBytes"": 18613932, ""endMs"": 24500, ""eventCount"": 25, ""startMs"": 24000, ""transferBytes"": 18621432}, {""encodedBodyBytes"": 16710612, ""endMs"": 27500, ""eventCount"": 24, ""startMs"": 27000, ""transferBytes"": 16717812}, {""encodedBodyBytes"": 4877648, ""endMs"": 34500, ""eventCount"": 7, ""startMs"": 34000, ""transferBytes"": 4879748}, {""encodedBodyBytes"": 4016120, ""endMs"": 35000, ""eventCount"": 3, ""startMs"": 34500, ""transferBytes"": 4017020}, {""encodedBodyBytes"": 5716496, ""endMs"": 37500, ""eventCount"": 6, ""startMs"": 37000, ""transferBytes"": 5718296}, {""encodedBodyBytes"": 2718252, ""endMs"": 44500, ""eventCount"": 5, ""startMs"": 44000, ""transferBytes"": 2719752}, {""encodedBodyBytes"": 3931500, ""endMs"": 45000, ""eventCount"": 6, ""startMs"": 44500, ""transferBytes"": 3933300}], ""originMs"": 1350373.7999999523}","{""binMs"": 500, ""bins"": [{""endMs"": 500, ""eventCount"": 7, ""startMs"": 0}, {""endMs"": 14500, ""eventCount"": 13, ""startMs"": 14000}, {""endMs"": 17000, ""eventCount"": 15, ""startMs"": 16500}, {""endMs"": 19000, ""eventCount"": 42, ""startMs"": 18500}, {""endMs"": 24500, ""eventCount"": 25, ""startMs"": 24000}, {""endMs"": 27500, ""eventCount"": 24, ""startMs"": 27000}, {""endMs"": 35000, ""eventCount"": 10, ""startMs"": 34500}, {""endMs"": 37500, ""eventCount"": 6, ""startMs"": 37000}, {""endMs"": 45000, ""eventCount"": 11, ""startMs"": 44500}], ""originMs"": 1350386.7000000477}","{""binMs"": 500, ""bins"": [{""endMs"": 500, ""eventCount"": 3, ""requestQueuePeak"": 6, ""startMs"": 0}, {""endMs"": 14500, ""eventCount"": 5, ""requestQueuePeak"": 13, ""startMs"": 14000}, {""endMs"": 17000, ""eventCount"": 7, ""requestQueuePeak"": 15, ""startMs"": 16500}, {""endMs"": 19000, ""eventCount"": 10, ""requestQueuePeak"": 42, ""startMs"": 18500}, {""endMs"": 24500, ""eventCount"": 10, ""requestQueuePeak"": 25, ""startMs"": 24000}, {""endMs"": 27500, ""eventCount"": 7, ""requestQueuePeak"": 24, ""startMs"": 27000}, {""endMs"": 28000, ""eventCount"": 1, ""requestQueuePeak"": 0, ""startMs"": 27500}, {""endMs"": 34500, ""eventCount"": 3, ""requestQueuePeak"": 10, ""startMs"": 34000}, {""endMs"": 35000, ""eventCount"": 3, ""requestQueuePeak"": 10, ""startMs"": 34500}, {""endMs"": 37500, ""eventCount"": 3, ""requestQueuePeak"": 6, ""startMs"": 37000}, {""endMs"": 44500, ""eventCount"": 3, ""requestQueuePeak"": 11, ""startMs"": 44000}, {""endMs"": 45000, ""eventCount"": 3, ""requestQueuePeak"": 11, ""startMs"": 44500}], ""originMs"": 1350375.2999999523}"
pc-b-bagAmsterdam-pressureBurst-proposed-r1-mtlibbb2,proposed,bagAmsterdam,pressureBurst,1,20260823,pc-b,pc,2.3.6,lan,pilot,full-pilot-v2.3.6-pressure-burst,none,none,none,none,,False,local,http://localhost:8088,localhost:8088,,,True,,9,9,0,0,0,0,0,75,0,0.0,16.80500000026077,16.899999999918975,7.283061729953121,42,85451.20000000997,4,0,6.310243102115601,74.0,0.011845676424841698,0.008243243244627546,,,,,16.800000000279397,16.899999999906868,0.00041684035014589413,10112.900000095367,153,0,"{""INTERACTING"": 28, ""PRESSURE"": 8, ""RECOVERY"": 4, ""STABLE"": 35}",154,107334558,107288358,True,4032.300000190735,16.800000000279397,2.0,62.0,33.40000000037253,0.0008336807002917883,"[{""binEndMs"": 20, ""binStartMs"": 0, ""count"": 2397}, {""binEndMs"": 33.33, ""binStartMs"": 20, ""count"": 1}, {""binEndMs"": 50, ""binStartMs"": 33.33, ""count"": 1}, {""binEndMs"": 66.67, ""binStartMs"": 50, ""count"": 0}, {""binEndMs"": null, ""binStartMs"": 66.67, ""count"": 0}]",24.0,16717812.0,40.0,6.0,42.0,42.0,31398516.0,42.0,9.0,42.0,42.0,31398516.0,42.0,10.0,42.0,"{""binMs"": 100, ""bins"": [{""encodedBodyBytes"": 257082, ""endMs"": 100, ""eventCount"": 8, ""startMs"": 0, ""transferBytes"": 259482}, {""encodedBodyBytes"": 9511052, ""endMs"": 14200, ""eventCount"": 13, ""startMs"": 14100, ""transferBytes"": 9514952}, {""encodedBodyBytes"": 9549748, ""endMs"": 16800, ""eventCount"": 15, ""startMs"": 16700, ""transferBytes"": 9554248}, {""encodedBodyBytes"": 15115128, ""endMs"": 18800, ""eventCount"": 21, ""startMs"": 18700, ""transferBytes"": 15121428}, {""encodedBodyBytes"": 16270788, ""endMs"": 18900, ""eventCount"": 21, ""startMs"": 18800, ""transferBytes"": 16277088}, {""encodedBodyBytes"": 5518384, ""endMs"": 24200, ""eventCount"": 13, ""startMs"": 24100, ""transferBytes"": 5522284}, {""encodedBodyBytes"": 13095548, ""endMs"": 24300, ""eventCount"": 12, ""startMs"": 24200, ""transferBytes"": 13099148}, {""encodedBodyBytes"": 16710612, ""endMs"": 27500, ""eventCount"": 24, ""startMs"": 27400, ""transferBytes"": 16717812}, {""encodedBodyBytes"": 8893768, ""endMs"": 34500, ""eventCount"": 10, ""startMs"": 34400, ""transferBytes"": 8896768}, {""encodedBodyBytes"": 5716496, ""endMs"": 37100, ""eventCount"": 6, ""startMs"": 37000, ""transferBytes"": 5718296}, {""encodedBodyBytes"": 6649752, ""endMs"": 44500, ""eventCount"": 11, ""startMs"": 44400, ""transferBytes"": 6653052}], ""originMs"": 3358631.7999999523}","{""binMs"": 100, ""bins"": [{""endMs"": 100, ""eventCount"": 7, ""startMs"": 0}, {""endMs"": 14200, ""eventCount"": 1, ""startMs"": 14100}, {""endMs"": 14300, ""eventCount"": 12, ""startMs"": 14200}, {""endMs"": 16800, ""eventCount"": 15, ""startMs"": 16700}, {""endMs"": 18900, ""eventCount"": 40, ""startMs"": 18800}, {""endMs"": 19000, ""eventCount"": 2, ""startMs"": 18900}, {""endMs"": 24300, ""eventCount"": 25, ""startMs"": 24200}, {""endMs"": 27500, ""eventCount"": 24, ""startMs"": 27400}, {""endMs"": 34600, ""eventCount"": 10, ""startMs"": 34500}, {""endMs"": 37100, ""eventCount"": 6, ""startMs"": 37000}, {""endMs"": 44500, ""eventCount"": 1, ""startMs"": 44400}, {""endMs"": 44600, ""eventCount"": 10, ""startMs"": 44500}], ""originMs"": 3358645}","{""binMs"": 100, ""bins"": [{""endMs"": 100, ""eventCount"": 3, ""requestQueuePeak"": 6, ""startMs"": 0}, {""endMs"": 14200, ""eventCount"": 3, ""requestQueuePeak"": 13, ""startMs"": 14100}, {""endMs"": 14300, ""eventCount"": 4, ""requestQueuePeak"": 13, ""startMs"": 14200}, {""endMs"": 16800, ""eventCount"": 5, ""requestQueuePeak"": 15, ""startMs"": 16700}, {""endMs"": 18800, ""eventCount"": 3, ""requestQueuePeak"": 42, ""startMs"": 18700}, {""endMs"": 18900, ""eventCount"": 4, ""requestQueuePeak"": 42, ""startMs"": 18800}, {""endMs"": 19000, ""eventCount"": 3, ""requestQueuePeak"": 11, ""startMs"": 18900}, {""endMs"": 24200, ""eventCount"": 4, ""requestQueuePeak"": 25, ""startMs"": 24100}, {""endMs"": 24300, ""eventCount"": 6, ""requestQueuePeak"": 19, ""startMs"": 24200}, {""endMs"": 27400, ""eventCount"": 1, ""requestQueuePeak"": 20, ""startMs"": 27300}, {""endMs"": 27500, ""eventCount"": 6, ""requestQueuePeak"": 24, ""startMs"": 27400}, {""endMs"": 27600, ""eventCount"": 1, ""requestQueuePeak"": 0, ""startMs"": 27500}, {""endMs"": 34200, ""eventCount"": 2, ""requestQueuePeak"": 10, ""startMs"": 34100}, {""endMs"": 34500, ""eventCount"": 2, ""requestQueuePeak"": 10, ""startMs"": 34400}, {""endMs"": 34600, ""eventCount"": 2, ""requestQueuePeak"": 7, ""startMs"": 34500}, {""endMs"": 37000, ""eventCount"": 1, ""requestQueuePeak"": 6, ""startMs"": 36900}, {""endMs"": 37100, ""eventCount"": 4, ""requestQueuePeak"": 6, ""startMs"": 37000}, {""endMs"": 44200, ""eventCount"": 2, ""requestQueuePeak"": 11, ""startMs"": 44100}, {""endMs"": 44500, ""eventCount"": 2, ""requestQueuePeak"": 11, ""startMs"": 44400}, {""endMs"": 44600, ""eventCount"": 4, ""requestQueuePeak"": 11, ""startMs"": 44500}], ""originMs"": 3358633.2999999523}","{""binMs"": 250, ""bins"": [{""encodedBodyBytes"": 257082, ""endMs"": 250, ""eventCount"": 8, ""startMs"": 0, ""transferBytes"": 259482}, {""encodedBodyBytes"": 9511052, ""endMs"": 14250, ""eventCount"": 13, ""startMs"": 14000, ""transferBytes"": 9514952}, {""encodedBodyBytes"": 9549748, ""endMs"": 16750, ""eventCount"": 15, ""startMs"": 16500, ""transferBytes"": 9554248}, {""encodedBodyBytes"": 31385916, ""endMs"": 19000, ""eventCount"": 42, ""startMs"": 18750, ""transferBytes"": 31398516}, {""encodedBodyBytes"": 18613932, ""endMs"": 24250, ""eventCount"": 25, ""startMs"": 24000, ""transferBytes"": 18621432}, {""encodedBodyBytes"": 16710612, ""endMs"": 27500, ""eventCount"": 24, ""startMs"": 27250, ""transferBytes"": 16717812}, {""encodedBodyBytes"": 8893768, ""endMs"": 34500, ""eventCount"": 10, ""startMs"": 34250, ""transferBytes"": 8896768}, {""encodedBodyBytes"": 5716496, ""endMs"": 37250, ""eventCount"": 6, ""startMs"": 37000, ""transferBytes"": 5718296}, {""encodedBodyBytes"": 6649752, ""endMs"": 44500, ""eventCount"": 11, ""startMs"": 44250, ""transferBytes"": 6653052}], ""originMs"": 3358631.7999999523}","{""binMs"": 250, ""bins"": [{""endMs"": 250, ""eventCount"": 7, ""startMs"": 0}, {""endMs"": 14250, ""eventCount"": 13, ""startMs"": 14000}, {""endMs"": 17000, ""eventCount"": 15, ""startMs"": 16750}, {""endMs"": 19000, ""eventCount"": 42, ""startMs"": 18750}, {""endMs"": 24250, ""eventCount"": 10, ""startMs"": 24000}, {""endMs"": 24500, ""eventCount"": 15, ""startMs"": 24250}, {""endMs"": 27500, ""eventCount"": 24, ""startMs"": 27250}, {""endMs"": 34750, ""eventCount"": 10, ""startMs"": 34500}, {""endMs"": 37250, ""eventCount"": 6, ""startMs"": 37000}, {""endMs"": 44500, ""eventCount"": 1, ""startMs"": 44250}, {""endMs"": 44750, ""eventCount"": 10, ""startMs"": 44500}], ""originMs"": 3358645}","{""binMs"": 250, ""bins"": [{""endMs"": 250, ""eventCount"": 3, ""requestQueuePeak"": 6, ""startMs"": 0}, {""endMs"": 14250, ""eventCount"": 7, ""requestQueuePeak"": 13, ""startMs"": 14000}, {""endMs"": 16750, ""eventCount"": 2, ""requestQueuePeak"": 15, ""startMs"": 16500}, {""endMs"": 17000, ""eventCount"": 3, ""requestQueuePeak"": 15, ""startMs"": 16750}, {""endMs"": 18750, ""eventCount"": 1, ""requestQueuePeak"": 20, ""startMs"": 18500}, {""endMs"": 19000, ""eventCount"": 9, ""requestQueuePeak"": 42, ""startMs"": 18750}, {""endMs"": 24250, ""eventCount"": 6, ""requestQueuePeak"": 25, ""startMs"": 24000}, {""endMs"": 24500, ""eventCount"": 4, ""requestQueuePeak"": 15, ""startMs"": 24250}, {""endMs"": 27500, ""eventCount"": 7, ""requestQueuePeak"": 24, ""startMs"": 27250}, {""endMs"": 27750, ""eventCount"": 1, ""requestQueuePeak"": 0, ""startMs"": 27500}, {""endMs"": 34250, ""eventCount"": 2, ""requestQueuePeak"": 10, ""startMs"": 34000}, {""endMs"": 34500, ""eventCount"": 2, ""requestQueuePeak"": 10, ""startMs"": 34250}, {""endMs"": 34750, ""eventCount"": 2, ""requestQueuePeak"": 7, ""startMs"": 34500}, {""endMs"": 37000, ""eventCount"": 1, ""requestQueuePeak"": 6, ""startMs"": 36750}, {""endMs"": 37250, ""eventCount"": 4, ""requestQueuePeak"": 6, ""startMs"": 37000}, {""endMs"": 44250, ""eventCount"": 2, ""requestQueuePeak"": 11, ""startMs"": 44000}, {""endMs"": 44500, ""eventCount"": 2, ""requestQueuePeak"": 11, ""startMs"": 44250}, {""endMs"": 44750, ""eventCount"": 4, ""requestQueuePeak"": 11, ""startMs"": 44500}], ""originMs"": 3358633.2999999523}","{""binMs"": 500, ""bins"": [{""encodedBodyBytes"": 257082, ""endMs"": 500, ""eventCount"": 8, ""startMs"": 0, ""transferBytes"": 259482}, {""encodedBodyBytes"": 9511052, ""endMs"": 14500, ""eventCount"": 13, ""startMs"": 14000, ""transferBytes"": 9514952}, {""encodedBodyBytes"": 9549748, ""endMs"": 17000, ""eventCount"": 15, ""startMs"": 16500, ""transferBytes"": 9554248}, {""encodedBodyBytes"": 31385916, ""endMs"": 19000, ""eventCount"": 42, ""startMs"": 18500, ""transferBytes"": 31398516}, {""encodedBodyBytes"": 18613932, ""endMs"": 24500, ""eventCount"": 25, ""startMs"": 24000, ""transferBytes"": 18621432}, {""encodedBodyBytes"": 16710612, ""endMs"": 27500, ""eventCount"": 24, ""startMs"": 27000, ""transferBytes"": 16717812}, {""encodedBodyBytes"": 8893768, ""endMs"": 34500, ""eventCount"": 10, ""startMs"": 34000, ""transferBytes"": 8896768}, {""encodedBodyBytes"": 5716496, ""endMs"": 37500, ""eventCount"": 6, ""startMs"": 37000, ""transferBytes"": 5718296}, {""encodedBodyBytes"": 6649752, ""endMs"": 44500, ""eventCount"": 11, ""startMs"": 44000, ""transferBytes"": 6653052}], ""originMs"": 3358631.7999999523}","{""binMs"": 500, ""bins"": [{""endMs"": 500, ""eventCount"": 7, ""startMs"": 0}, {""endMs"": 14500, ""eventCount"": 13, ""startMs"": 14000}, {""endMs"": 17000, ""eventCount"": 15, ""startMs"": 16500}, {""endMs"": 19000, ""eventCount"": 42, ""startMs"": 18500}, {""endMs"": 24500, ""eventCount"": 25, ""startMs"": 24000}, {""endMs"": 27500, ""eventCount"": 24, ""startMs"": 27000}, {""endMs"": 35000, ""eventCount"": 10, ""startMs"": 34500}, {""endMs"": 37500, ""eventCount"": 6, ""startMs"": 37000}, {""endMs"": 44500, ""eventCount"": 1, ""startMs"": 44000}, {""endMs"": 45000, ""eventCount"": 10, ""startMs"": 44500}], ""originMs"": 3358645}","{""binMs"": 500, ""bins"": [{""endMs"": 500, ""eventCount"": 3, ""requestQueuePeak"": 6, ""startMs"": 0}, {""endMs"": 14500, ""eventCount"": 7, ""requestQueuePeak"": 13, ""startMs"": 14000}, {""endMs"": 17000, ""eventCount"": 5, ""requestQueuePeak"": 15, ""startMs"": 16500}, {""endMs"": 19000, ""eventCount"": 10, ""requestQueuePeak"": 42, ""startMs"": 18500}, {""endMs"": 24500, ""eventCount"": 10, ""requestQueuePeak"": 25, ""startMs"": 24000}, {""endMs"": 27500, ""eventCount"": 7, ""requestQueuePeak"": 24, ""startMs"": 27000}, {""endMs"": 28000, ""eventCount"": 1, ""requestQueuePeak"": 0, ""startMs"": 27500}, {""endMs"": 34500, ""eventCount"": 4, ""requestQueuePeak"": 10, ""startMs"": 34000}, {""endMs"": 35000, ""eventCount"": 2, ""requestQueuePeak"": 7, ""startMs"": 34500}, {""endMs"": 37000, ""eventCount"": 1, ""requestQueuePeak"": 6, ""startMs"": 36500}, {""endMs"": 37500, ""eventCount"": 4, ""requestQueuePeak"": 6, ""startMs"": 37000}, {""endMs"": 44500, ""eventCount"": 4, ""requestQueuePeak"": 11, ""startMs"": 44000}, {""endMs"": 45000, ""eventCount"": 4, ""requestQueuePeak"": 11, ""startMs"": 44500}], ""originMs"": 3358633.2999999523}"
pc-b-bagAmsterdam-pressureBurst-proposed-r2-mtjq0ym6,proposed,bagAmsterdam,pressureBurst,2,20260824,pc-b,pc,2.3.6,lan,pilot,full-pilot-v2.3.6-pressure-burst,none,none,none,none,,False,unspecified,unknown,unknown,,,True,,33,33,0,0,0,0,0,76,0,0.0,16.82875000001077,16.900000000023283,13.372129449905552,39,301937.6000000014,2,0,3.122284263166931,75.0,0.011088760339004532,0.008066666661528832,,,,,16.800000000046566,16.900000000023283,0.0,10115.100000143051,52,0,"{""INTERACTING"": 28, ""PRESSURE"": 29, ""RECOVERY"": 2, ""STABLE"": 17}",71,28474762,28457962,True,4032.2999999523163,16.800000000046566,2.0,111.0,17.5,0.0,"[{""binEndMs"": 20, ""binStartMs"": 0, ""count"": 2401}, {""binEndMs"": 33.33, ""binStartMs"": 20, ""count"": 0}, {""binEndMs"": 50, ""binStartMs"": 33.33, ""count"": 0}, {""binEndMs"": 66.67, ""binStartMs"": 50, ""count"": 0}, {""binEndMs"": null, ""binStartMs"": 66.67, ""count"": 0}]",,,,,,,,,,,,,,,,,,,,,,,,
pc-b-bagAmsterdam-pressureBurst-proposed-r2-mtlig1qn,proposed,bagAmsterdam,pressureBurst,2,20260824,pc-b,pc,2.3.6,lan,pilot,full-pilot-v2.3.6-pressure-burst,none,none,none,none,,False,local,http://localhost:8088,localhost:8088,,,True,,10,10,0,0,0,0,0,76,0,0.0,16.899999999906868,17.0,7.25233829912517,42,97446.89999998733,4,0,6.252833315095888,75.0,0.023569136188249237,0.018733333312906192,,,,,16.800000000279397,16.90000000037253,0.00041684035014589413,10112.900000095367,153,0,"{""INTERACTING"": 28, ""PRESSURE"": 9, ""RECOVERY"": 4, ""STABLE"": 35}",154,107334558,107288358,True,4029.199999809265,16.800000000279397,2.0,58.0,33.39999999990687,0.0008336807002917883,"[{""binEndMs"": 20, ""binStartMs"": 0, ""count"": 2397}, {""binEndMs"": 33.33, ""binStartMs"": 20, ""count"": 1}, {""binEndMs"": 50, ""binStartMs"": 33.33, ""count"": 1}, {""binEndMs"": 66.67, ""binStartMs"": 50, ""count"": 0}, {""binEndMs"": null, ""binStartMs"": 66.67, ""count"": 0}]",35.0,27474492.0,31.0,6.0,42.0,29.0,22788548.0,42.0,7.0,42.0,42.0,31398516.0,42.0,10.0,42.0,"{""binMs"": 100, ""bins"": [{""encodedBodyBytes"": 257082, ""endMs"": 100, ""eventCount"": 8, ""startMs"": 0, ""transferBytes"": 259482}, {""encodedBodyBytes"": 8090540, ""endMs"": 14200, ""eventCount"": 12, ""startMs"": 14100, ""transferBytes"": 8094140}, {""encodedBodyBytes"": 9549748, ""endMs"": 16700, ""eventCount"": 15, ""startMs"": 16600, ""transferBytes"": 9554248}, {""encodedBodyBytes"": 3921924, ""endMs"": 18700, ""eventCount"": 7, ""startMs"": 18600, ""transferBytes"": 3924024}, {""encodedBodyBytes"": 27463992, ""endMs"": 18800, ""eventCount"": 35, ""startMs"": 18700, ""transferBytes"": 27474492}, {""encodedBodyBytes"": 8139832, ""endMs"": 24200, ""eventCount"": 15, ""startMs"": 24100, ""transferBytes"": 8144332}, {""encodedBodyBytes"": 11894612, ""endMs"": 24300, ""eventCount"": 11, ""startMs"": 24200, ""transferBytes"": 11897912}, {""encodedBodyBytes"": 18223692, ""endMs"": 27800, ""eventCount"": 26, ""startMs"": 27700, ""transferBytes"": 18231492}, {""encodedBodyBytes"": 8893768, ""endMs"": 34500, ""eventCount"": 10, ""startMs"": 34400, ""transferBytes"": 8896768}, {""encodedBodyBytes"": 4203416, ""endMs"": 36900, ""eventCount"": 4, ""startMs"": 36800, ""transferBytes"": 4204616}, {""encodedBodyBytes"": 4466252, ""endMs"": 44200, ""eventCount"": 8, ""startMs"": 44100, ""transferBytes"": 4468652}, {""encodedBodyBytes"": 2183500, ""endMs"": 44300, ""eventCount"": 3, ""startMs"": 44200, ""transferBytes"": 2184400}], ""originMs"": 3579496.7000000477}","{""binMs"": 100, ""bins"": [{""endMs"": 100, ""eventCount"": 7, ""startMs"": 0}, {""endMs"": 14300, ""eventCount"": 12, ""startMs"": 14200}, {""endMs"": 16800, ""eventCount"": 15, ""startMs"": 16700}, {""endMs"": 18800, ""eventCount"": 11, ""startMs"": 18700}, {""endMs"": 18900, ""eventCount"": 31, ""startMs"": 18800}, {""endMs"": 24300, ""eventCount"": 26, ""startMs"": 24200}, {""endMs"": 27900, ""eventCount"": 26, ""startMs"": 27800}, {""endMs"": 34600, ""eventCount"": 10, ""startMs"": 34500}, {""endMs"": 37000, ""eventCount"": 4, ""startMs"": 36900}, {""endMs"": 44200, ""eventCount"": 2, ""startMs"": 44100}, {""endMs"": 44300, ""eventCount"": 9, ""startMs"": 44200}], ""originMs"": 3579510.7000000477}","{""binMs"": 100, ""bins"": [{""endMs"": 100, ""eventCount"": 3, ""requestQueuePeak"": 6, ""startMs"": 0}, {""endMs"": 14200, ""eventCount"": 3, ""requestQueuePeak"": 12, ""startMs"": 14100}, {""endMs"": 14300, ""eventCount"": 2, ""requestQueuePeak"": 3, ""startMs"": 14200}, {""endMs"": 16700, ""eventCount"": 2, ""requestQueuePeak"": 15, ""startMs"": 16600}, {""endMs"": 16800, ""eventCount"": 5, ""requestQueuePeak"": 15, ""startMs"": 16700}, {""endMs"": 18700, ""eventCount"": 2, ""requestQueuePeak"": 38, ""startMs"": 18600}, {""endMs"": 18800, ""eventCount"": 3, ""requestQueuePeak"": 42, ""startMs"": 18700}, {""endMs"": 18900, ""eventCount"": 5, ""requestQueuePeak"": 31, ""startMs"": 18800}, {""endMs"": 24200, ""eventCount"": 3, ""requestQueuePeak"": 26, ""startMs"": 24100}, {""endMs"": 24300, ""eventCount"": 6, ""requestQueuePeak"": 26, ""startMs"": 24200}, {""endMs"": 27800, ""eventCount"": 3, ""requestQueuePeak"": 26, ""startMs"": 27700}, {""endMs"": 27900, ""eventCount"": 5, ""requestQueuePeak"": 26, ""startMs"": 27800}, {""endMs"": 34200, ""eventCount"": 2, ""requestQueuePeak"": 10, ""startMs"": 34100}, {""endMs"": 34500, ""eventCount"": 1, ""requestQueuePeak"": 10, ""startMs"": 34400}, {""endMs"": 34600, ""eventCount"": 3, ""requestQueuePeak"": 10, ""startMs"": 34500}, {""endMs"": 36900, ""eventCount"": 2, ""requestQueuePeak"": 4, ""startMs"": 36800}, {""endMs"": 37000, ""eventCount"": 1, ""requestQueuePeak"": 0, ""startMs"": 36900}, {""endMs"": 44200, ""eventCount"": 4, ""requestQueuePeak"": 11, ""startMs"": 44100}, {""endMs"": 44300, ""eventCount"": 3, ""requestQueuePeak"": 9, ""startMs"": 44200}], ""originMs"": 3579498.4000000954}","{""binMs"": 250, ""bins"": [{""encodedBodyBytes"": 257082, ""endMs"": 250, ""eventCount"": 8, ""startMs"": 0, ""transferBytes"": 259482}, {""encodedBodyBytes"": 8090540, ""endMs"": 14250, ""eventCount"": 12, ""startMs"": 14000, ""transferBytes"": 8094140}, {""encodedBodyBytes"": 9549748, ""endMs"": 16750, ""eventCount"": 15, ""startMs"": 16500, ""transferBytes"": 9554248}, {""encodedBodyBytes"": 22779848, ""endMs"": 18750, ""eventCount"": 29, ""startMs"": 18500, ""transferBytes"": 22788548}, {""encodedBodyBytes"": 8606068, ""endMs"": 19000, ""eventCount"": 13, ""startMs"": 18750, ""transferBytes"": 8609968}, {""encodedBodyBytes"": 20034444, ""endMs"": 24250, ""eventCount"": 26, ""startMs"": 24000, ""transferBytes"": 20042244}, {""encodedBodyBytes"": 18223692, ""endMs"": 28000, ""eventCount"": 26, ""startMs"": 27750, ""transferBytes"": 18231492}, {""encodedBodyBytes"": 8893768, ""endMs"": 34500, ""eventCount"": 10, ""startMs"": 34250, ""transferBytes"": 8896768}, {""encodedBodyBytes"": 4203416, ""endMs"": 37000, ""eventCount"": 4, ""startMs"": 36750, ""transferBytes"": 4204616}, {""encodedBodyBytes"": 6649752, ""endMs"": 44250, ""eventCount"": 11, ""startMs"": 44000, ""transferBytes"": 6653052}], ""originMs"": 3579496.7000000477}","{""binMs"": 250, ""bins"": [{""endMs"": 250, ""eventCount"": 7, ""startMs"": 0}, {""endMs"": 14250, ""eventCount"": 12, ""startMs"": 14000}, {""endMs"": 16750, ""eventCount"": 14, ""startMs"": 16500}, {""endMs"": 17000, ""eventCount"": 1, ""startMs"": 16750}, {""endMs"": 19000, ""eventCount"": 42, ""startMs"": 18750}, {""endMs"": 24250, ""eventCount"": 15, ""startMs"": 24000}, {""endMs"": 24500, ""eventCount"": 11, ""startMs"": 24250}, {""endMs"": 28000, ""eventCount"": 26, ""startMs"": 27750}, {""endMs"": 34750, ""eventCount"": 10, ""startMs"": 34500}, {""endMs"": 37000, ""eventCount"": 4, ""startMs"": 36750}, {""endMs"": 44250, ""eventCount"": 7, ""startMs"": 44000}, {""endMs"": 44500, ""eventCount"": 4, ""startMs"": 44250}], ""originMs"": 3579510.7000000477}","{""binMs"": 250, ""bins"": [{""endMs"": 250, ""eventCount"": 3, ""requestQueuePeak"": 6, ""startMs"": 0}, {""endMs"": 14250, ""eventCount"": 5, ""requestQueuePeak"": 12, ""startMs"": 14000}, {""endMs"": 16750, ""eventCount"": 6, ""requestQueuePeak"": 15, ""startMs"": 16500}, {""endMs"": 17000, ""eventCount"": 1, ""requestQueuePeak"": 0, ""startMs"": 16750}, {""endMs"": 18750, ""eventCount"": 4, ""requestQueuePeak"": 42, ""startMs"": 18500}, {""endMs"": 19000, ""eventCount"": 6, ""requestQueuePeak"": 35, ""startMs"": 18750}, {""endMs"": 24250, ""eventCount"": 6, ""requestQueuePeak"": 26, ""startMs"": 24000}, {""endMs"": 24500, ""eventCount"": 3, ""requestQueuePeak"": 11, ""startMs"": 24250}, {""endMs"": 27750, ""eventCount"": 1, ""requestQueuePeak"": 20, ""startMs"": 27500}, {""endMs"": 28000, ""eventCount"": 7, ""requestQueuePeak"": 26, ""startMs"": 27750}, {""endMs"": 34250, ""eventCount"": 2, ""requestQueuePeak"": 10, ""startMs"": 34000}, {""endMs"": 34500, ""eventCount"": 1, ""requestQueuePeak"": 10, ""startMs"": 34250}, {""endMs"": 34750, ""eventCount"": 3, ""requestQueuePeak"": 10, ""startMs"": 34500}, {""endMs"": 37000, ""eventCount"": 3, ""requestQueuePeak"": 4, ""startMs"": 36750}, {""endMs"": 44250, ""eventCount"": 6, ""requestQueuePeak"": 11, ""startMs"": 44000}, {""endMs"": 44500, ""eventCount"": 1, ""requestQueuePeak"": 0, ""startMs"": 44250}], ""originMs"": 3579498.4000000954}","{""binMs"": 500, ""bins"": [{""encodedBodyBytes"": 257082, ""endMs"": 500, ""eventCount"": 8, ""startMs"": 0, ""transferBytes"": 259482}, {""encodedBodyBytes"": 8090540, ""endMs"": 14500, ""eventCount"": 12, ""startMs"": 14000, ""transferBytes"": 8094140}, {""encodedBodyBytes"": 9549748, ""endMs"": 17000, ""eventCount"": 15, ""startMs"": 16500, ""transferBytes"": 9554248}, {""encodedBodyBytes"": 31385916, ""endMs"": 19000, ""eventCount"": 42, ""startMs"": 18500, ""transferBytes"": 31398516}, {""encodedBodyBytes"": 20034444, ""endMs"": 24500, ""eventCount"": 26, ""startMs"": 24000, ""transferBytes"": 20042244}, {""encodedBodyBytes"": 18223692, ""endMs"": 28000, ""eventCount"": 26, ""startMs"": 27500, ""transferBytes"": 18231492}, {""encodedBodyBytes"": 8893768, ""endMs"": 34500, ""eventCount"": 10, ""startMs"": 34000, ""transferBytes"": 8896768}, {""encodedBodyBytes"": 4203416, ""endMs"": 37000, ""eventCount"": 4, ""startMs"": 36500, ""transferBytes"": 4204616}, {""encodedBodyBytes"": 6649752, ""endMs"": 44500, ""eventCount"": 11, ""startMs"": 44000, ""transferBytes"": 6653052}], ""originMs"": 3579496.7000000477}","{""binMs"": 500, ""bins"": [{""endMs"": 500, ""eventCount"": 7, ""startMs"": 0}, {""endMs"": 14500, ""eventCount"": 12, ""startMs"": 14000}, {""endMs"": 17000, ""eventCount"": 15, ""startMs"": 16500}, {""endMs"": 19000, ""eventCount"": 42, ""startMs"": 18500}, {""endMs"": 24500, ""eventCount"": 26, ""startMs"": 24000}, {""endMs"": 28000, ""eventCount"": 26, ""startMs"": 27500}, {""endMs"": 35000, ""eventCount"": 10, ""startMs"": 34500}, {""endMs"": 37000, ""eventCount"": 4, ""startMs"": 36500}, {""endMs"": 44500, ""eventCount"": 11, ""startMs"": 44000}], ""originMs"": 3579510.7000000477}","{""binMs"": 500, ""bins"": [{""endMs"": 500, ""eventCount"": 3, ""requestQueuePeak"": 6, ""startMs"": 0}, {""endMs"": 14500, ""eventCount"": 5, ""requestQueuePeak"": 12, ""startMs"": 14000}, {""endMs"": 17000, ""eventCount"": 7, ""requestQueuePeak"": 15, ""startMs"": 16500}, {""endMs"": 19000, ""eventCount"": 10, ""requestQueuePeak"": 42, ""startMs"": 18500}, {""endMs"": 24500, ""eventCount"": 9, ""requestQueuePeak"": 26, ""startMs"": 24000}, {""endMs"": 28000, ""eventCount"": 8, ""requestQueuePeak"": 26, ""startMs"": 27500}, {""endMs"": 34500, ""eventCount"": 3, ""requestQueuePeak"": 10, ""startMs"": 34000}, {""endMs"": 35000, ""eventCount"": 3, ""requestQueuePeak"": 10, ""startMs"": 34500}, {""endMs"": 37000, ""eventCount"": 3, ""requestQueuePeak"": 4, ""startMs"": 36500}, {""endMs"": 44500, ""eventCount"": 7, ""requestQueuePeak"": 11, ""startMs"": 44000}], ""originMs"": 3579498.4000000954}"
pc-b-bagAmsterdam-pressureBurst-proposed-r3-mtjqe279,proposed,bagAmsterdam,pressureBurst,3,20260825,pc-b,pc,2.3.6,lan,pilot,full-pilot-v2.3.6-pressure-burst,none,none,none,none,,False,unspecified,unknown,unknown,,,True,,38,38,0,0,0,0,0,76,0,0.0,16.800000000046566,16.800000000046566,10.581604166666658,39,327112.0999999959,2,0,3.125,75.0,0.0,0.0,,,,,16.800000000046566,16.899999999906868,0.0,10109.0,115,0,"{""INTERACTING"": 28, ""PRESSURE"": 32, ""RECOVERY"": 2, ""STABLE"": 14}",142,78700478,78662678,True,4033.7000000476837,16.800000000046566,2.0,241.0,17.5,0.0,"[{""binEndMs"": 20, ""binStartMs"": 0, ""count"": 2401}, {""binEndMs"": 33.33, ""binStartMs"": 20, ""count"": 0}, {""binEndMs"": 50, ""binStartMs"": 33.33, ""count"": 0}, {""binEndMs"": 66.67, ""binStartMs"": 50, ""count"": 0}, {""binEndMs"": null, ""binStartMs"": 66.67, ""count"": 0}]",,,,,,,,,,,,,,,,,,,,,,,,
pc-b-bagAmsterdam-pressureBurst-proposed-r3-mtlit2fa,proposed,bagAmsterdam,pressureBurst,3,20260825,pc-b,pc,2.3.6,lan,pilot,full-pilot-v2.3.6-pressure-burst,none,none,none,none,,False,local,http://localhost:8088,localhost:8088,,,True,,10,10,0,0,0,0,0,76,0,0.0,16.825000000419095,16.90000000037253,7.255643222024388,42,87125.49999998137,4,0,6.239195143826447,75.0,0.005173318161075097,0.0026666668181618055,,,,,16.800000000745058,16.90000000037253,0.00041684035014589413,10127.900000095367,153,0,"{""INTERACTING"": 28, ""PRESSURE"": 9, ""RECOVERY"": 4, ""STABLE"": 35}",154,107334558,107288358,True,4031.5,16.899999999906868,2.0,58.0,33.40000000037253,0.0008336807002917883,"[{""binEndMs"": 20, ""binStartMs"": 0, ""count"": 2397}, {""binEndMs"": 33.33, ""binStartMs"": 20, ""count"": 1}, {""binEndMs"": 50, ""binStartMs"": 33.33, ""count"": 1}, {""binEndMs"": 66.67, ""binStartMs"": 50, ""count"": 0}, {""binEndMs"": null, ""binStartMs"": 66.67, ""count"": 0}]",35.0,25388044.0,36.0,7.0,42.0,29.0,20323428.0,42.0,8.0,42.0,42.0,31398516.0,42.0,10.0,42.0,"{""binMs"": 100, ""bins"": [{""encodedBodyBytes"": 257082, ""endMs"": 100, ""eventCount"": 8, ""startMs"": 0, ""transferBytes"": 259482}, {""encodedBodyBytes"": 8090540, ""endMs"": 14200, ""eventCount"": 12, ""startMs"": 14100, ""transferBytes"": 8094140}, {""encodedBodyBytes"": 9600952, ""endMs"": 16800, ""eventCount"": 16, ""startMs"": 16700, ""transferBytes"": 9605752}, {""encodedBodyBytes"": 25377544, ""endMs"": 18800, ""eventCount"": 35, ""startMs"": 18700, ""transferBytes"": 25388044}, {""encodedBodyBytes"": 6008372, ""endMs"": 18900, ""eventCount"": 7, ""startMs"": 18800, ""transferBytes"": 6010472}, {""encodedBodyBytes"": 4156124, ""endMs"": 24200, ""eventCount"": 7, ""startMs"": 24100, ""transferBytes"": 4158224}, {""encodedBodyBytes"": 15918356, ""endMs"": 24300, ""eventCount"": 20, ""startMs"": 24200, ""transferBytes"": 15924356}, {""encodedBodyBytes"": 20003724, ""endMs"": 27900, ""eventCount"": 27, ""startMs"": 27800, ""transferBytes"": 20011824}, {""encodedBodyBytes"": 8893768, ""endMs"": 34500, ""eventCount"": 10, ""startMs"": 34400, ""transferBytes"": 8896768}, {""encodedBodyBytes"": 2423384, ""endMs"": 37000, ""eventCount"": 3, ""startMs"": 36900, ""transferBytes"": 2424284}, {""encodedBodyBytes"": 1317252, ""endMs"": 44200, ""eventCount"": 1, ""startMs"": 44100, ""transferBytes"": 1317552}, {""encodedBodyBytes"": 5241260, ""endMs"": 44300, ""eventCount"": 8, ""startMs"": 44200, ""transferBytes"": 5243660}], ""originMs"": 4186928.600000143}","{""binMs"": 100, ""bins"": [{""endMs"": 100, ""eventCount"": 7, ""startMs"": 0}, {""endMs"": 14300, ""eventCount"": 12, ""startMs"": 14200}, {""endMs"": 16800, ""eventCount"": 16, ""startMs"": 16700}, {""endMs"": 18800, ""eventCount"": 6, ""startMs"": 18700}, {""endMs"": 18900, ""eventCount"": 36, ""startMs"": 18800}, {""endMs"": 24300, ""eventCount"": 27, ""startMs"": 24200}, {""endMs"": 27900, ""eventCount"": 17, ""startMs"": 27800}, {""endMs"": 28000, ""eventCount"": 10, ""startMs"": 27900}, {""endMs"": 34600, ""eventCount"": 10, ""startMs"": 34500}, {""endMs"": 37100, ""eventCount"": 3, ""startMs"": 37000}, {""endMs"": 44300, ""eventCount"": 9, ""startMs"": 44200}], ""originMs"": 4186941.5}","{""binMs"": 100, ""bins"": [{""endMs"": 100, ""eventCount"": 3, ""requestQueuePeak"": 6, ""startMs"": 0}, {""endMs"": 14200, ""eventCount"": 2, ""requestQueuePeak"": 12, ""startMs"": 14100}, {""endMs"": 14300, ""eventCount"": 3, ""requestQueuePeak"": 12, ""startMs"": 14200}, {""endMs"": 16700, ""eventCount"": 1, ""requestQueuePeak"": 16, ""startMs"": 16600}, {""endMs"": 16800, ""eventCount"": 6, ""requestQueuePeak"": 16, ""startMs"": 16700}, {""endMs"": 18800, ""eventCount"": 4, ""requestQueuePeak"": 42, ""startMs"": 18700}, {""endMs"": 18900, ""eventCount"": 6, ""requestQueuePeak"": 36, ""startMs"": 18800}, {""endMs"": 24200, ""eventCount"": 2, ""requestQueuePeak"": 7, ""startMs"": 24100}, {""endMs"": 24300, ""eventCount"": 7, ""requestQueuePeak"": 27, ""startMs"": 24200}, {""endMs"": 27900, ""eventCount"": 5, ""requestQueuePeak"": 27, ""startMs"": 27800}, {""endMs"": 28000, ""eventCount"": 3, ""requestQueuePeak"": 10, ""startMs"": 27900}, {""endMs"": 34200, ""eventCount"": 2, ""requestQueuePeak"": 10, ""startMs"": 34100}, {""endMs"": 34500, ""eventCount"": 2, ""requestQueuePeak"": 10, ""startMs"": 34400}, {""endMs"": 34600, ""eventCount"": 2, ""requestQueuePeak"": 7, ""startMs"": 34500}, {""endMs"": 37000, ""eventCount"": 2, ""requestQueuePeak"": 3, ""startMs"": 36900}, {""endMs"": 37100, ""eventCount"": 1, ""requestQueuePeak"": 0, ""startMs"": 37000}, {""endMs"": 44200, ""eventCount"": 3, ""requestQueuePeak"": 9, ""startMs"": 44100}, {""endMs"": 44300, ""eventCount"": 4, ""requestQueuePeak"": 9, ""startMs"": 44200}], ""originMs"": 4186931}","{""binMs"": 250, ""bins"": [{""encodedBodyBytes"": 257082, ""endMs"": 250, ""eventCount"": 8, ""startMs"": 0, ""transferBytes"": 259482}, {""encodedBodyBytes"": 8090540, ""endMs"": 14250, ""eventCount"": 12, ""startMs"": 14000, ""transferBytes"": 8094140}, {""encodedBodyBytes"": 9600952, ""endMs"": 16750, ""eventCount"": 16, ""startMs"": 16500, ""transferBytes"": 9605752}, {""encodedBodyBytes"": 11071188, ""endMs"": 18750, ""eventCount"": 13, ""startMs"": 18500, ""transferBytes"": 11075088}, {""encodedBodyBytes"": 20314728, ""endMs"": 19000, ""eventCount"": 29, ""startMs"": 18750, ""transferBytes"": 20323428}, {""encodedBodyBytes"": 20074480, ""endMs"": 24250, ""eventCount"": 27, ""startMs"": 24000, ""transferBytes"": 20082580}, {""encodedBodyBytes"": 20003724, ""endMs"": 28000, ""eventCount"": 27, ""startMs"": 27750, ""transferBytes"": 20011824}, {""encodedBodyBytes"": 8893768, ""endMs"": 34500, ""eventCount"": 10, ""startMs"": 34250, ""transferBytes"": 8896768}, {""encodedBodyBytes"": 2423384, ""endMs"": 37000, ""eventCount"": 3, ""startMs"": 36750, ""transferBytes"": 2424284}, {""encodedBodyBytes"": 6558512, ""endMs"": 44250, ""eventCount"": 9, ""startMs"": 44000, ""transferBytes"": 6561212}], ""originMs"": 4186928.600000143}","{""binMs"": 250, ""bins"": [{""endMs"": 250, ""eventCount"": 7, ""startMs"": 0}, {""endMs"": 14250, ""eventCount"": 12, ""startMs"": 14000}, {""endMs"": 16750, ""eventCount"": 4, ""startMs"": 16500}, {""endMs"": 17000, ""eventCount"": 12, ""startMs"": 16750}, {""endMs"": 19000, ""eventCount"": 42, ""startMs"": 18750}, {""endMs"": 24250, ""eventCount"": 7, ""startMs"": 24000}, {""endMs"": 24500, ""eventCount"": 20, ""startMs"": 24250}, {""endMs"": 28000, ""eventCount"": 27, ""startMs"": 27750}, {""endMs"": 34750, ""eventCount"": 10, ""startMs"": 34500}, {""endMs"": 37250, ""eventCount"": 3, ""startMs"": 37000}, {""endMs"": 44250, ""eventCount"": 1, ""startMs"": 44000}, {""endMs"": 44500, ""eventCount"": 8, ""startMs"": 44250}], ""originMs"": 4186941.5}","{""binMs"": 250, ""bins"": [{""endMs"": 250, ""eventCount"": 3, ""requestQueuePeak"": 6, ""startMs"": 0}, {""endMs"": 14250, ""eventCount"": 5, ""requestQueuePeak"": 12, ""startMs"": 14000}, {""endMs"": 16750, ""eventCount"": 3, ""requestQueuePeak"": 16, ""startMs"": 16500}, {""endMs"": 17000, ""eventCount"": 4, ""requestQueuePeak"": 16, ""startMs"": 16750}, {""endMs"": 18750, ""eventCount"": 2, ""requestQueuePeak"": 38, ""startMs"": 18500}, {""endMs"": 19000, ""eventCount"": 8, ""requestQueuePeak"": 42, ""startMs"": 18750}, {""endMs"": 24250, ""eventCount"": 5, ""requestQueuePeak"": 27, ""startMs"": 24000}, {""endMs"": 24500, ""eventCount"": 4, ""requestQueuePeak"": 20, ""startMs"": 24250}, {""endMs"": 28000, ""eventCount"": 8, ""requestQueuePeak"": 27, ""startMs"": 27750}, {""endMs"": 34250, ""eventCount"": 2, ""requestQueuePeak"": 10, ""startMs"": 34000}, {""endMs"": 34500, ""eventCount"": 2, ""requestQueuePeak"": 10, ""startMs"": 34250}, {""endMs"": 34750, ""eventCount"": 2, ""requestQueuePeak"": 7, ""startMs"": 34500}, {""endMs"": 37000, ""eventCount"": 2, ""requestQueuePeak"": 3, ""startMs"": 36750}, {""endMs"": 37250, ""eventCount"": 1, ""requestQueuePeak"": 0, ""startMs"": 37000}, {""endMs"": 44250, ""eventCount"": 5, ""requestQueuePeak"": 9, ""startMs"": 44000}, {""endMs"": 44500, ""eventCount"": 2, ""requestQueuePeak"": 6, ""startMs"": 44250}], ""originMs"": 4186931}","{""binMs"": 500, ""bins"": [{""encodedBodyBytes"": 257082, ""endMs"": 500, ""eventCount"": 8, ""startMs"": 0, ""transferBytes"": 259482}, {""encodedBodyBytes"": 8090540, ""endMs"": 14500, ""eventCount"": 12, ""startMs"": 14000, ""transferBytes"": 8094140}, {""encodedBodyBytes"": 9600952, ""endMs"": 17000, ""eventCount"": 16, ""startMs"": 16500, ""transferBytes"": 9605752}, {""encodedBodyBytes"": 31385916, ""endMs"": 19000, ""eventCount"": 42, ""startMs"": 18500, ""transferBytes"": 31398516}, {""encodedBodyBytes"": 20074480, ""endMs"": 24500, ""eventCount"": 27, ""startMs"": 24000, ""transferBytes"": 20082580}, {""encodedBodyBytes"": 20003724, ""endMs"": 28000, ""eventCount"": 27, ""startMs"": 27500, ""transferBytes"": 20011824}, {""encodedBodyBytes"": 8893768, ""endMs"": 34500, ""eventCount"": 10, ""startMs"": 34000, ""transferBytes"": 8896768}, {""encodedBodyBytes"": 2423384, ""endMs"": 37000, ""eventCount"": 3, ""startMs"": 36500, ""transferBytes"": 2424284}, {""encodedBodyBytes"": 6558512, ""endMs"": 44500, ""eventCount"": 9, ""startMs"": 44000, ""transferBytes"": 6561212}], ""originMs"": 4186928.600000143}","{""binMs"": 500, ""bins"": [{""endMs"": 500, ""eventCount"": 7, ""startMs"": 0}, {""endMs"": 14500, ""eventCount"": 12, ""startMs"": 14000}, {""endMs"": 17000, ""eventCount"": 16, ""startMs"": 16500}, {""endMs"": 19000, ""eventCount"": 42, ""startMs"": 18500}, {""endMs"": 24500, ""eventCount"": 27, ""startMs"": 24000}, {""endMs"": 28000, ""eventCount"": 27, ""startMs"": 27500}, {""endMs"": 35000, ""eventCount"": 10, ""startMs"": 34500}, {""endMs"": 37500, ""eventCount"": 3, ""startMs"": 37000}, {""endMs"": 44500, ""eventCount"": 9, ""startMs"": 44000}], ""originMs"": 4186941.5}","{""binMs"": 500, ""bins"": [{""endMs"": 500, ""eventCount"": 3, ""requestQueuePeak"": 6, ""startMs"": 0}, {""endMs"": 14500, ""eventCount"": 5, ""requestQueuePeak"": 12, ""startMs"": 14000}, {""endMs"": 17000, ""eventCount"": 7, ""requestQueuePeak"": 16, ""startMs"": 16500}, {""endMs"": 19000, ""eventCount"": 10, ""requestQueuePeak"": 42, ""startMs"": 18500}, {""endMs"": 24500, ""eventCount"": 9, ""requestQueuePeak"": 27, ""startMs"": 24000}, {""endMs"": 28000, ""eventCount"": 8, ""requestQueuePeak"": 27, ""startMs"": 27500}, {""endMs"": 34500, ""eventCount"": 4, ""requestQueuePeak"": 10, ""startMs"": 34000}, {""endMs"": 35000, ""eventCount"": 2, ""requestQueuePeak"": 7, ""startMs"": 34500}, {""endMs"": 37000, ""eventCount"": 2, ""requestQueuePeak"": 3, ""startMs"": 36500}, {""endMs"": 37500, ""eventCount"": 1, ""requestQueuePeak"": 0, ""startMs"": 37000}, {""endMs"": 44500, ""eventCount"": 7, ""requestQueuePeak"": 9, ""startMs"": 44000}], ""originMs"": 4186931}"
pc-b-bagAmsterdam-pressureBurst-proposed-r4-mtjqgfh2,proposed,bagAmsterdam,pressureBurst,4,20260826,pc-b,pc,2.3.6,lan,pilot,full-pilot-v2.3.6-pressure-burst,none,none,none,none,,False,unspecified,unknown,unknown,,,True,,36,36,0,0,0,0,0,76,0,0.0,16.800000000046566,16.80125000004482,10.574637690594924,40,313963.80000000517,2,0,3.125040690633993,75.0,0.00016666666643440445,6.666666657352493e-05,,,,,16.800000000046566,17.0,0.0,10113.900000095367,117,0,"{""INTERACTING"": 28, ""PRESSURE"": 31, ""RECOVERY"": 2, ""STABLE"": 15}",150,80724474,80686674,True,4032.9000000953674,16.899999999906868,2.0,234.0,17.9000000001397,0.0,"[{""binEndMs"": 20, ""binStartMs"": 0, ""count"": 2401}, {""binEndMs"": 33.33, ""binStartMs"": 20, ""count"": 0}, {""binEndMs"": 50, ""binStartMs"": 33.33, ""count"": 0}, {""binEndMs"": 66.67, ""binStartMs"": 50, ""count"": 0}, {""binEndMs"": null, ""binStartMs"": 66.67, ""count"": 0}]",,,,,,,,,,,,,,,,,,,,,,,,
pc-b-bagAmsterdam-pressureBurst-proposed-r4-mtlivfnb,proposed,bagAmsterdam,pressureBurst,4,20260826,pc-b,pc,2.3.6,lan,pilot,full-pilot-v2.3.6-pressure-burst,none,none,none,none,,False,local,http://localhost:8088,localhost:8088,,,True,,10,10,0,0,0,0,0,76,0,0.0,16.90000000037253,16.90000000037253,7.255426637471793,42,82129.19999999646,4,0,6.233782425408837,75.0,0.01726463137561571,0.012000000054637592,,,,,16.800000000745058,16.90000000037253,0.0008340283569641367,10113.700000047684,155,0,"{""INTERACTING"": 28, ""PRESSURE"": 9, ""RECOVERY"": 4, ""STABLE"": 35}",156,108207174,108160374,True,4032.399999856949,16.899999999441206,2.0,59.0,33.40000000037253,0.0012510425354462051,"[{""binEndMs"": 20, ""binStartMs"": 0, ""count"": 2395}, {""binEndMs"": 33.33, ""binStartMs"": 20, ""count"": 1}, {""binEndMs"": 50, ""binStartMs"": 33.33, ""count"": 2}, {""binEndMs"": 66.67, ""binStartMs"": 50, ""count"": 0}, {""binEndMs"": null, ""binStartMs"": 66.67, ""count"": 0}]",38.0,28240432.0,37.0,7.0,42.0,28.0,20629756.0,42.0,8.0,42.0,42.0,31398516.0,42.0,10.0,42.0,"{""binMs"": 100, ""bins"": [{""encodedBodyBytes"": 257082, ""endMs"": 100, ""eventCount"": 8, ""startMs"": 0, ""transferBytes"": 259482}, {""encodedBodyBytes"": 8090540, ""endMs"": 14200, ""eventCount"": 12, ""startMs"": 14100, ""transferBytes"": 8094140}, {""encodedBodyBytes"": 9938140, ""endMs"": 16700, ""eventCount"": 17, ""startMs"": 16600, ""transferBytes"": 9943240}, {""encodedBodyBytes"": 28229032, ""endMs"": 18800, ""eventCount"": 38, ""startMs"": 18700, ""transferBytes"": 28240432}, {""encodedBodyBytes"": 3156884, ""endMs"": 18900, ""eventCount"": 4, ""startMs"": 18800, ""transferBytes"": 3158084}, {""encodedBodyBytes"": 5770788, ""endMs"": 24200, ""eventCount"": 12, ""startMs"": 24100, ""transferBytes"": 5774388}, {""encodedBodyBytes"": 14850568, ""endMs"": 24300, ""eventCount"": 16, ""startMs"": 24200, ""transferBytes"": 14855368}, {""encodedBodyBytes"": 20584356, ""endMs"": 27900, ""eventCount"": 28, ""startMs"": 27800, ""transferBytes"": 20592756}, {""encodedBodyBytes"": 9428596, ""endMs"": 34500, ""eventCount"": 11, ""startMs"": 34400, ""transferBytes"": 9431896}, {""encodedBodyBytes"": 1842752, ""endMs"": 37000, ""eventCount"": 2, ""startMs"": 36900, ""transferBytes"": 1843352}, {""encodedBodyBytes"": 6011636, ""endMs"": 44500, ""eventCount"": 8, ""startMs"": 44400, ""transferBytes"": 6014036}], ""originMs"": 4297377}","{""binMs"": 100, ""bins"": [{""endMs"": 100, ""eventCount"": 7, ""startMs"": 0}, {""endMs"": 14300, ""eventCount"": 12, ""startMs"": 14200}, {""endMs"": 16800, ""eventCount"": 17, ""startMs"": 16700}, {""endMs"": 18800, ""eventCount"": 5, ""startMs"": 18700}, {""endMs"": 18900, ""eventCount"": 37, ""startMs"": 18800}, {""endMs"": 24300, ""eventCount"": 28, ""startMs"": 24200}, {""endMs"": 28000, ""eventCount"": 28, ""startMs"": 27900}, {""endMs"": 34600, ""eventCount"": 11, ""startMs"": 34500}, {""endMs"": 37000, ""eventCount"": 2, ""startMs"": 36900}, {""endMs"": 44600, ""eventCount"": 8, ""startMs"": 44500}], ""originMs"": 4297390.900000095}","{""binMs"": 100, ""bins"": [{""endMs"": 100, ""eventCount"": 4, ""requestQueuePeak"": 6, ""startMs"": 0}, {""endMs"": 14200, ""eventCount"": 3, ""requestQueuePeak"": 12, ""startMs"": 14100}, {""endMs"": 14300, ""eventCount"": 2, ""requestQueuePeak"": 5, ""startMs"": 14200}, {""endMs"": 16700, ""eventCount"": 2, ""requestQueuePeak"": 17, ""startMs"": 16600}, {""endMs"": 16800, ""eventCount"": 5, ""requestQueuePeak"": 17, ""startMs"": 16700}, {""endMs"": 18800, ""eventCount"": 4, ""requestQueuePeak"": 42, ""startMs"": 18700}, {""endMs"": 18900, ""eventCount"": 6, ""requestQueuePeak"": 37, ""startMs"": 18800}, {""endMs"": 24200, ""eventCount"": 3, ""requestQueuePeak"": 27, ""startMs"": 24100}, {""endMs"": 24300, ""eventCount"": 7, ""requestQueuePeak"": 28, ""startMs"": 24200}, {""endMs"": 27900, ""eventCount"": 3, ""requestQueuePeak"": 28, ""startMs"": 27800}, {""endMs"": 28000, ""eventCount"": 5, ""requestQueuePeak"": 28, ""startMs"": 27900}, {""endMs"": 34200, ""eventCount"": 2, ""requestQueuePeak"": 11, ""startMs"": 34100}, {""endMs"": 34500, ""eventCount"": 1, ""requestQueuePeak"": 11, ""startMs"": 34400}, {""endMs"": 34600, ""eventCount"": 3, ""requestQueuePeak"": 11, ""startMs"": 34500}, {""endMs"": 37000, ""eventCount"": 2, ""requestQueuePeak"": 2, ""startMs"": 36900}, {""endMs"": 37100, ""eventCount"": 1, ""requestQueuePeak"": 0, ""startMs"": 37000}, {""endMs"": 44200, ""eventCount"": 2, ""requestQueuePeak"": 8, ""startMs"": 44100}, {""endMs"": 44500, ""eventCount"": 1, ""requestQueuePeak"": 8, ""startMs"": 44400}, {""endMs"": 44600, ""eventCount"": 3, ""requestQueuePeak"": 8, ""startMs"": 44500}], ""originMs"": 4297378.299999952}","{""binMs"": 250, ""bins"": [{""encodedBodyBytes"": 257082, ""endMs"": 250, ""eventCount"": 8, ""startMs"": 0, ""transferBytes"": 259482}, {""encodedBodyBytes"": 8090540, ""endMs"": 14250, ""eventCount"": 12, ""startMs"": 14000, ""transferBytes"": 8094140}, {""encodedBodyBytes"": 9938140, ""endMs"": 16750, ""eventCount"": 17, ""startMs"": 16500, ""transferBytes"": 9943240}, {""encodedBodyBytes"": 11620504, ""endMs"": 18750, ""eventCount"": 15, ""startMs"": 18500, ""transferBytes"": 11625004}, {""encodedBodyBytes"": 19765412, ""endMs"": 19000, ""eventCount"": 27, ""startMs"": 18750, ""transferBytes"": 19773512}, {""encodedBodyBytes"": 20621356, ""endMs"": 24250, ""eventCount"": 28, ""startMs"": 24000, ""transferBytes"": 20629756}, {""encodedBodyBytes"": 20584356, ""endMs"": 28000, ""eventCount"": 28, ""startMs"": 27750, ""transferBytes"": 20592756}, {""encodedBodyBytes"": 9428596, ""endMs"": 34500, ""eventCount"": 11, ""startMs"": 34250, ""transferBytes"": 9431896}, {""encodedBodyBytes"": 1842752, ""endMs"": 37000, ""eventCount"": 2, ""startMs"": 36750, ""transferBytes"": 1843352}, {""encodedBodyBytes"": 6011636, ""endMs"": 44500, ""eventCount"": 8, ""startMs"": 44250, ""transferBytes"": 6014036}], ""originMs"": 4297377}","{""binMs"": 250, ""bins"": [{""endMs"": 250, ""eventCount"": 7, ""startMs"": 0}, {""endMs"": 14250, ""eventCount"": 12, ""startMs"": 14000}, {""endMs"": 16750, ""eventCount"": 16, ""startMs"": 16500}, {""endMs"": 17000, ""eventCount"": 1, ""startMs"": 16750}, {""endMs"": 19000, ""eventCount"": 42, ""startMs"": 18750}, {""endMs"": 24250, ""eventCount"": 11, ""startMs"": 24000}, {""endMs"": 24500, ""eventCount"": 17, ""startMs"": 24250}, {""endMs"": 28000, ""eventCount"": 28, ""startMs"": 27750}, {""endMs"": 34750, ""eventCount"": 11, ""startMs"": 34500}, {""endMs"": 37000, ""eventCount"": 2, ""startMs"": 36750}, {""endMs"": 44750, ""eventCount"": 8, ""startMs"": 44500}], ""originMs"": 4297390.900000095}","{""binMs"": 250, ""bins"": [{""endMs"": 250, ""eventCount"": 4, ""requestQueuePeak"": 6, ""startMs"": 0}, {""endMs"": 14250, ""eventCount"": 5, ""requestQueuePeak"": 12, ""startMs"": 14000}, {""endMs"": 16750, ""eventCount"": 6, ""requestQueuePeak"": 17, ""startMs"": 16500}, {""endMs"": 17000, ""eventCount"": 1, ""requestQueuePeak"": 0, ""startMs"": 16750}, {""endMs"": 18750, ""eventCount"": 2, ""requestQueuePeak"": 38, ""startMs"": 18500}, {""endMs"": 19000, ""eventCount"": 8, ""requestQueuePeak"": 42, ""startMs"": 18750}, {""endMs"": 24250, ""eventCount"": 6, ""requestQueuePeak"": 28, ""startMs"": 24000}, {""endMs"": 24500, ""eventCount"": 4, ""requestQueuePeak"": 17, ""startMs"": 24250}, {""endMs"": 28000, ""eventCount"": 8, ""requestQueuePeak"": 28, ""startMs"": 27750}, {""endMs"": 34250, ""eventCount"": 2, ""requestQueuePeak"": 11, ""startMs"": 34000}, {""endMs"": 34500, ""eventCount"": 1, ""requestQueuePeak"": 11, ""startMs"": 34250}, {""endMs"": 34750, ""eventCount"": 3, ""requestQueuePeak"": 11, ""startMs"": 34500}, {""endMs"": 37000, ""eventCount"": 2, ""requestQueuePeak"": 2, ""startMs"": 36750}, {""endMs"": 37250, ""eventCount"": 1, ""requestQueuePeak"": 0, ""startMs"": 37000}, {""endMs"": 44250, ""eventCount"": 2, ""requestQueuePeak"": 8, ""startMs"": 44000}, {""endMs"": 44500, ""eventCount"": 1, ""requestQueuePeak"": 8, ""startMs"": 44250}, {""endMs"": 44750, ""eventCount"": 3, ""requestQueuePeak"": 8, ""startMs"": 44500}], ""originMs"": 4297378.299999952}","{""binMs"": 500, ""bins"": [{""encodedBodyBytes"": 257082, ""endMs"": 500, ""eventCount"": 8, ""startMs"": 0, ""transferBytes"": 259482}, {""encodedBodyBytes"": 8090540, ""endMs"": 14500, ""eventCount"": 12, ""startMs"": 14000, ""transferBytes"": 8094140}, {""encodedBodyBytes"": 9938140, ""endMs"": 17000, ""eventCount"": 17, ""startMs"": 16500, ""transferBytes"": 9943240}, {""encodedBodyBytes"": 31385916, ""endMs"": 19000, ""eventCount"": 42, ""startMs"": 18500, ""transferBytes"": 31398516}, {""encodedBodyBytes"": 20621356, ""endMs"": 24500, ""eventCount"": 28, ""startMs"": 24000, ""transferBytes"": 20629756}, {""encodedBodyBytes"": 20584356, ""endMs"": 28000, ""eventCount"": 28, ""startMs"": 27500, ""transferBytes"": 20592756}, {""encodedBodyBytes"": 9428596, ""endMs"": 34500, ""eventCount"": 11, ""startMs"": 34000, ""transferBytes"": 9431896}, {""encodedBodyBytes"": 1842752, ""endMs"": 37000, ""eventCount"": 2, ""startMs"": 36500, ""transferBytes"": 1843352}, {""encodedBodyBytes"": 6011636, ""endMs"": 44500, ""eventCount"": 8, ""startMs"": 44000, ""transferBytes"": 6014036}], ""originMs"": 4297377}","{""binMs"": 500, ""bins"": [{""endMs"": 500, ""eventCount"": 7, ""startMs"": 0}, {""endMs"": 14500, ""eventCount"": 12, ""startMs"": 14000}, {""endMs"": 17000, ""eventCount"": 17, ""startMs"": 16500}, {""endMs"": 19000, ""eventCount"": 42, ""startMs"": 18500}, {""endMs"": 24500, ""eventCount"": 28, ""startMs"": 24000}, {""endMs"": 28000, ""eventCount"": 28, ""startMs"": 27500}, {""endMs"": 35000, ""eventCount"": 11, ""startMs"": 34500}, {""endMs"": 37000, ""eventCount"": 2, ""startMs"": 36500}, {""endMs"": 45000, ""eventCount"": 8, ""startMs"": 44500}], ""originMs"": 4297390.900000095}","{""binMs"": 500, ""bins"": [{""endMs"": 500, ""eventCount"": 4, ""requestQueuePeak"": 6, ""startMs"": 0}, {""endMs"": 14500, ""eventCount"": 5, ""requestQueuePeak"": 12, ""startMs"": 14000}, {""endMs"": 17000, ""eventCount"": 7, ""requestQueuePeak"": 17, ""startMs"": 16500}, {""endMs"": 19000, ""eventCount"": 10, ""requestQueuePeak"": 42, ""startMs"": 18500}, {""endMs"": 24500, ""eventCount"": 10, ""requestQueuePeak"": 28, ""startMs"": 24000}, {""endMs"": 28000, ""eventCount"": 8, ""requestQueuePeak"": 28, ""startMs"": 27500}, {""endMs"": 34500, ""eventCount"": 3, ""requestQueuePeak"": 11, ""startMs"": 34000}, {""endMs"": 35000, ""eventCount"": 3, ""requestQueuePeak"": 11, ""startMs"": 34500}, {""endMs"": 37000, ""eventCount"": 2, ""requestQueuePeak"": 2, ""startMs"": 36500}, {""endMs"": 37500, ""eventCount"": 1, ""requestQueuePeak"": 0, ""startMs"": 37000}, {""endMs"": 44500, ""eventCount"": 3, ""requestQueuePeak"": 8, ""startMs"": 44000}, {""endMs"": 45000, ""eventCount"": 3, ""requestQueuePeak"": 8, ""startMs"": 44500}], ""originMs"": 4297378.299999952}"
pc-b-bagAmsterdam-pressureBurst-reactive-r1-mtjpttgv,reactive,bagAmsterdam,pressureBurst,1,20260823,pc-b,pc,2.3.6,lan,pilot,full-pilot-v2.3.6-pressure-burst,none,none,none,none,,False,unspecified,unknown,unknown,,,True,,0,0,0,0,0,0,0,75,0,0.0,16.818000000031898,16.90000000000821,5.530249727870765,40,580284.3000000012,4,0,6.310243102115505,74.0,0.0027027027140688804,0.0027027027140688804,,,,,16.800000000046566,17.0,0.0008442380751371887,10945.299999952316,158,0,"{""INTERACTING"": 28, ""RECOVERY"": 15, ""STABLE"": 32}",203,108753942,108702042,True,4031.5,16.79999999998836,2.0,333.0,449.80000000004657,0.0008442380751371887,"[{""binEndMs"": 20, ""binStartMs"": 0, ""count"": 2367}, {""binEndMs"": 33.33, ""binStartMs"": 20, ""count"": 0}, {""binEndMs"": 50, ""binStartMs"": 33.33, ""count"": 0}, {""binEndMs"": 66.67, ""binStartMs"": 50, ""count"": 0}, {""binEndMs"": null, ""binStartMs"": 66.67, ""count"": 2}]",,,,,,,,,,,,,,,,,,,,,,,,
pc-b-bagAmsterdam-pressureBurst-reactive-r1-mtlh1wip,reactive,bagAmsterdam,pressureBurst,1,20260823,pc-b,pc,2.3.6,lan,pilot,request-peak-probe-v2.3.6-pressure-burst,none,none,none,none,,False,local,http://localhost:8088,localhost:8088,,,True,,0,0,0,0,0,0,0,75,0,0.0,16.899999999906868,16.899999999967402,5.52277517980404,49,95195.10000000102,4,0,6.315839335573709,74.0,0.009999999992322805,0.009999999992322805,,,,,16.800000000046566,16.9000000001397,0.00041736227045075126,10126.700000047684,170,0,"{""INTERACTING"": 28, ""RECOVERY"": 15, ""STABLE"": 32}",171,121231282,121179982,True,4032.800000190735,16.899999999906868,2.0,62.0,33.39999999990687,0.002086811352253756,"[{""binEndMs"": 20, ""binStartMs"": 0, ""count"": 2391}, {""binEndMs"": 33.33, ""binStartMs"": 20, ""count"": 4}, {""binEndMs"": 50, ""binStartMs"": 33.33, ""count"": 1}, {""binEndMs"": 66.67, ""binStartMs"": 50, ""count"": 0}, {""binEndMs"": null, ""binStartMs"": 66.67, ""count"": 0}]",29.0,25387912.0,36.0,6.0,49.0,50.0,41510748.0,50.0,10.0,49.0,50.0,41510748.0,50.0,11.0,49.0,"{""binMs"": 100, ""bins"": [{""encodedBodyBytes"": 257082, ""endMs"": 100, ""eventCount"": 8, ""startMs"": 0, ""transferBytes"": 259482}, {""encodedBodyBytes"": 5070152, ""endMs"": 14200, ""eventCount"": 9, ""startMs"": 14100, ""transferBytes"": 5072852}, {""encodedBodyBytes"": 4440900, ""endMs"": 14300, ""eventCount"": 4, ""startMs"": 14200, ""transferBytes"": 4442100}, {""encodedBodyBytes"": 9549748, ""endMs"": 15300, ""eventCount"": 15, ""startMs"": 15200, ""transferBytes"": 9554248}, {""encodedBodyBytes"": 16368976, ""endMs"": 16800, ""eventCount"": 22, ""startMs"": 16700, ""transferBytes"": 16375576}, {""encodedBodyBytes"": 15016940, ""endMs"": 16900, ""eventCount"": 20, ""startMs"": 16800, ""transferBytes"": 15022940}, {""encodedBodyBytes"": 16116536, ""endMs"": 18300, ""eventCount"": 21, ""startMs"": 18200, ""transferBytes"": 16122836}, {""encodedBodyBytes"": 25379212, ""endMs"": 18400, ""eventCount"": 29, ""startMs"": 18300, ""transferBytes"": 25387912}, {""encodedBodyBytes"": 2316704, ""endMs"": 19800, ""eventCount"": 4, ""startMs"": 19700, ""transferBytes"": 2317904}, {""encodedBodyBytes"": 10789908, ""endMs"": 19900, ""eventCount"": 11, ""startMs"": 19800, ""transferBytes"": 10793208}, {""encodedBodyBytes"": 2735612, ""endMs"": 24200, ""eventCount"": 6, ""startMs"": 24100, ""transferBytes"": 2737412}, {""encodedBodyBytes"": 3397804, ""endMs"": 24300, ""eventCount"": 9, ""startMs"": 24200, ""transferBytes"": 3400504}, {""encodedBodyBytes"": 5529972, ""endMs"": 34500, ""eventCount"": 9, ""startMs"": 34400, ""transferBytes"": 5532672}, {""encodedBodyBytes"": 2841980, ""endMs"": 34600, ""eventCount"": 2, ""startMs"": 34500, ""transferBytes"": 2842580}, {""encodedBodyBytes"": 1368456, ""endMs"": 44200, ""eventCount"": 2, ""startMs"": 44100, ""transferBytes"": 1369056}], ""originMs"": 1239941.4000000954}","{""binMs"": 100, ""bins"": [{""endMs"": 100, ""eventCount"": 7, ""startMs"": 0}, {""endMs"": 14300, ""eventCount"": 13, ""startMs"": 14200}, {""endMs"": 15300, ""eventCount"": 15, ""startMs"": 15200}, {""endMs"": 16800, ""eventCount"": 5, ""startMs"": 16700}, {""endMs"": 16900, ""eventCount"": 36, ""startMs"": 16800}, {""endMs"": 17000, ""eventCount"": 1, ""startMs"": 16900}, {""endMs"": 18400, ""eventCount"": 20, ""startMs"": 18300}, {""endMs"": 18500, ""eventCount"": 30, ""startMs"": 18400}, {""endMs"": 19900, ""eventCount"": 15, ""startMs"": 19800}, {""endMs"": 24300, ""eventCount"": 15, ""startMs"": 24200}, {""endMs"": 34600, ""eventCount"": 11, ""startMs"": 34500}, {""endMs"": 44300, ""eventCount"": 2, ""startMs"": 44200}], ""originMs"": 1239957.7000000477}","{""binMs"": 100, ""bins"": [{""endMs"": 100, ""eventCount"": 3, ""requestQueuePeak"": 6, ""startMs"": 0}, {""endMs"": 14200, ""eventCount"": 2, ""requestQueuePeak"": 13, ""startMs"": 14100}, {""endMs"": 14300, ""eventCount"": 5, ""requestQueuePeak"": 13, ""startMs"": 14200}, {""endMs"": 15300, ""eventCount"": 6, ""requestQueuePeak"": 15, ""startMs"": 15200}, {""endMs"": 15400, ""eventCount"": 1, ""requestQueuePeak"": 0, ""startMs"": 15300}, {""endMs"": 16800, ""eventCount"": 4, ""requestQueuePeak"": 42, ""startMs"": 16700}, {""endMs"": 16900, ""eventCount"": 5, ""requestQueuePeak"": 37, ""startMs"": 16800}, {""endMs"": 17000, ""eventCount"": 2, ""requestQueuePeak"": 1, ""startMs"": 16900}, {""endMs"": 18300, ""eventCount"": 3, ""requestQueuePeak"": 42, ""startMs"": 18200}, {""endMs"": 18400, ""eventCount"": 3, ""requestQueuePeak"": 49, ""startMs"": 18300}, {""endMs"": 18500, ""eventCount"": 5, ""requestQueuePeak"": 30, ""startMs"": 18400}, {""endMs"": 19800, ""eventCount"": 2, ""requestQueuePeak"": 15, ""startMs"": 19700}, {""endMs"": 19900, ""eventCount"": 5, ""requestQueuePeak"": 15, ""startMs"": 19800}, {""endMs"": 24200, ""eventCount"": 3, ""requestQueuePeak"": 15, ""startMs"": 24100}, {""endMs"": 24300, ""eventCount"": 4, ""requestQueuePeak"": 15, ""startMs"": 24200}, {""endMs"": 34200, ""eventCount"": 2, ""requestQueuePeak"": 11, ""startMs"": 34100}, {""endMs"": 34500, ""eventCount"": 1, ""requestQueuePeak"": 11, ""startMs"": 34400}, {""endMs"": 34600, ""eventCount"": 3, ""requestQueuePeak"": 11, ""startMs"": 34500}, {""endMs"": 44200, ""eventCount"": 2, ""requestQueuePeak"": 2, ""startMs"": 44100}, {""endMs"": 44300, ""eventCount"": 1, ""requestQueuePeak"": 0, ""startMs"": 44200}], ""originMs"": 1239944.4000000954}","{""binMs"": 250, ""bins"": [{""encodedBodyBytes"": 257082, ""endMs"": 250, ""eventCount"": 8, ""startMs"": 0, ""transferBytes"": 259482}, {""encodedBodyBytes"": 9511052, ""endMs"": 14250, ""eventCount"": 13, ""startMs"": 14000, ""transferBytes"": 9514952}, {""encodedBodyBytes"": 7837584, ""endMs"": 15250, ""eventCount"": 14, ""startMs"": 15000, ""transferBytes"": 7841784}, {""encodedBodyBytes"": 1712164, ""endMs"": 15500, ""eventCount"": 1, ""startMs"": 15250, ""transferBytes"": 1712464}, {""encodedBodyBytes"": 3683820, ""endMs"": 16750, ""eventCount"": 6, ""startMs"": 16500, ""transferBytes"": 3685620}, {""encodedBodyBytes"": 27702096, ""endMs"": 17000, ""eventCount"": 36, ""startMs"": 16750, ""transferBytes"": 27712896}, {""encodedBodyBytes"": 41495748, ""endMs"": 18500, ""eventCount"": 50, ""startMs"": 18250, ""transferBytes"": 41510748}, {""encodedBodyBytes"": 13106612, ""endMs"": 20000, ""eventCount"": 15, ""startMs"": 19750, ""transferBytes"": 13111112}, {""encodedBodyBytes"": 6133416, ""endMs"": 24250, ""eventCount"": 15, ""startMs"": 24000, ""transferBytes"": 6137916}, {""encodedBodyBytes"": 5529972, ""endMs"": 34500, ""eventCount"": 9, ""startMs"": 34250, ""transferBytes"": 5532672}, {""encodedBodyBytes"": 2841980, ""endMs"": 34750, ""eventCount"": 2, ""startMs"": 34500, ""transferBytes"": 2842580}, {""encodedBodyBytes"": 1368456, ""endMs"": 44250, ""eventCount"": 2, ""startMs"": 44000, ""transferBytes"": 1369056}], ""originMs"": 1239941.4000000954}","{""binMs"": 250, ""bins"": [{""endMs"": 250, ""eventCount"": 7, ""startMs"": 0}, {""endMs"": 14250, ""eventCount"": 13, ""startMs"": 14000}, {""endMs"": 15500, ""eventCount"": 15, ""startMs"": 15250}, {""endMs"": 17000, ""eventCount"": 42, ""startMs"": 16750}, {""endMs"": 18500, ""eventCount"": 50, ""startMs"": 18250}, {""endMs"": 20000, ""eventCount"": 15, ""startMs"": 19750}, {""endMs"": 24250, ""eventCount"": 13, ""startMs"": 24000}, {""endMs"": 24500, ""eventCount"": 2, ""startMs"": 24250}, {""endMs"": 34750, ""eventCount"": 11, ""startMs"": 34500}, {""endMs"": 44250, ""eventCount"": 2, ""startMs"": 44000}], ""originMs"": 1239957.7000000477}","{""binMs"": 250, ""bins"": [{""endMs"": 250, ""eventCount"": 3, ""requestQueuePeak"": 6, ""startMs"": 0}, {""endMs"": 14250, ""eventCount"": 6, ""requestQueuePeak"": 13, ""startMs"": 14000}, {""endMs"": 14500, ""eventCount"": 1, ""requestQueuePeak"": 0, ""startMs"": 14250}, {""endMs"": 15250, ""eventCount"": 3, ""requestQueuePeak"": 15, ""startMs"": 15000}, {""endMs"": 15500, ""eventCount"": 4, ""requestQueuePeak"": 15, ""startMs"": 15250}, {""endMs"": 16750, ""eventCount"": 2, ""requestQueuePeak"": 38, ""startMs"": 16500}, {""endMs"": 17000, ""eventCount"": 9, ""requestQueuePeak"": 42, ""startMs"": 16750}, {""endMs"": 18250, ""eventCount"": 1, ""requestQueuePeak"": 20, ""startMs"": 18000}, {""endMs"": 18500, ""eventCount"": 10, ""requestQueuePeak"": 49, ""startMs"": 18250}, {""endMs"": 20000, ""eventCount"": 7, ""requestQueuePeak"": 15, ""startMs"": 19750}, {""endMs"": 24250, ""eventCount"": 5, ""requestQueuePeak"": 15, ""startMs"": 24000}, {""endMs"": 24500, ""eventCount"": 2, ""requestQueuePeak"": 2, ""startMs"": 24250}, {""endMs"": 34250, ""eventCount"": 2, ""requestQueuePeak"": 11, ""startMs"": 34000}, {""endMs"": 34500, ""eventCount"": 1, ""requestQueuePeak"": 11, ""startMs"": 34250}, {""endMs"": 34750, ""eventCount"": 3, ""requestQueuePeak"": 11, ""startMs"": 34500}, {""endMs"": 44250, ""eventCount"": 3, ""requestQueuePeak"": 2, ""startMs"": 44000}], ""originMs"": 1239944.4000000954}","{""binMs"": 500, ""bins"": [{""encodedBodyBytes"": 257082, ""endMs"": 500, ""eventCount"": 8, ""startMs"": 0, ""transferBytes"": 259482}, {""encodedBodyBytes"": 9511052, ""endMs"": 14500, ""eventCount"": 13, ""startMs"": 14000, ""transferBytes"": 9514952}, {""encodedBodyBytes"": 9549748, ""endMs"": 15500, ""eventCount"": 15, ""startMs"": 15000, ""transferBytes"": 9554248}, {""encodedBodyBytes"": 31385916, ""endMs"": 17000, ""eventCount"": 42, ""startMs"": 16500, ""transferBytes"": 31398516}, {""encodedBodyBytes"": 41495748, ""endMs"": 18500, ""eventCount"": 50, ""startMs"": 18000, ""transferBytes"": 41510748}, {""encodedBodyBytes"": 13106612, ""endMs"": 20000, ""eventCount"": 15, ""startMs"": 19500, ""transferBytes"": 13111112}, {""encodedBodyBytes"": 6133416, ""endMs"": 24500, ""eventCount"": 15, ""startMs"": 24000, ""transferBytes"": 6137916}, {""encodedBodyBytes"": 5529972, ""endMs"": 34500, ""eventCount"": 9, ""startMs"": 34000, ""transferBytes"": 5532672}, {""encodedBodyBytes"": 2841980, ""endMs"": 35000, ""eventCount"": 2, ""startMs"": 34500, ""transferBytes"": 2842580}, {""encodedBodyBytes"": 1368456, ""endMs"": 44500, ""eventCount"": 2, ""startMs"": 44000, ""transferBytes"": 1369056}], ""originMs"": 1239941.4000000954}","{""binMs"": 500, ""bins"": [{""endMs"": 500, ""eventCount"": 7, ""startMs"": 0}, {""endMs"": 14500, ""eventCount"": 13, ""startMs"": 14000}, {""endMs"": 15500, ""eventCount"": 15, ""startMs"": 15000}, {""endMs"": 17000, ""eventCount"": 42, ""startMs"": 16500}, {""endMs"": 18500, ""eventCount"": 50, ""startMs"": 18000}, {""endMs"": 20000, ""eventCount"": 15, ""startMs"": 19500}, {""endMs"": 24500, ""eventCount"": 15, ""startMs"": 24000}, {""endMs"": 35000, ""eventCount"": 11, ""startMs"": 34500}, {""endMs"": 44500, ""eventCount"": 2, ""startMs"": 44000}], ""originMs"": 1239957.7000000477}","{""binMs"": 500, ""bins"": [{""endMs"": 500, ""eventCount"": 3, ""requestQueuePeak"": 6, ""startMs"": 0}, {""endMs"": 14500, ""eventCount"": 7, ""requestQueuePeak"": 13, ""startMs"": 14000}, {""endMs"": 15500, ""eventCount"": 7, ""requestQueuePeak"": 15, ""startMs"": 15000}, {""endMs"": 17000, ""eventCount"": 11, ""requestQueuePeak"": 42, ""startMs"": 16500}, {""endMs"": 18500, ""eventCount"": 11, ""requestQueuePeak"": 49, ""startMs"": 18000}, {""endMs"": 20000, ""eventCount"": 7, ""requestQueuePeak"": 15, ""startMs"": 19500}, {""endMs"": 24500, ""eventCount"": 7, ""requestQueuePeak"": 15, ""startMs"": 24000}, {""endMs"": 34500, ""eventCount"": 3, ""requestQueuePeak"": 11, ""startMs"": 34000}, {""endMs"": 35000, ""eventCount"": 3, ""requestQueuePeak"": 11, ""startMs"": 34500}, {""endMs"": 44500, ""eventCount"": 3, ""requestQueuePeak"": 2, ""startMs"": 44000}], ""originMs"": 1239944.4000000954}"
pc-b-bagAmsterdam-pressureBurst-reactive-r1-mtli8y2o,reactive,bagAmsterdam,pressureBurst,1,20260823,pc-b,pc,2.3.6,lan,pilot,full-pilot-v2.3.6-pressure-burst,none,none,none,none,,False,local,http://localhost:8088,localhost:8088,,,True,,0,0,0,0,0,0,0,76,0,0.0,16.899999999906868,16.975000000325963,5.496119250753906,49,89533.10000000242,4,0,6.244584774141205,75.0,0.01333333340721822,0.01333333340721822,,,,,16.800000000279397,16.90000000037253,0.00041736227045075126,10127.299999952316,170,0,"{""INTERACTING"": 28, ""RECOVERY"": 16, ""STABLE"": 32}",171,121231282,121179982,True,4032.0,16.800000000279397,2.0,58.0,33.39999999990687,0.002086811352253756,"[{""binEndMs"": 20, ""binStartMs"": 0, ""count"": 2391}, {""binEndMs"": 33.33, ""binStartMs"": 20, ""count"": 4}, {""binEndMs"": 50, ""binStartMs"": 33.33, ""count"": 1}, {""binEndMs"": 66.67, ""binStartMs"": 50, ""count"": 0}, {""binEndMs"": null, ""binStartMs"": 66.67, ""count"": 0}]",37.0,27835024.0,37.0,5.0,49.0,38.0,32606868.0,50.0,9.0,49.0,50.0,41510748.0,50.0,11.0,49.0,"{""binMs"": 100, ""bins"": [{""encodedBodyBytes"": 257082, ""endMs"": 100, ""eventCount"": 8, ""startMs"": 0, ""transferBytes"": 259482}, {""encodedBodyBytes"": 9511052, ""endMs"": 14200, ""eventCount"": 13, ""startMs"": 14100, ""transferBytes"": 9514952}, {""encodedBodyBytes"": 9549748, ""endMs"": 15300, ""eventCount"": 15, ""startMs"": 15200, ""transferBytes"": 9554248}, {""encodedBodyBytes"": 27823924, ""endMs"": 16800, ""eventCount"": 37, ""startMs"": 16700, ""transferBytes"": 27835024}, {""encodedBodyBytes"": 3561992, ""endMs"": 16900, ""eventCount"": 5, ""startMs"": 16800, ""transferBytes"": 3563492}, {""encodedBodyBytes"": 22994364, ""endMs"": 18300, ""eventCount"": 33, ""startMs"": 18200, ""transferBytes"": 23004264}, {""encodedBodyBytes"": 18501384, ""endMs"": 18400, ""eventCount"": 17, ""startMs"": 18300, ""transferBytes"": 18506484}, {""encodedBodyBytes"": 13106612, ""endMs"": 19800, ""eventCount"": 15, ""startMs"": 19700, ""transferBytes"": 13111112}, {""encodedBodyBytes"": 6133416, ""endMs"": 24200, ""eventCount"": 15, ""startMs"": 24100, ""transferBytes"": 6137916}, {""encodedBodyBytes"": 4897796, ""endMs"": 34500, ""eventCount"": 9, ""startMs"": 34400, ""transferBytes"": 4900496}, {""encodedBodyBytes"": 3474156, ""endMs"": 34600, ""eventCount"": 2, ""startMs"": 34500, ""transferBytes"": 3474756}, {""encodedBodyBytes"": 1368456, ""endMs"": 44500, ""eventCount"": 2, ""startMs"": 44400, ""transferBytes"": 1369056}], ""originMs"": 3248165.9000000954}","{""binMs"": 100, ""bins"": [{""endMs"": 100, ""eventCount"": 7, ""startMs"": 0}, {""endMs"": 14300, ""eventCount"": 13, ""startMs"": 14200}, {""endMs"": 15300, ""eventCount"": 15, ""startMs"": 15200}, {""endMs"": 16800, ""eventCount"": 5, ""startMs"": 16700}, {""endMs"": 16900, ""eventCount"": 37, ""startMs"": 16800}, {""endMs"": 18300, ""eventCount"": 5, ""startMs"": 18200}, {""endMs"": 18400, ""eventCount"": 32, ""startMs"": 18300}, {""endMs"": 18500, ""eventCount"": 13, ""startMs"": 18400}, {""endMs"": 19800, ""eventCount"": 14, ""startMs"": 19700}, {""endMs"": 19900, ""eventCount"": 1, ""startMs"": 19800}, {""endMs"": 24300, ""eventCount"": 15, ""startMs"": 24200}, {""endMs"": 34600, ""eventCount"": 11, ""startMs"": 34500}, {""endMs"": 44600, ""eventCount"": 2, ""startMs"": 44500}], ""originMs"": 3248179.4000000954}","{""binMs"": 100, ""bins"": [{""endMs"": 100, ""eventCount"": 3, ""requestQueuePeak"": 6, ""startMs"": 0}, {""endMs"": 14200, ""eventCount"": 2, ""requestQueuePeak"": 13, ""startMs"": 14100}, {""endMs"": 14300, ""eventCount"": 5, ""requestQueuePeak"": 13, ""startMs"": 14200}, {""endMs"": 15200, ""eventCount"": 1, ""requestQueuePeak"": 15, ""startMs"": 15100}, {""endMs"": 15300, ""eventCount"": 4, ""requestQueuePeak"": 15, ""startMs"": 15200}, {""endMs"": 16700, ""eventCount"": 1, ""requestQueuePeak"": 20, ""startMs"": 16600}, {""endMs"": 16800, ""eventCount"": 4, ""requestQueuePeak"": 42, ""startMs"": 16700}, {""endMs"": 16900, ""eventCount"": 5, ""requestQueuePeak"": 31, ""startMs"": 16800}, {""endMs"": 18300, ""eventCount"": 4, ""requestQueuePeak"": 49, ""startMs"": 18200}, {""endMs"": 18400, ""eventCount"": 4, ""requestQueuePeak"": 45, ""startMs"": 18300}, {""endMs"": 18500, ""eventCount"": 3, ""requestQueuePeak"": 13, ""startMs"": 18400}, {""endMs"": 19800, ""eventCount"": 5, ""requestQueuePeak"": 15, ""startMs"": 19700}, {""endMs"": 19900, ""eventCount"": 2, ""requestQueuePeak"": 1, ""startMs"": 19800}, {""endMs"": 24200, ""eventCount"": 2, ""requestQueuePeak"": 15, ""startMs"": 24100}, {""endMs"": 24300, ""eventCount"": 3, ""requestQueuePeak"": 15, ""startMs"": 24200}, {""endMs"": 34200, ""eventCount"": 1, ""requestQueuePeak"": 11, ""startMs"": 34100}, {""endMs"": 34500, ""eventCount"": 1, ""requestQueuePeak"": 11, ""startMs"": 34400}, {""endMs"": 34600, ""eventCount"": 3, ""requestQueuePeak"": 11, ""startMs"": 34500}, {""endMs"": 44200, ""eventCount"": 1, ""requestQueuePeak"": 2, ""startMs"": 44100}, {""endMs"": 44500, ""eventCount"": 2, ""requestQueuePeak"": 2, ""startMs"": 44400}, {""endMs"": 44600, ""eventCount"": 2, ""requestQueuePeak"": 1, ""startMs"": 44500}], ""originMs"": 3248168}","{""binMs"": 250, ""bins"": [{""encodedBodyBytes"": 257082, ""endMs"": 250, ""eventCount"": 8, ""startMs"": 0, ""transferBytes"": 259482}, {""encodedBodyBytes"": 9511052, ""endMs"": 14250, ""eventCount"": 13, ""startMs"": 14000, ""transferBytes"": 9514952}, {""encodedBodyBytes"": 9549748, ""endMs"": 15250, ""eventCount"": 15, ""startMs"": 15000, ""transferBytes"": 9554248}, {""encodedBodyBytes"": 15259536, ""endMs"": 16750, ""eventCount"": 20, ""startMs"": 16500, ""transferBytes"": 15265536}, {""encodedBodyBytes"": 16126380, ""endMs"": 17000, ""eventCount"": 22, ""startMs"": 16750, ""transferBytes"": 16132980}, {""encodedBodyBytes"": 8900280, ""endMs"": 18250, ""eventCount"": 12, ""startMs"": 18000, ""transferBytes"": 8903880}, {""encodedBodyBytes"": 32595468, ""endMs"": 18500, ""eventCount"": 38, ""startMs"": 18250, ""transferBytes"": 32606868}, {""encodedBodyBytes"": 3655076, ""endMs"": 19750, ""eventCount"": 6, ""startMs"": 19500, ""transferBytes"": 3656876}, {""encodedBodyBytes"": 9451536, ""endMs"": 20000, ""eventCount"": 9, ""startMs"": 19750, ""transferBytes"": 9454236}, {""encodedBodyBytes"": 6133416, ""endMs"": 24250, ""eventCount"": 15, ""startMs"": 24000, ""transferBytes"": 6137916}, {""encodedBodyBytes"": 4897796, ""endMs"": 34500, ""eventCount"": 9, ""startMs"": 34250, ""transferBytes"": 4900496}, {""encodedBodyBytes"": 3474156, ""endMs"": 34750, ""eventCount"": 2, ""startMs"": 34500, ""transferBytes"": 3474756}, {""encodedBodyBytes"": 1368456, ""endMs"": 44500, ""eventCount"": 2, ""startMs"": 44250, ""transferBytes"": 1369056}], ""originMs"": 3248165.9000000954}","{""binMs"": 250, ""bins"": [{""endMs"": 250, ""eventCount"": 7, ""startMs"": 0}, {""endMs"": 14250, ""eventCount"": 13, ""startMs"": 14000}, {""endMs"": 15250, ""eventCount"": 5, ""startMs"": 15000}, {""endMs"": 15500, ""eventCount"": 10, ""startMs"": 15250}, {""endMs"": 17000, ""eventCount"": 42, ""startMs"": 16750}, {""endMs"": 18500, ""eventCount"": 50, ""startMs"": 18250}, {""endMs"": 20000, ""eventCount"": 15, ""startMs"": 19750}, {""endMs"": 24250, ""eventCount"": 15, ""startMs"": 24000}, {""endMs"": 34750, ""eventCount"": 11, ""startMs"": 34500}, {""endMs"": 44750, ""eventCount"": 2, ""startMs"": 44500}], ""originMs"": 3248179.4000000954}","{""binMs"": 250, ""bins"": [{""endMs"": 250, ""eventCount"": 3, ""requestQueuePeak"": 6, ""startMs"": 0}, {""endMs"": 14250, ""eventCount"": 6, ""requestQueuePeak"": 13, ""startMs"": 14000}, {""endMs"": 14500, ""eventCount"": 1, ""requestQueuePeak"": 0, ""startMs"": 14250}, {""endMs"": 15250, ""eventCount"": 3, ""requestQueuePeak"": 15, ""startMs"": 15000}, {""endMs"": 15500, ""eventCount"": 2, ""requestQueuePeak"": 10, ""startMs"": 15250}, {""endMs"": 16750, ""eventCount"": 3, ""requestQueuePeak"": 42, ""startMs"": 16500}, {""endMs"": 17000, ""eventCount"": 7, ""requestQueuePeak"": 42, ""startMs"": 16750}, {""endMs"": 18250, ""eventCount"": 2, ""requestQueuePeak"": 38, ""startMs"": 18000}, {""endMs"": 18500, ""eventCount"": 9, ""requestQueuePeak"": 49, ""startMs"": 18250}, {""endMs"": 19750, ""eventCount"": 2, ""requestQueuePeak"": 15, ""startMs"": 19500}, {""endMs"": 20000, ""eventCount"": 5, ""requestQueuePeak"": 15, ""startMs"": 19750}, {""endMs"": 24250, ""eventCount"": 5, ""requestQueuePeak"": 15, ""startMs"": 24000}, {""endMs"": 34250, ""eventCount"": 1, ""requestQueuePeak"": 11, ""startMs"": 34000}, {""endMs"": 34500, ""eventCount"": 1, ""requestQueuePeak"": 11, ""startMs"": 34250}, {""endMs"": 34750, ""eventCount"": 3, ""requestQueuePeak"": 11, ""startMs"": 34500}, {""endMs"": 44250, ""eventCount"": 1, ""requestQueuePeak"": 2, ""startMs"": 44000}, {""endMs"": 44500, ""eventCount"": 2, ""requestQueuePeak"": 2, ""startMs"": 44250}, {""endMs"": 44750, ""eventCount"": 2, ""requestQueuePeak"": 1, ""startMs"": 44500}], ""originMs"": 3248168}","{""binMs"": 500, ""bins"": [{""encodedBodyBytes"": 257082, ""endMs"": 500, ""eventCount"": 8, ""startMs"": 0, ""transferBytes"": 259482}, {""encodedBodyBytes"": 9511052, ""endMs"": 14500, ""eventCount"": 13, ""startMs"": 14000, ""transferBytes"": 9514952}, {""encodedBodyBytes"": 9549748, ""endMs"": 15500, ""eventCount"": 15, ""startMs"": 15000, ""transferBytes"": 9554248}, {""encodedBodyBytes"": 31385916, ""endMs"": 17000, ""eventCount"": 42, ""startMs"": 16500, ""transferBytes"": 31398516}, {""encodedBodyBytes"": 41495748, ""endMs"": 18500, ""eventCount"": 50, ""startMs"": 18000, ""transferBytes"": 41510748}, {""encodedBodyBytes"": 13106612, ""endMs"": 20000, ""eventCount"": 15, ""startMs"": 19500, ""transferBytes"": 13111112}, {""encodedBodyBytes"": 6133416, ""endMs"": 24500, ""eventCount"": 15, ""startMs"": 24000, ""transferBytes"": 6137916}, {""encodedBodyBytes"": 4897796, ""endMs"": 34500, ""eventCount"": 9, ""startMs"": 34000, ""transferBytes"": 4900496}, {""encodedBodyBytes"": 3474156, ""endMs"": 35000, ""eventCount"": 2, ""startMs"": 34500, ""transferBytes"": 3474756}, {""encodedBodyBytes"": 1368456, ""endMs"": 44500, ""eventCount"": 2, ""startMs"": 44000, ""transferBytes"": 1369056}], ""originMs"": 3248165.9000000954}","{""binMs"": 500, ""bins"": [{""endMs"": 500, ""eventCount"": 7, ""startMs"": 0}, {""endMs"": 14500, ""eventCount"": 13, ""startMs"": 14000}, {""endMs"": 15500, ""eventCount"": 15, ""startMs"": 15000}, {""endMs"": 17000, ""eventCount"": 42, ""startMs"": 16500}, {""endMs"": 18500, ""eventCount"": 50, ""startMs"": 18000}, {""endMs"": 20000, ""eventCount"": 15, ""startMs"": 19500}, {""endMs"": 24500, ""eventCount"": 15, ""startMs"": 24000}, {""endMs"": 35000, ""eventCount"": 11, ""startMs"": 34500}, {""endMs"": 45000, ""eventCount"": 2, ""startMs"": 44500}], ""originMs"": 3248179.4000000954}","{""binMs"": 500, ""bins"": [{""endMs"": 500, ""eventCount"": 3, ""requestQueuePeak"": 6, ""startMs"": 0}, {""endMs"": 14500, ""eventCount"": 7, ""requestQueuePeak"": 13, ""startMs"": 14000}, {""endMs"": 15500, ""eventCount"": 5, ""requestQueuePeak"": 15, ""startMs"": 15000}, {""endMs"": 17000, ""eventCount"": 10, ""requestQueuePeak"": 42, ""startMs"": 16500}, {""endMs"": 18500, ""eventCount"": 11, ""requestQueuePeak"": 49, ""startMs"": 18000}, {""endMs"": 20000, ""eventCount"": 7, ""requestQueuePeak"": 15, ""startMs"": 19500}, {""endMs"": 24500, ""eventCount"": 5, ""requestQueuePeak"": 15, ""startMs"": 24000}, {""endMs"": 34500, ""eventCount"": 2, ""requestQueuePeak"": 11, ""startMs"": 34000}, {""endMs"": 35000, ""eventCount"": 3, ""requestQueuePeak"": 11, ""startMs"": 34500}, {""endMs"": 44500, ""eventCount"": 3, ""requestQueuePeak"": 2, ""startMs"": 44000}, {""endMs"": 45000, ""eventCount"": 2, ""requestQueuePeak"": 1, ""startMs"": 44500}], ""originMs"": 3248168}"
pc-b-bagAmsterdam-pressureBurst-reactive-r2-mtjq3e96,reactive,bagAmsterdam,pressureBurst,2,20260824,pc-b,pc,2.3.6,lan,pilot,full-pilot-v2.3.6-pressure-burst,none,none,none,none,,False,unspecified,unknown,unknown,,,True,,0,0,0,0,0,0,0,75,0,0.0,16.801500000046218,16.899999999906868,5.5300158351877995,40,456034.5999999987,4,0,6.313031675636437,74.0,0.004256756751046171,0.004256756751046171,,,,,16.800000000046566,16.900000000023283,0.0,10147.0,165,0,"{""INTERACTING"": 28, ""RECOVERY"": 15, ""STABLE"": 32}",200,115582370,115531070,True,4027.2999999523163,16.800000000046566,2.0,328.0,18.400000000023283,0.0,"[{""binEndMs"": 20, ""binStartMs"": 0, ""count"": 2401}, {""binEndMs"": 33.33, ""binStartMs"": 20, ""count"": 0}, {""binEndMs"": 50, ""binStartMs"": 33.33, ""count"": 0}, {""binEndMs"": 66.67, ""binStartMs"": 50, ""count"": 0}, {""binEndMs"": null, ""binStartMs"": 66.67, ""count"": 0}]",,,,,,,,,,,,,,,,,,,,,,,,
pc-b-bagAmsterdam-pressureBurst-reactive-r2-mtliiexn,reactive,bagAmsterdam,pressureBurst,2,20260824,pc-b,pc,2.3.6,lan,pilot,full-pilot-v2.3.6-pressure-burst,none,none,none,none,,False,local,http://localhost:8088,localhost:8088,,,True,,0,0,0,0,0,0,0,75,0,0.0,16.899999999906868,16.94919999992242,5.506580087034521,50,94326.09999997867,4,0,6.299245665331608,74.0,0.010540540596294012,0.010540540596294012,,,,,16.800000000279397,17.0,0.0012520868113522537,10128.400000095367,171,0,"{""INTERACTING"": 28, ""RECOVERY"": 15, ""STABLE"": 32}",172,121279962,121228362,True,4030.2000000476837,16.800000000279397,2.0,58.0,33.39999999990687,0.002086811352253756,"[{""binEndMs"": 20, ""binStartMs"": 0, ""count"": 2391}, {""binEndMs"": 33.33, ""binStartMs"": 20, ""count"": 2}, {""binEndMs"": 50, ""binStartMs"": 33.33, ""count"": 3}, {""binEndMs"": 66.67, ""binStartMs"": 50, ""count"": 0}, {""binEndMs"": null, ""binStartMs"": 66.67, ""count"": 0}]",42.0,31398516.0,42.0,6.0,50.0,28.0,21810408.0,50.0,7.0,50.0,50.0,41510748.0,50.0,10.0,50.0,"{""binMs"": 100, ""bins"": [{""encodedBodyBytes"": 257082, ""endMs"": 100, ""eventCount"": 8, ""startMs"": 0, ""transferBytes"": 259482}, {""encodedBodyBytes"": 6664756, ""endMs"": 14200, ""eventCount"": 10, ""startMs"": 14100, ""transferBytes"": 6667756}, {""encodedBodyBytes"": 1425784, ""endMs"": 14300, ""eventCount"": 2, ""startMs"": 14200, ""transferBytes"": 1426384}, {""encodedBodyBytes"": 3782476, ""endMs"": 15200, ""eventCount"": 10, ""startMs"": 15100, ""transferBytes"": 3785476}, {""encodedBodyBytes"": 5767272, ""endMs"": 15300, ""eventCount"": 5, ""startMs"": 15200, ""transferBytes"": 5768772}, {""encodedBodyBytes"": 31385916, ""endMs"": 16800, ""eventCount"": 42, ""startMs"": 16700, ""transferBytes"": 31398516}, {""encodedBodyBytes"": 31314948, ""endMs"": 18300, ""eventCount"": 41, ""startMs"": 18200, ""transferBytes"": 31327248}, {""encodedBodyBytes"": 10180800, ""endMs"": 18400, ""eventCount"": 9, ""startMs"": 18300, ""transferBytes"": 10183500}, {""encodedBodyBytes"": 13154992, ""endMs"": 19800, ""eventCount"": 16, ""startMs"": 19700, ""transferBytes"": 13159792}, {""encodedBodyBytes"": 4156124, ""endMs"": 24200, ""eventCount"": 7, ""startMs"": 24100, ""transferBytes"": 4158224}, {""encodedBodyBytes"": 4910884, ""endMs"": 24300, ""eventCount"": 11, ""startMs"": 24200, ""transferBytes"": 4914184}, {""encodedBodyBytes"": 6858872, ""endMs"": 34500, ""eventCount"": 9, ""startMs"": 34400, ""transferBytes"": 6861572}, {""encodedBodyBytes"": 1368456, ""endMs"": 44200, ""eventCount"": 2, ""startMs"": 44100, ""transferBytes"": 1369056}], ""originMs"": 3689914.2999999523}","{""binMs"": 100, ""bins"": [{""endMs"": 100, ""eventCount"": 7, ""startMs"": 0}, {""endMs"": 14300, ""eventCount"": 12, ""startMs"": 14200}, {""endMs"": 15300, ""eventCount"": 15, ""startMs"": 15200}, {""endMs"": 16800, ""eventCount"": 6, ""startMs"": 16700}, {""endMs"": 16900, ""eventCount"": 36, ""startMs"": 16800}, {""endMs"": 18300, ""eventCount"": 8, ""startMs"": 18200}, {""endMs"": 18400, ""eventCount"": 42, ""startMs"": 18300}, {""endMs"": 19800, ""eventCount"": 16, ""startMs"": 19700}, {""endMs"": 24300, ""eventCount"": 18, ""startMs"": 24200}, {""endMs"": 34600, ""eventCount"": 9, ""startMs"": 34500}, {""endMs"": 44300, ""eventCount"": 2, ""startMs"": 44200}], ""originMs"": 3689927.600000143}","{""binMs"": 100, ""bins"": [{""endMs"": 100, ""eventCount"": 3, ""requestQueuePeak"": 6, ""startMs"": 0}, {""endMs"": 14200, ""eventCount"": 2, ""requestQueuePeak"": 12, ""startMs"": 14100}, {""endMs"": 14300, ""eventCount"": 5, ""requestQueuePeak"": 12, ""startMs"": 14200}, {""endMs"": 15200, ""eventCount"": 2, ""requestQueuePeak"": 15, ""startMs"": 15100}, {""endMs"": 15300, ""eventCount"": 3, ""requestQueuePeak"": 15, ""startMs"": 15200}, {""endMs"": 16700, ""eventCount"": 1, ""requestQueuePeak"": 20, ""startMs"": 16600}, {""endMs"": 16800, ""eventCount"": 3, ""requestQueuePeak"": 42, ""startMs"": 16700}, {""endMs"": 16900, ""eventCount"": 6, ""requestQueuePeak"": 36, ""startMs"": 16800}, {""endMs"": 18200, ""eventCount"": 1, ""requestQueuePeak"": 20, ""startMs"": 18100}, {""endMs"": 18300, ""eventCount"": 3, ""requestQueuePeak"": 50, ""startMs"": 18200}, {""endMs"": 18400, ""eventCount"": 6, ""requestQueuePeak"": 42, ""startMs"": 18300}, {""endMs"": 19800, ""eventCount"": 4, ""requestQueuePeak"": 16, ""startMs"": 19700}, {""endMs"": 19900, ""eventCount"": 1, ""requestQueuePeak"": 0, ""startMs"": 19800}, {""endMs"": 24200, ""eventCount"": 2, ""requestQueuePeak"": 7, ""startMs"": 24100}, {""endMs"": 24300, ""eventCount"": 5, ""requestQueuePeak"": 18, ""startMs"": 24200}, {""endMs"": 34200, ""eventCount"": 2, ""requestQueuePeak"": 9, ""startMs"": 34100}, {""endMs"": 34500, ""eventCount"": 2, ""requestQueuePeak"": 9, ""startMs"": 34400}, {""endMs"": 34600, ""eventCount"": 4, ""requestQueuePeak"": 9, ""startMs"": 34500}, {""endMs"": 44200, ""eventCount"": 2, ""requestQueuePeak"": 2, ""startMs"": 44100}, {""endMs"": 44300, ""eventCount"": 1, ""requestQueuePeak"": 0, ""startMs"": 44200}], ""originMs"": 3689915.7999999523}","{""binMs"": 250, ""bins"": [{""encodedBodyBytes"": 257082, ""endMs"": 250, ""eventCount"": 8, ""startMs"": 0, ""transferBytes"": 259482}, {""encodedBodyBytes"": 8090540, ""endMs"": 14250, ""eventCount"": 12, ""startMs"": 14000, ""transferBytes"": 8094140}, {""encodedBodyBytes"": 9549748, ""endMs"": 15250, ""eventCount"": 15, ""startMs"": 15000, ""transferBytes"": 9554248}, {""encodedBodyBytes"": 16392280, ""endMs"": 16750, ""eventCount"": 22, ""startMs"": 16500, ""transferBytes"": 16398880}, {""encodedBodyBytes"": 14993636, ""endMs"": 17000, ""eventCount"": 20, ""startMs"": 16750, ""transferBytes"": 14999636}, {""encodedBodyBytes"": 19691940, ""endMs"": 18250, ""eventCount"": 28, ""startMs"": 18000, ""transferBytes"": 19700340}, {""encodedBodyBytes"": 21803808, ""endMs"": 18500, ""eventCount"": 22, ""startMs"": 18250, ""transferBytes"": 21810408}, {""encodedBodyBytes"": 7352740, ""endMs"": 19750, ""eventCount"": 10, ""startMs"": 19500, ""transferBytes"": 7355740}, {""encodedBodyBytes"": 5802252, ""endMs"": 20000, ""eventCount"": 6, ""startMs"": 19750, ""transferBytes"": 5804052}, {""encodedBodyBytes"": 9067008, ""endMs"": 24250, ""eventCount"": 18, ""startMs"": 24000, ""transferBytes"": 9072408}, {""encodedBodyBytes"": 6858872, ""endMs"": 34500, ""eventCount"": 9, ""startMs"": 34250, ""transferBytes"": 6861572}, {""encodedBodyBytes"": 1368456, ""endMs"": 44250, ""eventCount"": 2, ""startMs"": 44000, ""transferBytes"": 1369056}], ""originMs"": 3689914.2999999523}","{""binMs"": 250, ""bins"": [{""endMs"": 250, ""eventCount"": 7, ""startMs"": 0}, {""endMs"": 14250, ""eventCount"": 12, ""startMs"": 14000}, {""endMs"": 15250, ""eventCount"": 15, ""startMs"": 15000}, {""endMs"": 17000, ""eventCount"": 42, ""startMs"": 16750}, {""endMs"": 18500, ""eventCount"": 50, ""startMs"": 18250}, {""endMs"": 20000, ""eventCount"": 16, ""startMs"": 19750}, {""endMs"": 24250, ""eventCount"": 13, ""startMs"": 24000}, {""endMs"": 24500, ""eventCount"": 5, ""startMs"": 24250}, {""endMs"": 34750, ""eventCount"": 9, ""startMs"": 34500}, {""endMs"": 44250, ""eventCount"": 2, ""startMs"": 44000}], ""originMs"": 3689927.600000143}","{""binMs"": 250, ""bins"": [{""endMs"": 250, ""eventCount"": 3, ""requestQueuePeak"": 6, ""startMs"": 0}, {""endMs"": 14250, ""eventCount"": 6, ""requestQueuePeak"": 12, ""startMs"": 14000}, {""endMs"": 14500, ""eventCount"": 1, ""requestQueuePeak"": 0, ""startMs"": 14250}, {""endMs"": 15250, ""eventCount"": 4, ""requestQueuePeak"": 15, ""startMs"": 15000}, {""endMs"": 15500, ""eventCount"": 1, ""requestQueuePeak"": 0, ""startMs"": 15250}, {""endMs"": 16750, ""eventCount"": 3, ""requestQueuePeak"": 42, ""startMs"": 16500}, {""endMs"": 17000, ""eventCount"": 7, ""requestQueuePeak"": 42, ""startMs"": 16750}, {""endMs"": 18250, ""eventCount"": 3, ""requestQueuePeak"": 46, ""startMs"": 18000}, {""endMs"": 18500, ""eventCount"": 7, ""requestQueuePeak"": 50, ""startMs"": 18250}, {""endMs"": 19750, ""eventCount"": 2, ""requestQueuePeak"": 16, ""startMs"": 19500}, {""endMs"": 20000, ""eventCount"": 3, ""requestQueuePeak"": 16, ""startMs"": 19750}, {""endMs"": 24250, ""eventCount"": 5, ""requestQueuePeak"": 18, ""startMs"": 24000}, {""endMs"": 24500, ""eventCount"": 2, ""requestQueuePeak"": 5, ""startMs"": 24250}, {""endMs"": 34250, ""eventCount"": 2, ""requestQueuePeak"": 9, ""startMs"": 34000}, {""endMs"": 34500, ""eventCount"": 2, ""requestQueuePeak"": 9, ""startMs"": 34250}, {""endMs"": 34750, ""eventCount"": 4, ""requestQueuePeak"": 9, ""startMs"": 34500}, {""endMs"": 44250, ""eventCount"": 3, ""requestQueuePeak"": 2, ""startMs"": 44000}], ""originMs"": 3689915.7999999523}","{""binMs"": 500, ""bins"": [{""encodedBodyBytes"": 257082, ""endMs"": 500, ""eventCount"": 8, ""startMs"": 0, ""transferBytes"": 259482}, {""encodedBodyBytes"": 8090540, ""endMs"": 14500, ""eventCount"": 12, ""startMs"": 14000, ""transferBytes"": 8094140}, {""encodedBodyBytes"": 9549748, ""endMs"": 15500, ""eventCount"": 15, ""startMs"": 15000, ""transferBytes"": 9554248}, {""encodedBodyBytes"": 31385916, ""endMs"": 17000, ""eventCount"": 42, ""startMs"": 16500, ""transferBytes"": 31398516}, {""encodedBodyBytes"": 41495748, ""endMs"": 18500, ""eventCount"": 50, ""startMs"": 18000, ""transferBytes"": 41510748}, {""encodedBodyBytes"": 13154992, ""endMs"": 20000, ""eventCount"": 16, ""startMs"": 19500, ""transferBytes"": 13159792}, {""encodedBodyBytes"": 9067008, ""endMs"": 24500, ""eventCount"": 18, ""startMs"": 24000, ""transferBytes"": 9072408}, {""encodedBodyBytes"": 6858872, ""endMs"": 34500, ""eventCount"": 9, ""startMs"": 34000, ""transferBytes"": 6861572}, {""encodedBodyBytes"": 1368456, ""endMs"": 44500, ""eventCount"": 2, ""startMs"": 44000, ""transferBytes"": 1369056}], ""originMs"": 3689914.2999999523}","{""binMs"": 500, ""bins"": [{""endMs"": 500, ""eventCount"": 7, ""startMs"": 0}, {""endMs"": 14500, ""eventCount"": 12, ""startMs"": 14000}, {""endMs"": 15500, ""eventCount"": 15, ""startMs"": 15000}, {""endMs"": 17000, ""eventCount"": 42, ""startMs"": 16500}, {""endMs"": 18500, ""eventCount"": 50, ""startMs"": 18000}, {""endMs"": 20000, ""eventCount"": 16, ""startMs"": 19500}, {""endMs"": 24500, ""eventCount"": 18, ""startMs"": 24000}, {""endMs"": 35000, ""eventCount"": 9, ""startMs"": 34500}, {""endMs"": 44500, ""eventCount"": 2, ""startMs"": 44000}], ""originMs"": 3689927.600000143}","{""binMs"": 500, ""bins"": [{""endMs"": 500, ""eventCount"": 3, ""requestQueuePeak"": 6, ""startMs"": 0}, {""endMs"": 14500, ""eventCount"": 7, ""requestQueuePeak"": 12, ""startMs"": 14000}, {""endMs"": 15500, ""eventCount"": 5, ""requestQueuePeak"": 15, ""startMs"": 15000}, {""endMs"": 17000, ""eventCount"": 10, ""requestQueuePeak"": 42, ""startMs"": 16500}, {""endMs"": 18500, ""eventCount"": 10, ""requestQueuePeak"": 50, ""startMs"": 18000}, {""endMs"": 20000, ""eventCount"": 5, ""requestQueuePeak"": 16, ""startMs"": 19500}, {""endMs"": 24500, ""eventCount"": 7, ""requestQueuePeak"": 18, ""startMs"": 24000}, {""endMs"": 34500, ""eventCount"": 4, ""requestQueuePeak"": 9, ""startMs"": 34000}, {""endMs"": 35000, ""eventCount"": 4, ""requestQueuePeak"": 9, ""startMs"": 34500}, {""endMs"": 44500, ""eventCount"": 3, ""requestQueuePeak"": 2, ""startMs"": 44000}], ""originMs"": 3689915.7999999523}"
pc-b-bagAmsterdam-pressureBurst-reactive-r3-mtjq84wq,reactive,bagAmsterdam,pressureBurst,3,20260825,pc-b,pc,2.3.6,lan,pilot,full-pilot-v2.3.6-pressure-burst,none,none,none,none,,False,unspecified,unknown,unknown,,,True,,0,0,0,0,0,0,0,76,0,0.0,16.800000000046566,16.80125000004482,5.508877695781719,40,496567.3999999983,4,0,6.2473156065753,75.0,0.00013333333935586702,0.00013333333935586702,,,,,16.800000000046566,16.9000000001397,0.0,10122.700000047684,160,0,"{""INTERACTING"": 28, ""RECOVERY"": 16, ""STABLE"": 32}",197,111761518,111710818,True,4031.7000000476837,16.800000000046566,2.0,319.0,17.699999999953434,0.0,"[{""binEndMs"": 20, ""binStartMs"": 0, ""count"": 2401}, {""binEndMs"": 33.33, ""binStartMs"": 20, ""count"": 0}, {""binEndMs"": 50, ""binStartMs"": 33.33, ""count"": 0}, {""binEndMs"": 66.67, ""binStartMs"": 50, ""count"": 0}, {""binEndMs"": null, ""binStartMs"": 66.67, ""count"": 0}]",,,,,,,,,,,,,,,,,,,,,,,,
pc-b-bagAmsterdam-pressureBurst-reactive-r3-mtlin5e5,reactive,bagAmsterdam,pressureBurst,3,20260825,pc-b,pc,2.3.6,lan,pilot,full-pilot-v2.3.6-pressure-burst,none,none,none,none,,False,local,http://localhost:8088,localhost:8088,,,True,,0,0,0,0,0,0,0,76,0,0.0,16.821250000229337,16.899999999906868,5.501750865033939,50,94454.90000000643,4,0,6.239162704365044,75.0,0.005866666678959973,0.005866666678959973,,,,,16.800000000279397,16.90000000037253,0.0008347245409015025,10128.799999952316,171,0,"{""INTERACTING"": 28, ""RECOVERY"": 16, ""STABLE"": 32}",172,121279962,121228362,True,4032.7000000476837,16.800000000279397,2.0,50.0,33.39999999990687,0.002086811352253756,"[{""binEndMs"": 20, ""binStartMs"": 0, ""count"": 2391}, {""binEndMs"": 33.33, ""binStartMs"": 20, ""count"": 3}, {""binEndMs"": 50, ""binStartMs"": 33.33, ""count"": 2}, {""binEndMs"": 66.67, ""binStartMs"": 50, ""count"": 0}, {""binEndMs"": null, ""binStartMs"": 66.67, ""count"": 0}]",33.0,26135424.0,42.0,6.0,50.0,50.0,41510748.0,50.0,9.0,50.0,50.0,41510748.0,50.0,10.0,50.0,"{""binMs"": 100, ""bins"": [{""encodedBodyBytes"": 257082, ""endMs"": 100, ""eventCount"": 8, ""startMs"": 0, ""transferBytes"": 259482}, {""encodedBodyBytes"": 8090540, ""endMs"": 14200, ""eventCount"": 12, ""startMs"": 14100, ""transferBytes"": 8094140}, {""encodedBodyBytes"": 9600952, ""endMs"": 15300, ""eventCount"": 16, ""startMs"": 15200, ""transferBytes"": 9605752}, {""encodedBodyBytes"": 26125524, ""endMs"": 16800, ""eventCount"": 33, ""startMs"": 16700, ""transferBytes"": 26135424}, {""encodedBodyBytes"": 5260392, ""endMs"": 16900, ""eventCount"": 9, ""startMs"": 16800, ""transferBytes"": 5263092}, {""encodedBodyBytes"": 18420100, ""endMs"": 18300, ""eventCount"": 26, ""startMs"": 18200, ""transferBytes"": 18427900}, {""encodedBodyBytes"": 23075648, ""endMs"": 18400, ""eventCount"": 24, ""startMs"": 18300, ""transferBytes"": 23082848}, {""encodedBodyBytes"": 13154992, ""endMs"": 19800, ""eventCount"": 16, ""startMs"": 19700, ""transferBytes"": 13159792}, {""encodedBodyBytes"": 10847040, ""endMs"": 24200, ""eventCount"": 19, ""startMs"": 24100, ""transferBytes"": 10852740}, {""encodedBodyBytes"": 5078840, ""endMs"": 34500, ""eventCount"": 8, ""startMs"": 34400, ""transferBytes"": 5081240}, {""encodedBodyBytes"": 1317252, ""endMs"": 44200, ""eventCount"": 1, ""startMs"": 44100, ""transferBytes"": 1317552}], ""originMs"": 3910828.7000000477}","{""binMs"": 100, ""bins"": [{""endMs"": 100, ""eventCount"": 7, ""startMs"": 0}, {""endMs"": 14300, ""eventCount"": 12, ""startMs"": 14200}, {""endMs"": 15300, ""eventCount"": 16, ""startMs"": 15200}, {""endMs"": 16900, ""eventCount"": 42, ""startMs"": 16800}, {""endMs"": 18400, ""eventCount"": 26, ""startMs"": 18300}, {""endMs"": 18500, ""eventCount"": 24, ""startMs"": 18400}, {""endMs"": 19900, ""eventCount"": 16, ""startMs"": 19800}, {""endMs"": 24300, ""eventCount"": 19, ""startMs"": 24200}, {""endMs"": 34600, ""eventCount"": 8, ""startMs"": 34500}, {""endMs"": 44300, ""eventCount"": 1, ""startMs"": 44200}], ""originMs"": 3910844.4000000954}","{""binMs"": 100, ""bins"": [{""endMs"": 100, ""eventCount"": 3, ""requestQueuePeak"": 6, ""startMs"": 0}, {""endMs"": 14200, ""eventCount"": 2, ""requestQueuePeak"": 12, ""startMs"": 14100}, {""endMs"": 14300, ""eventCount"": 3, ""requestQueuePeak"": 12, ""startMs"": 14200}, {""endMs"": 15200, ""eventCount"": 1, ""requestQueuePeak"": 16, ""startMs"": 15100}, {""endMs"": 15300, ""eventCount"": 4, ""requestQueuePeak"": 16, ""startMs"": 15200}, {""endMs"": 16800, ""eventCount"": 3, ""requestQueuePeak"": 42, ""startMs"": 16700}, {""endMs"": 16900, ""eventCount"": 6, ""requestQueuePeak"": 42, ""startMs"": 16800}, {""endMs"": 17000, ""eventCount"": 1, ""requestQueuePeak"": 0, ""startMs"": 16900}, {""endMs"": 18300, ""eventCount"": 3, ""requestQueuePeak"": 44, ""startMs"": 18200}, {""endMs"": 18400, ""eventCount"": 3, ""requestQueuePeak"": 50, ""startMs"": 18300}, {""endMs"": 18500, ""eventCount"": 4, ""requestQueuePeak"": 24, ""startMs"": 18400}, {""endMs"": 19800, ""eventCount"": 2, ""requestQueuePeak"": 16, ""startMs"": 19700}, {""endMs"": 19900, ""eventCount"": 3, ""requestQueuePeak"": 16, ""startMs"": 19800}, {""endMs"": 24200, ""eventCount"": 2, ""requestQueuePeak"": 19, ""startMs"": 24100}, {""endMs"": 24300, ""eventCount"": 3, ""requestQueuePeak"": 19, ""startMs"": 24200}, {""endMs"": 34200, ""eventCount"": 2, ""requestQueuePeak"": 8, ""startMs"": 34100}, {""endMs"": 34500, ""eventCount"": 1, ""requestQueuePeak"": 8, ""startMs"": 34400}, {""endMs"": 34600, ""eventCount"": 1, ""requestQueuePeak"": 0, ""startMs"": 34500}, {""endMs"": 44200, ""eventCount"": 2, ""requestQueuePeak"": 1, ""startMs"": 44100}, {""endMs"": 44300, ""eventCount"": 1, ""requestQueuePeak"": 0, ""startMs"": 44200}], ""originMs"": 3910830.7999999523}","{""binMs"": 250, ""bins"": [{""encodedBodyBytes"": 257082, ""endMs"": 250, ""eventCount"": 8, ""startMs"": 0, ""transferBytes"": 259482}, {""encodedBodyBytes"": 8090540, ""endMs"": 14250, ""eventCount"": 12, ""startMs"": 14000, ""transferBytes"": 8094140}, {""encodedBodyBytes"": 9600952, ""endMs"": 15250, ""eventCount"": 16, ""startMs"": 15000, ""transferBytes"": 9605752}, {""encodedBodyBytes"": 3921924, ""endMs"": 16750, ""eventCount"": 7, ""startMs"": 16500, ""transferBytes"": 3924024}, {""encodedBodyBytes"": 27463992, ""endMs"": 17000, ""eventCount"": 35, ""startMs"": 16750, ""transferBytes"": 27474492}, {""encodedBodyBytes"": 41495748, ""endMs"": 18500, ""eventCount"": 50, ""startMs"": 18250, ""transferBytes"": 41510748}, {""encodedBodyBytes"": 13154992, ""endMs"": 20000, ""eventCount"": 16, ""startMs"": 19750, ""transferBytes"": 13159792}, {""encodedBodyBytes"": 10847040, ""endMs"": 24250, ""eventCount"": 19, ""startMs"": 24000, ""transferBytes"": 10852740}, {""encodedBodyBytes"": 5078840, ""endMs"": 34500, ""eventCount"": 8, ""startMs"": 34250, ""transferBytes"": 5081240}, {""encodedBodyBytes"": 1317252, ""endMs"": 44250, ""eventCount"": 1, ""startMs"": 44000, ""transferBytes"": 1317552}], ""originMs"": 3910828.7000000477}","{""binMs"": 250, ""bins"": [{""endMs"": 250, ""eventCount"": 7, ""startMs"": 0}, {""endMs"": 14250, ""eventCount"": 12, ""startMs"": 14000}, {""endMs"": 15250, ""eventCount"": 9, ""startMs"": 15000}, {""endMs"": 15500, ""eventCount"": 7, ""startMs"": 15250}, {""endMs"": 17000, ""eventCount"": 42, ""startMs"": 16750}, {""endMs"": 18500, ""eventCount"": 50, ""startMs"": 18250}, {""endMs"": 20000, ""eventCount"": 16, ""startMs"": 19750}, {""endMs"": 24250, ""eventCount"": 19, ""startMs"": 24000}, {""endMs"": 34750, ""eventCount"": 8, ""startMs"": 34500}, {""endMs"": 44250, ""eventCount"": 1, ""startMs"": 44000}], ""originMs"": 3910844.4000000954}","{""binMs"": 250, ""bins"": [{""endMs"": 250, ""eventCount"": 3, ""requestQueuePeak"": 6, ""startMs"": 0}, {""endMs"": 14250, ""eventCount"": 5, ""requestQueuePeak"": 12, ""startMs"": 14000}, {""endMs"": 15250, ""eventCount"": 3, ""requestQueuePeak"": 16, ""startMs"": 15000}, {""endMs"": 15500, ""eventCount"": 2, ""requestQueuePeak"": 7, ""startMs"": 15250}, {""endMs"": 16750, ""eventCount"": 2, ""requestQueuePeak"": 38, ""startMs"": 16500}, {""endMs"": 17000, ""eventCount"": 8, ""requestQueuePeak"": 42, ""startMs"": 16750}, {""endMs"": 18250, ""eventCount"": 1, ""requestQueuePeak"": 20, ""startMs"": 18000}, {""endMs"": 18500, ""eventCount"": 9, ""requestQueuePeak"": 50, ""startMs"": 18250}, {""endMs"": 20000, ""eventCount"": 5, ""requestQueuePeak"": 16, ""startMs"": 19750}, {""endMs"": 24250, ""eventCount"": 5, ""requestQueuePeak"": 19, ""startMs"": 24000}, {""endMs"": 34250, ""eventCount"": 2, ""requestQueuePeak"": 8, ""startMs"": 34000}, {""endMs"": 34500, ""eventCount"": 1, ""requestQueuePeak"": 8, ""startMs"": 34250}, {""endMs"": 34750, ""eventCount"": 1, ""requestQueuePeak"": 0, ""startMs"": 34500}, {""endMs"": 44250, ""eventCount"": 3, ""requestQueuePeak"": 1, ""startMs"": 44000}], ""originMs"": 3910830.7999999523}","{""binMs"": 500, ""bins"": [{""encodedBodyBytes"": 257082, ""endMs"": 500, ""eventCount"": 8, ""startMs"": 0, ""transferBytes"": 259482}, {""encodedBodyBytes"": 8090540, ""endMs"": 14500, ""eventCount"": 12, ""startMs"": 14000, ""transferBytes"": 8094140}, {""encodedBodyBytes"": 9600952, ""endMs"": 15500, ""eventCount"": 16, ""startMs"": 15000, ""transferBytes"": 9605752}, {""encodedBodyBytes"": 31385916, ""endMs"": 17000, ""eventCount"": 42, ""startMs"": 16500, ""transferBytes"": 31398516}, {""encodedBodyBytes"": 41495748, ""endMs"": 18500, ""eventCount"": 50, ""startMs"": 18000, ""transferBytes"": 41510748}, {""encodedBodyBytes"": 13154992, ""endMs"": 20000, ""eventCount"": 16, ""startMs"": 19500, ""transferBytes"": 13159792}, {""encodedBodyBytes"": 10847040, ""endMs"": 24500, ""eventCount"": 19, ""startMs"": 24000, ""transferBytes"": 10852740}, {""encodedBodyBytes"": 5078840, ""endMs"": 34500, ""eventCount"": 8, ""startMs"": 34000, ""transferBytes"": 5081240}, {""encodedBodyBytes"": 1317252, ""endMs"": 44500, ""eventCount"": 1, ""startMs"": 44000, ""transferBytes"": 1317552}], ""originMs"": 3910828.7000000477}","{""binMs"": 500, ""bins"": [{""endMs"": 500, ""eventCount"": 7, ""startMs"": 0}, {""endMs"": 14500, ""eventCount"": 12, ""startMs"": 14000}, {""endMs"": 15500, ""eventCount"": 16, ""startMs"": 15000}, {""endMs"": 17000, ""eventCount"": 42, ""startMs"": 16500}, {""endMs"": 18500, ""eventCount"": 50, ""startMs"": 18000}, {""endMs"": 20000, ""eventCount"": 16, ""startMs"": 19500}, {""endMs"": 24500, ""eventCount"": 19, ""startMs"": 24000}, {""endMs"": 35000, ""eventCount"": 8, ""startMs"": 34500}, {""endMs"": 44500, ""eventCount"": 1, ""startMs"": 44000}], ""originMs"": 3910844.4000000954}","{""binMs"": 500, ""bins"": [{""endMs"": 500, ""eventCount"": 3, ""requestQueuePeak"": 6, ""startMs"": 0}, {""endMs"": 14500, ""eventCount"": 5, ""requestQueuePeak"": 12, ""startMs"": 14000}, {""endMs"": 15500, ""eventCount"": 5, ""requestQueuePeak"": 16, ""startMs"": 15000}, {""endMs"": 17000, ""eventCount"": 10, ""requestQueuePeak"": 42, ""startMs"": 16500}, {""endMs"": 18500, ""eventCount"": 10, ""requestQueuePeak"": 50, ""startMs"": 18000}, {""endMs"": 20000, ""eventCount"": 5, ""requestQueuePeak"": 16, ""startMs"": 19500}, {""endMs"": 24500, ""eventCount"": 5, ""requestQueuePeak"": 19, ""startMs"": 24000}, {""endMs"": 34500, ""eventCount"": 3, ""requestQueuePeak"": 8, ""startMs"": 34000}, {""endMs"": 35000, ""eventCount"": 1, ""requestQueuePeak"": 0, ""startMs"": 34500}, {""endMs"": 44500, ""eventCount"": 3, ""requestQueuePeak"": 1, ""startMs"": 44000}], ""originMs"": 3910830.7999999523}"
pc-b-bagAmsterdam-pressureBurst-reactive-r4-mtjql66e,reactive,bagAmsterdam,pressureBurst,4,20260826,pc-b,pc,2.3.6,lan,pilot,full-pilot-v2.3.6-pressure-burst,none,none,none,none,,False,unspecified,unknown,unknown,,,True,,0,0,0,0,0,0,0,76,0,0.0,16.800000000046566,16.80125000004482,5.5054143542861596,41,591054.6000000047,4,0,6.247331868681099,75.0,0.00013333333314704987,0.00013333333314704987,,,,,16.800000000046566,17.100000000093132,0.0,10129.0,156,0,"{""INTERACTING"": 28, ""RECOVERY"": 16, ""STABLE"": 32}",193,108067866,108017466,True,4032.600000143051,16.800000000046566,2.0,347.0,18.0,0.0,"[{""binEndMs"": 20, ""binStartMs"": 0, ""count"": 2401}, {""binEndMs"": 33.33, ""binStartMs"": 20, ""count"": 0}, {""binEndMs"": 50, ""binStartMs"": 33.33, ""count"": 0}, {""binEndMs"": 66.67, ""binStartMs"": 50, ""count"": 0}, {""binEndMs"": null, ""binStartMs"": 66.67, ""count"": 0}]",,,,,,,,,,,,,,,,,,,,,,,,
pc-b-bagAmsterdam-pressureBurst-reactive-r4-mtlj06au,reactive,bagAmsterdam,pressureBurst,4,20260826,pc-b,pc,2.3.6,lan,pilot,full-pilot-v2.3.6-pressure-burst,none,none,none,none,,False,local,http://localhost:8088,localhost:8088,,,True,,0,0,0,0,0,0,0,75,0,0.0,16.899999999883583,16.95460000033863,5.523897455322222,50,94945.00000000838,4,0,6.313031675636495,74.0,0.012432432705158874,0.012432432705158874,,,,,16.800000000745058,16.90000000037253,0.0012526096033402922,10129.5,173,0,"{""INTERACTING"": 28, ""RECOVERY"": 15, ""STABLE"": 32}",174,122152578,122100378,True,4033.100000143051,16.800000000745058,2.0,52.0,50.0,0.0020876826722338203,"[{""binEndMs"": 20, ""binStartMs"": 0, ""count"": 2390}, {""binEndMs"": 33.33, ""binStartMs"": 20, ""count"": 2}, {""binEndMs"": 50, ""binStartMs"": 33.33, ""count"": 2}, {""binEndMs"": 66.67, ""binStartMs"": 50, ""count"": 1}, {""binEndMs"": null, ""binStartMs"": 66.67, ""count"": 0}]",38.0,32606868.0,42.0,6.0,50.0,50.0,41510748.0,50.0,10.0,50.0,50.0,41510748.0,50.0,10.0,50.0,"{""binMs"": 100, ""bins"": [{""encodedBodyBytes"": 257082, ""endMs"": 100, ""eventCount"": 8, ""startMs"": 0, ""transferBytes"": 259482}, {""encodedBodyBytes"": 8090540, ""endMs"": 14200, ""eventCount"": 12, ""startMs"": 14100, ""transferBytes"": 8094140}, {""encodedBodyBytes"": 9938140, ""endMs"": 15300, ""eventCount"": 17, ""startMs"": 15200, ""transferBytes"": 9943240}, {""encodedBodyBytes"": 26435704, ""endMs"": 16800, ""eventCount"": 35, ""startMs"": 16700, ""transferBytes"": 26446204}, {""encodedBodyBytes"": 4950212, ""endMs"": 16900, ""eventCount"": 7, ""startMs"": 16800, ""transferBytes"": 4952312}, {""encodedBodyBytes"": 8900280, ""endMs"": 18300, ""eventCount"": 12, ""startMs"": 18200, ""transferBytes"": 8903880}, {""encodedBodyBytes"": 32595468, ""endMs"": 18400, ""eventCount"": 38, ""startMs"": 18300, ""transferBytes"": 32606868}, {""encodedBodyBytes"": 13154992, ""endMs"": 19900, ""eventCount"": 16, ""startMs"": 19800, ""transferBytes"": 13159792}, {""encodedBodyBytes"": 4156124, ""endMs"": 24200, ""eventCount"": 7, ""startMs"": 24100, ""transferBytes"": 4158224}, {""encodedBodyBytes"": 7271548, ""endMs"": 24300, ""eventCount"": 13, ""startMs"": 24200, ""transferBytes"": 7275448}, {""encodedBodyBytes"": 5033036, ""endMs"": 34500, ""eventCount"": 8, ""startMs"": 34400, ""transferBytes"": 5035436}, {""encodedBodyBytes"": 1317252, ""endMs"": 44500, ""eventCount"": 1, ""startMs"": 44400, ""transferBytes"": 1317552}], ""originMs"": 4518543.100000143}","{""binMs"": 100, ""bins"": [{""endMs"": 100, ""eventCount"": 7, ""startMs"": 0}, {""endMs"": 14300, ""eventCount"": 12, ""startMs"": 14200}, {""endMs"": 15300, ""eventCount"": 17, ""startMs"": 15200}, {""endMs"": 16900, ""eventCount"": 42, ""startMs"": 16800}, {""endMs"": 18400, ""eventCount"": 12, ""startMs"": 18300}, {""endMs"": 18500, ""eventCount"": 38, ""startMs"": 18400}, {""endMs"": 19900, ""eventCount"": 16, ""startMs"": 19800}, {""endMs"": 24300, ""eventCount"": 20, ""startMs"": 24200}, {""endMs"": 34600, ""eventCount"": 8, ""startMs"": 34500}, {""endMs"": 44600, ""eventCount"": 1, ""startMs"": 44500}], ""originMs"": 4518556.900000095}","{""binMs"": 100, ""bins"": [{""endMs"": 100, ""eventCount"": 4, ""requestQueuePeak"": 6, ""startMs"": 0}, {""endMs"": 14200, ""eventCount"": 2, ""requestQueuePeak"": 12, ""startMs"": 14100}, {""endMs"": 14300, ""eventCount"": 3, ""requestQueuePeak"": 12, ""startMs"": 14200}, {""endMs"": 15300, ""eventCount"": 5, ""requestQueuePeak"": 17, ""startMs"": 15200}, {""endMs"": 16800, ""eventCount"": 3, ""requestQueuePeak"": 42, ""startMs"": 16700}, {""endMs"": 16900, ""eventCount"": 6, ""requestQueuePeak"": 42, ""startMs"": 16800}, {""endMs"": 18300, ""eventCount"": 2, ""requestQueuePeak"": 38, ""startMs"": 18200}, {""endMs"": 18400, ""eventCount"": 3, ""requestQueuePeak"": 50, ""startMs"": 18300}, {""endMs"": 18500, ""eventCount"": 5, ""requestQueuePeak"": 38, ""startMs"": 18400}, {""endMs"": 19800, ""eventCount"": 1, ""requestQueuePeak"": 16, ""startMs"": 19700}, {""endMs"": 19900, ""eventCount"": 4, ""requestQueuePeak"": 16, ""startMs"": 19800}, {""endMs"": 24200, ""eventCount"": 2, ""requestQueuePeak"": 7, ""startMs"": 24100}, {""endMs"": 24300, ""eventCount"": 5, ""requestQueuePeak"": 20, ""startMs"": 24200}, {""endMs"": 34200, ""eventCount"": 2, ""requestQueuePeak"": 8, ""startMs"": 34100}, {""endMs"": 34600, ""eventCount"": 2, ""requestQueuePeak"": 8, ""startMs"": 34500}, {""endMs"": 44200, ""eventCount"": 1, ""requestQueuePeak"": 1, ""startMs"": 44100}, {""endMs"": 44500, ""eventCount"": 1, ""requestQueuePeak"": 1, ""startMs"": 44400}, {""endMs"": 44600, ""eventCount"": 1, ""requestQueuePeak"": 0, ""startMs"": 44500}], ""originMs"": 4518544.5}","{""binMs"": 250, ""bins"": [{""encodedBodyBytes"": 257082, ""endMs"": 250, ""eventCount"": 8, ""startMs"": 0, ""transferBytes"": 259482}, {""encodedBodyBytes"": 8090540, ""endMs"": 14250, ""eventCount"": 12, ""startMs"": 14000, ""transferBytes"": 8094140}, {""encodedBodyBytes"": 9938140, ""endMs"": 15250, ""eventCount"": 17, ""startMs"": 15000, ""transferBytes"": 9943240}, {""encodedBodyBytes"": 4921120, ""endMs"": 16750, ""eventCount"": 8, ""startMs"": 16500, ""transferBytes"": 4923520}, {""encodedBodyBytes"": 26464796, ""endMs"": 17000, ""eventCount"": 34, ""startMs"": 16750, ""transferBytes"": 26474996}, {""encodedBodyBytes"": 41495748, ""endMs"": 18500, ""eventCount"": 50, ""startMs"": 18250, ""transferBytes"": 41510748}, {""encodedBodyBytes"": 13154992, ""endMs"": 20000, ""eventCount"": 16, ""startMs"": 19750, ""transferBytes"": 13159792}, {""encodedBodyBytes"": 11427672, ""endMs"": 24250, ""eventCount"": 20, ""startMs"": 24000, ""transferBytes"": 11433672}, {""encodedBodyBytes"": 5033036, ""endMs"": 34500, ""eventCount"": 8, ""startMs"": 34250, ""transferBytes"": 5035436}, {""encodedBodyBytes"": 1317252, ""endMs"": 44500, ""eventCount"": 1, ""startMs"": 44250, ""transferBytes"": 1317552}], ""originMs"": 4518543.100000143}","{""binMs"": 250, ""bins"": [{""endMs"": 250, ""eventCount"": 7, ""startMs"": 0}, {""endMs"": 14250, ""eventCount"": 12, ""startMs"": 14000}, {""endMs"": 15500, ""eventCount"": 17, ""startMs"": 15250}, {""endMs"": 17000, ""eventCount"": 42, ""startMs"": 16750}, {""endMs"": 18500, ""eventCount"": 50, ""startMs"": 18250}, {""endMs"": 20000, ""eventCount"": 16, ""startMs"": 19750}, {""endMs"": 24250, ""eventCount"": 7, ""startMs"": 24000}, {""endMs"": 24500, ""eventCount"": 13, ""startMs"": 24250}, {""endMs"": 34750, ""eventCount"": 8, ""startMs"": 34500}, {""endMs"": 44750, ""eventCount"": 1, ""startMs"": 44500}], ""originMs"": 4518556.900000095}","{""binMs"": 250, ""bins"": [{""endMs"": 250, ""eventCount"": 4, ""requestQueuePeak"": 6, ""startMs"": 0}, {""endMs"": 14250, ""eventCount"": 5, ""requestQueuePeak"": 12, ""startMs"": 14000}, {""endMs"": 15250, ""eventCount"": 2, ""requestQueuePeak"": 17, ""startMs"": 15000}, {""endMs"": 15500, ""eventCount"": 3, ""requestQueuePeak"": 17, ""startMs"": 15250}, {""endMs"": 16750, ""eventCount"": 1, ""requestQueuePeak"": 20, ""startMs"": 16500}, {""endMs"": 17000, ""eventCount"": 8, ""requestQueuePeak"": 42, ""startMs"": 16750}, {""endMs"": 18500, ""eventCount"": 10, ""requestQueuePeak"": 50, ""startMs"": 18250}, {""endMs"": 20000, ""eventCount"": 5, ""requestQueuePeak"": 16, ""startMs"": 19750}, {""endMs"": 24250, ""eventCount"": 5, ""requestQueuePeak"": 20, ""startMs"": 24000}, {""endMs"": 24500, ""eventCount"": 2, ""requestQueuePeak"": 8, ""startMs"": 24250}, {""endMs"": 34250, ""eventCount"": 2, ""requestQueuePeak"": 8, ""startMs"": 34000}, {""endMs"": 34750, ""eventCount"": 2, ""requestQueuePeak"": 8, ""startMs"": 34500}, {""endMs"": 44250, ""eventCount"": 1, ""requestQueuePeak"": 1, ""startMs"": 44000}, {""endMs"": 44500, ""eventCount"": 1, ""requestQueuePeak"": 1, ""startMs"": 44250}, {""endMs"": 44750, ""eventCount"": 1, ""requestQueuePeak"": 0, ""startMs"": 44500}], ""originMs"": 4518544.5}","{""binMs"": 500, ""bins"": [{""encodedBodyBytes"": 257082, ""endMs"": 500, ""eventCount"": 8, ""startMs"": 0, ""transferBytes"": 259482}, {""encodedBodyBytes"": 8090540, ""endMs"": 14500, ""eventCount"": 12, ""startMs"": 14000, ""transferBytes"": 8094140}, {""encodedBodyBytes"": 9938140, ""endMs"": 15500, ""eventCount"": 17, ""startMs"": 15000, ""transferBytes"": 9943240}, {""encodedBodyBytes"": 31385916, ""endMs"": 17000, ""eventCount"": 42, ""startMs"": 16500, ""transferBytes"": 31398516}, {""encodedBodyBytes"": 41495748, ""endMs"": 18500, ""eventCount"": 50, ""startMs"": 18000, ""transferBytes"": 41510748}, {""encodedBodyBytes"": 13154992, ""endMs"": 20000, ""eventCount"": 16, ""startMs"": 19500, ""transferBytes"": 13159792}, {""encodedBodyBytes"": 11427672, ""endMs"": 24500, ""eventCount"": 20, ""startMs"": 24000, ""transferBytes"": 11433672}, {""encodedBodyBytes"": 5033036, ""endMs"": 34500, ""eventCount"": 8, ""startMs"": 34000, ""transferBytes"": 5035436}, {""encodedBodyBytes"": 1317252, ""endMs"": 44500, ""eventCount"": 1, ""startMs"": 44000, ""transferBytes"": 1317552}], ""originMs"": 4518543.100000143}","{""binMs"": 500, ""bins"": [{""endMs"": 500, ""eventCount"": 7, ""startMs"": 0}, {""endMs"": 14500, ""eventCount"": 12, ""startMs"": 14000}, {""endMs"": 15500, ""eventCount"": 17, ""startMs"": 15000}, {""endMs"": 17000, ""eventCount"": 42, ""startMs"": 16500}, {""endMs"": 18500, ""eventCount"": 50, ""startMs"": 18000}, {""endMs"": 20000, ""eventCount"": 16, ""startMs"": 19500}, {""endMs"": 24500, ""eventCount"": 20, ""startMs"": 24000}, {""endMs"": 35000, ""eventCount"": 8, ""startMs"": 34500}, {""endMs"": 45000, ""eventCount"": 1, ""startMs"": 44500}], ""originMs"": 4518556.900000095}","{""binMs"": 500, ""bins"": [{""endMs"": 500, ""eventCount"": 4, ""requestQueuePeak"": 6, ""startMs"": 0}, {""endMs"": 14500, ""eventCount"": 5, ""requestQueuePeak"": 12, ""startMs"": 14000}, {""endMs"": 15500, ""eventCount"": 5, ""requestQueuePeak"": 17, ""startMs"": 15000}, {""endMs"": 17000, ""eventCount"": 9, ""requestQueuePeak"": 42, ""startMs"": 16500}, {""endMs"": 18500, ""eventCount"": 10, ""requestQueuePeak"": 50, ""startMs"": 18000}, {""endMs"": 20000, ""eventCount"": 5, ""requestQueuePeak"": 16, ""startMs"": 19500}, {""endMs"": 24500, ""eventCount"": 7, ""requestQueuePeak"": 20, ""startMs"": 24000}, {""endMs"": 34500, ""eventCount"": 2, ""requestQueuePeak"": 8, ""startMs"": 34000}, {""endMs"": 35000, ""eventCount"": 2, ""requestQueuePeak"": 8, ""startMs"": 34500}, {""endMs"": 44500, ""eventCount"": 2, ""requestQueuePeak"": 1, ""startMs"": 44000}, {""endMs"": 45000, ""eventCount"": 1, ""requestQueuePeak"": 0, ""startMs"": 44500}], ""originMs"": 4518544.5}"
pc-publicStress-burst-proposed-r1-mt5t1bd0,proposed,publicStress,burst,1,20260823,pc,pc,,lan,legacy,legacy,none,none,none,none,,False,unspecified,unknown,unknown,,,True,,0,0,0,0,0,0,0,4,4,1.0,1010.0420000003576,1012.6724000000714,55.83235590722091,0,0.0,1,0,22.412311830763663,,,,,,,,903.3199999999996,1020.664,1.0,,0,0,"{""PRESSURE"": 4}",1,80572,80272,,,,,,,,,,,,,,,,,,,,,,,,,,,,,,,,
pc-publicStress-burst-proposed-r1-mt5trs46,proposed,publicStress,burst,1,20260823,pc,pc,,lan,legacy,legacy,none,none,none,none,,False,unspecified,unknown,unknown,,,False,no-tile-content|no-tile-resource-timing,0,0,0,0,0,0,0,4,4,1.0,956.0915000005377,957.8183000001086,56.16682750807704,0,0.0,1,0,25.175177275206654,,,,,,,,791.6500000000005,958.2500000000014,1.0,,0,0,"{""PRESSURE"": 4}",1,80922,80622,,,,,,,,,,,,,,,,,,,,,,,,,,,,,,,,
pc-publicStress-burst-proposed-r1-mt5tw8fh,proposed,publicStress,burst,1,20260823,pc,pc,,lan,legacy,legacy,none,none,none,none,,False,unspecified,unknown,unknown,,,False,no-tile-content|no-tile-resource-timing,0,0,0,0,0,0,0,4,4,1.0,912.1867499994636,914.4373499998927,55.94394327193387,0,0.0,1,0,25.175177275206654,,,,,,,,757.4999999999998,911.5000000000002,1.0,,0,0,"{""PRESSURE"": 4}",1,80922,80622,,,,,,,,,,,,,,,,,,,,,,,,,,,,,,,,
pc-publicStress-burst-proposed-r1-mt5tyz5k,proposed,publicStress,burst,1,20260823,pc,pc,,lan,legacy,legacy,none,none,none,none,,False,unspecified,unknown,unknown,,,False,no-tile-content|no-tile-resource-timing,0,0,0,0,0,0,0,3,3,1.0,1115.0740000000012,1117.6068000000012,52.73300376051043,0,0.0,1,0,25.35175560907592,,,,,,,,1039.0900000000006,1127.7380000000012,1.0,,0,0,"{""PRESSURE"": 3}",1,80922,80622,,,,,,,,,,,,,,,,,,,,,,,,,,,,,,,,
pc-publicStress-burst-proposed-r1-mt5u2e1p,proposed,publicStress,burst,1,20260823,pc,pc,,lan,legacy,legacy,none,none,none,none,,False,unspecified,unknown,unknown,,,False,initial-load-timeout,0,0,0,0,0,0,0,5,5,1.0,746.2479999999981,746.5135999999981,55.82111907563924,1,716.7000000000007,1,0,21.39723975607145,,,,,,,,741.5999999999985,748.239999999998,1.0,20060.8,61,0,"{""PRESSURE"": 5}",62,2981228,2962628,,,,,,,,,,,,,,,,,,,,,,,,,,,,,,,,
pc-publicStress-burst-proposed-r1-mt5u4smv,proposed,publicStress,burst,1,20260823,pc,pc,,lan,legacy,legacy,none,none,none,none,,False,unspecified,unknown,unknown,,,True,,3,0,3,0,0,0,0,4,4,1.0,934.9299999999988,934.9299999999988,55.02231815238505,29,48046.10000000002,1,0,25.901143967191885,,,,,,,,887.4249999999993,950.7649999999987,1.0,,61,0,"{""PRESSURE"": 4}",62,2981228,2962628,,,,,,,,,,,,,,,,,,,,,,,,,,,,,,,,
pc-publicStress-burst-proposed-r1-mt5u7teu,proposed,publicStress,burst,1,20260823,pc,pc,,lan,legacy,legacy,none,none,none,none,,False,unspecified,unknown,unknown,,,True,,3,0,3,0,0,0,0,4,4,1.0,986.6099999999988,986.6099999999988,56.40909542262005,20,38739.200000405326,1,0,19.85900109193162,,,,,,,,956.619999999999,1004.6039999999987,1.0,,61,0,"{""PRESSURE"": 4}",62,2981228,2962628,,,,,,,,,,,,,,,,,,,,,,,,,,,,,,,,
unregistered-bagAmsterdam-pressureBurst-pi-r1-mtjqtjti,pi,bagAmsterdam,pressureBurst,1,20260823,unregistered,pc,2.3.6,lan,pilot,request-peak-probe-v2.3.6-pressure-burst,none,none,none,none,,False,unspecified,unknown,unknown,,,True,,0,0,0,0,0,0,0,76,0,0.0,16.89999999999418,16.89999999999418,4.05375166771129,39,660682.3000000005,1,0,1.5604316153848146,75.0,0.008200000000438478,0.008200000000438478,,,,,16.800000000017462,17.0,0.0,10131.5,37,0,"{""RECOVERY"": 2, ""STABLE"": 74}",85,15655062,15639762,True,4032.600000143051,16.800000000017462,2.0,103.0,17.5,0.0,"[{""binEndMs"": 20, ""binStartMs"": 0, ""count"": 2401}, {""binEndMs"": 33.33, ""binStartMs"": 20, ""count"": 0}, {""binEndMs"": 50, ""binStartMs"": 33.33, ""count"": 0}, {""binEndMs"": 66.67, ""binStartMs"": 50, ""count"": 0}, {""binEndMs"": null, ""binStartMs"": 66.67, ""count"": 0}]",,,,,,,,,,,,,,,,,,,,,,,,
unregistered-publicStress-burst-proposed-r1-mt61laaw,proposed,publicStress,burst,1,20260823,unregistered,pc,2.0.0,lan,legacy,legacy,none,none,none,none,,False,unspecified,unknown,unknown,,,False,initial-content-timeout,2,0,2,0,0,0,0,3,3,1.0,956.6899999999972,956.6899999999972,52.44437036419701,31,50629.19999999991,1,0,25.002083506958957,2.0,128.58543997301553,21.527499999403915,1.0,1.0,1.0,816.5999999999985,1377.4200000000005,1435.4040000000011,1.0,,46,0,"{""PRESSURE"": 3}",62,2410676,2395676,,,,,,,,,,,,,,,,,,,,,,,,,,,,,,,,
unregistered-publicStress-burst-proposed-r1-mt61ltg9,proposed,publicStress,burst,1,20260823,unregistered,pc,2.0.0,lan,legacy,legacy,none,none,none,none,,False,unspecified,unknown,unknown,,,True,,2,0,2,0,0,0,0,4,4,1.0,667.5485000000027,668.1497000000029,57.86879356183084,42,59746.90000000002,1,0,21.55636990730754,3.0,106.209087862802,11.090000000795422,1.0,1.0,1.0,644.4333333333343,643.2800000000002,675.2960000000023,1.0,,35,0,"{""PRESSURE"": 4}",49,2363130,2348430,,,,,,,,,,,,,,,,,,,,,,,,,,,,,,,,
unregistered-publicStress-burst-proposed-r1-mt61rgcb,proposed,publicStress,burst,1,20260823,unregistered,pc,2.0.0,lan,legacy,legacy,none,none,none,none,,False,unspecified,unknown,unknown,,,True,,2,0,2,0,0,0,0,2,2,1.0,3260.3915000000056,3265.358300000006,48.0,40,48409.59999408704,1,0,38.42213115223403,1.0,1935.9743212671417,124.17000000000053,1.0,1.0,1.0,780.7999999046297,3142.4300000000053,3241.7660000000055,1.0,,20,0,"{""PRESSURE"": 2}",32,1554848,1545248,,,,,,,,,,,,,,,,,,,,,,,,,,,,,,,,
unregistered-publicStress-burst-proposed-r1-mt61ypp2,proposed,publicStress,burst,1,20260823,unregistered,pc,2.0.0,lan,legacy,legacy,none,none,none,none,,False,unspecified,unknown,unknown,,,True,,3,0,3,0,0,0,0,4,4,1.0,1116.6099999999992,1116.6099999999992,56.743648175349776,27,43624.800000405405,1,0,20.40746913337195,3.0,217.77007243107064,42.29000000039673,1.0,1.0,1.0,701.1333333412816,1149.094999999999,1163.0989999999986,1.0,,51,0,"{""PRESSURE"": 4}",62,2743498,2726398,,,,,,,,,,,,,,,,,,,,,,,,,,,,,,,,
unregistered-publicStress-burst-proposed-r1-mt634s3w,proposed,publicStress,burst,1,20260823,unregistered,pc,2.0.0,lan,legacy,legacy,none,none,none,none,,False,unspecified,unknown,unknown,,,True,,2,0,2,0,0,0,0,2,2,1.0,3094.3165000000013,3098.7833000000014,48.0,33,51990.0,1,0,34.62204270051933,1.0,1806.3291774152776,111.67000000000007,1.0,1.0,1.0,866.5,2958.2500000000014,3071.5700000000015,1.0,,28,0,"{""PRESSURE"": 2}",56,2695952,2679152,,,,,,,,,,,,,,,,,,,,,,,,,,,,,,,,
unregistered-publicStress-burst-proposed-r1-mt8dsamt,proposed,publicStress,burst,1,20260823,unregistered,pc,2.0.0,lan,legacy,legacy,none,none,none,none,,False,unspecified,unknown,unknown,,,True,,3,0,3,0,0,0,0,5,5,1.0,681.5740000000012,682.9068000000012,58.11936595450809,24,33132.599999999984,1,0,20.675396278449924,4.0,141.42221678263007,50.6187499999818,1.0,1.0,1.0,600.2499999996271,633.2600000000006,686.5720000000013,1.0,,58,0,"{""PRESSURE"": 5}",62,2838590,2820890,,,,,,,,,,,,,,,,,,,,,,,,,,,,,,,,
unregistered-publicStress-burst-proposed-r1-mt8eymje,proposed,publicStress,burst,1,20260823,unregistered,pc,2.0.0,lan,adHoc,legacy,none,none,none,none,,False,unspecified,unknown,unknown,,,True,,3,0,3,0,0,0,0,4,4,1.0,765.7854999999995,767.0850999999996,51.3996849921248,9,14698.800000000007,1,0,22.500562514062864,2.0,152.18609192362476,106.62999999999994,1.0,1.0,1.0,549.9499999999998,724.0899999999995,784.7379999999996,1.0,,61,0,"{""PRESSURE"": 4}",62,2981228,2962628,,,,,,,,,,,,,,,,,,,,,,,,,,,,,,,,
unregistered-publicStress-burst-proposed-r1-mt9zx6mm,proposed,publicStress,burst,1,20260823,unregistered,pc,2.2.2,lan,adHoc,none,none,none,none,none,,False,unspecified,unknown,unknown,,,True,,3,0,3,0,0,0,0,5,5,1.0,789.1110000000019,791.1102000000019,57.676546481633395,18,20767.80000000447,1,0,20.92196108511977,4.0,164.05748157509993,38.550000000028774,1.0,1.0,1.0,579.3000000005586,775.7550000000006,808.4310000000019,1.0,14227.499999999254,44,0,"{""PRESSURE"": 5}",46,2172946,2159446,,,,,16.0,,,,,,,,,,,,,,,,,,,,,,,,,,,
unregistered-publicStress-burst-proposed-r1-mtb80nan,proposed,publicStress,burst,1,20260823,unregistered,pc,2.3.0,lan,adHoc,none,none,none,none,none,,False,unspecified,unknown,unknown,,,True,,3,0,3,0,0,0,0,4,4,1.0,1107.8047500000198,1109.584950000002,55.7116339304986,17,14749.30000000001,1,0,25.901143967191885,3.0,108.79441661300272,52.16999999995028,1.0,1.0,1.0,594.4000000000002,883.3499999999985,1110.0299999999975,1.0,13450.599999997019,45,0,"{""PRESSURE"": 4}",46,2220492,2206692,,,,,14.0,,,,,,,,,,,,,,,,,,,,,,,,,,,
unregistered-publicStress-burst-proposed-r1-mtbabs7a,proposed,publicStress,burst,1,20260823,unregistered,pc,2.3.1,lan,adHoc,none,none,none,none,none,,False,unspecified,unknown,unknown,,,True,,3,0,3,0,0,0,0,3,3,1.0,1096.5424999999996,1101.9404999999995,46.055981408900145,13,22916.70000000001,1,0,20.810932676632778,1.0,67.47500000000014,67.47500000000014,1.0,1.0,1.0,633.2000000000007,1058.2749999999996,1118.2949999999994,1.0,12719.000000008942,45,0,"{""PRESSURE"": 3}",46,2220492,2206692,,,,,12.0,,,,,,,,,,,,,,,,,,,,,,,,,,,
unregistered-publicStress-burst-proposed-r1-mtblvbbf,proposed,publicStress,burst,1,20260823,unregistered,pc,2.3.3,lan,adHoc,none,none,none,none,none,,False,unspecified,unknown,unknown,,,True,,0,0,0,0,0,0,0,4,4,1.0,266.7000000000006,266.7000000000006,55.515250693213346,0,0.0,1,0,27.273966998499915,3.0,3.0316490059097606e-13,2.2737367544323206e-13,1.0,1.0,1.0,555.5333333333334,266.6999999999998,266.70000000000056,1.0,4920.699999997019,45,0,"{""PRESSURE"": 4}",46,2220492,2206692,,,,,8.0,,,,,,,,,,,,,,,,,,,,,,,,,,,
unregistered-publicStress-burst-proposed-r1-mtblwbuz,proposed,publicStress,burst,1,20260823,unregistered,pc,2.3.3,lan,adHoc,none,none,none,none,none,,False,unspecified,unknown,unknown,,,False,pre-run-frame-instability,0,0,0,0,0,0,0,4,4,1.0,596.4614999999945,597.0962999999945,55.772682466892476,0,0.0,1,0,25.714653066472348,3.0,27.955277365666387,22.92333333333079,1.0,1.0,1.0,577.7666666666677,573.4499999999971,594.6099999999948,1.0,11149.899999999994,45,0,"{""PRESSURE"": 4}",46,2220492,2206692,False,61810.20000000298,144.5999999932974,30.0,11.0,,,,,,,,,,,,,,,,,,,,,,,,,,,
unregistered-publicStress-burst-proposed-r1-mtbm0xhl,proposed,publicStress,burst,1,20260823,unregistered,pc,2.3.3,lan,adHoc,none,none,none,none,none,,False,unspecified,unknown,unknown,,,False,pre-run-frame-instability,0,0,0,0,0,0,0,3,3,1.0,563.0259999999977,563.2931999999977,53.76084478310426,14,12566.500000000015,1,0,35.99928001439978,2.0,4.772251453386957,4.367500000148823,1.0,1.0,1.0,550.0,553.3399999999995,564.0279999999975,1.0,,45,0,"{""PRESSURE"": 3}",46,2220492,2206692,False,2153.4999999701977,116.69000000000051,6.0,10.0,,,,,,,,,,,,,,,,,,,,,,,,,,,
unregistered-publicStress-burst-proposed-r1-mtbm18kb,proposed,publicStress,burst,1,20260823,unregistered,pc,2.3.3,lan,adHoc,none,none,none,none,none,,False,unspecified,unknown,unknown,,,False,pre-run-frame-instability,0,0,0,0,0,0,0,3,3,1.0,516.6000000000018,516.6000000000018,53.979876348648325,13,11815.199999999968,1,0,36.36804461146816,2.0,2.5306024004846677,2.155000000149073,1.0,1.0,1.0,541.5999999999985,516.6000000000007,516.6000000000018,1.0,,45,0,"{""PRESSURE"": 3}",46,2220492,2206692,False,2379.9000000208616,133.3800000000014,8.0,10.0,,,,,,,,,,,,,,,,,,,,,,,,,,,
unregistered-publicStress-burst-proposed-r1-mtbm1f1m,proposed,publicStress,burst,1,20260823,unregistered,pc,2.3.3,lan,adHoc,none,none,none,none,none,,False,unspecified,unknown,unknown,,,False,pre-run-frame-instability,0,0,0,0,0,0,0,4,4,1.0,531.3589999998075,531.7357999998433,56.05991533702377,9,14698.80000000004,1,0,27.910871284365204,3.0,16.915754369762567,13.083333334576954,1.0,1.0,1.0,544.4000000000015,517.6999999985092,530.259999999703,1.0,,45,0,"{""PRESSURE"": 4}",46,2220492,2206692,False,2055.2000000327826,131.6699999994067,6.0,9.0,,,,,,,,,,,,,,,,,,,,,,,,,,,
unregistered-publicStress-burst-proposed-r1-mtbm2s8a,proposed,publicStress,burst,1,20260823,unregistered,pc,2.3.3,lan,adHoc,none,none,none,none,none,,False,unspecified,unknown,unknown,,,True,,0,0,0,0,0,0,0,4,4,1.0,594.202,595.2724,56.1623055884394,0,0.0,1,0,24.492795036126864,3.0,44.95912683845643,37.16666666666697,1.0,1.0,1.0,605.5,559.8599999999996,591.972,1.0,11751.8,45,0,"{""PRESSURE"": 4}",46,2220492,2206692,True,541.3999999910593,133.7999999999998,2.0,11.0,,,,,,,,,,,,,,,,,,,,,,,,,,,
unregistered-publicStress-burst-proposed-r1-mtchar0x,proposed,publicStress,burst,1,20260823,unregistered,pc,2.3.3,lan,adHoc,none,none,none,none,none,,False,unspecified,unknown,unknown,,,True,,0,0,0,0,0,0,0,4,4,1.0,264.5664999999987,264.8652999999987,54.717478930010984,0,0.0,1,0,27.482594356907285,3.0,6.496133333332769,4.703333333332921,1.0,1.0,1.0,555.5333333333334,248.34000000000012,262.9479999999989,1.0,5111.799999988079,45,0,"{""PRESSURE"": 4}",46,2220492,2206692,True,616.5,80.81000000000012,2.0,8.0,,,,,,,,,,,,,,,,,,,,,,,,,,,
unregistered-publicStress-burst-proposed-r1-mtgsbasa,proposed,publicStress,burst,1,20260823,unregistered,pc,2.3.4,lan,adHoc,none,none,none,none,none,,False,unspecified,unknown,unknown,,,False,pre-run-frame-instability|initial-content-timeout,0,0,0,0,0,0,0,3,3,1.0,806.0964999999974,806.4872999999973,51.845030463699395,19,22850.999999999953,1,0,27.905678805636963,2.0,98.53499999999786,98.53499999999786,1.0,1.0,1.0,741.6999999999989,786.6999999999978,810.6999999999972,1.0,,45,0,"{""PRESSURE"": 3}",46,2220492,2206692,False,2103.600000023842,313.0399999994026,4.0,13.0,,,,,,,,,,,,,,,,,,,,,,,,,,,
unregistered-publicStress-burst-proposed-r1-mtgsbs33,proposed,publicStress,burst,1,20260823,unregistered,pc,2.3.4,lan,adHoc,none,none,none,none,none,,False,unspecified,unknown,unknown,,,False,pre-run-frame-instability,1,0,1,0,0,0,0,3,3,1.0,968.4519999989298,969.3543999988344,51.156373729539915,11,24015.699999999953,1,0,24.49079554267527,2.0,135.98000001073046,135.98000001073046,1.0,1.0,1.0,858.2999999999993,945.8000000000018,975.8000000000027,1.0,,45,0,"{""PRESSURE"": 3}",46,2220492,2206692,False,2160.5000001192093,231.2349999988106,5.0,13.0,,,,,,,,,,,,,,,,,,,,,,,,,,,
unregistered-publicStress-burst-proposed-r1-mtgsc0s9,proposed,publicStress,burst,1,20260823,unregistered,pc,2.3.4,lan,adHoc,none,none,none,none,none,,False,unspecified,unknown,unknown,,,False,pre-run-frame-instability,3,0,3,0,0,0,0,3,3,1.0,960.9340000000037,976.2508000000045,54.85861219242179,29,80202.80000000016,1,0,21.42780614978032,1.0,214.31999999999175,214.31999999999175,1.0,1.0,1.0,799.8999999999942,970.070000000004,994.0940000000054,1.0,,32,0,"{""PRESSURE"": 3}",46,2220492,2206692,False,2279.300000011921,215.10500000000138,5.0,13.0,,,,,,,,,,,,,,,,,,,,,,,,,,,
unregistered-publicStress-burst-proposed-r1-mtgsftdq,proposed,publicStress,burst,1,20260823,unregistered,pc,2.3.4,lan,adHoc,none,none,none,none,none,,False,unspecified,unknown,unknown,,,True,,0,0,0,0,0,0,0,4,4,1.0,347.9590000023246,348.33580000189545,55.20516696440841,2,1200.0,1,0,27.483853236223712,3.0,7.860799998021359,5.600000000596329,1.0,1.0,1.0,555.5,328.02000002503445,345.60400000500687,1.0,6591.900000011921,45,0,"{""PRESSURE"": 4}",46,2220492,2206692,True,619.6999999880791,83.38500000000049,2.0,9.0,,,,,,,,,,,,,,,,,,,,,,,,,,,
unregistered-publicStress-burst-proposed-r1-mtgtj7x4,proposed,publicStress,burst,1,20260823,unregistered,pc,2.3.5,lan,adHoc,none,none,none,none,none,,False,unspecified,unknown,unknown,,,True,,0,0,0,0,0,0,0,1,1,1.0,400.07500000000164,400.07500000000164,32.0,0,0.0,0,0,0.0,0.0,,,,,,,411.64999999999964,415.60999999999876,1.0,9868.5,45,0,"{""PRESSURE"": 1}",46,2220492,2206692,True,645.0,130.60999999761515,2.0,10.0,,,,,,,,,,,,,,,,,,,,,,,,,,,
unregistered-publicStress-burst-proposed-r1-mth13bze,proposed,publicStress,burst,1,20260823,unregistered,pc,2.3.5,lan,adHoc,none,none,none,none,none,,False,unspecified,unknown,unknown,,,True,,0,0,0,0,0,0,0,1,1,1.0,639.8399999904635,639.8399999904635,32.0,9,9.0,0,0,0.0,0.0,,,,,,,609.7599999856951,681.951999997139,1.0,,45,0,"{""PRESSURE"": 1}",46,2220492,2206692,True,988.6000000238419,248.49499999821055,2.0,9.0,,,,,,,,,,,,,,,,,,,,,,,,,,,
unregistered-publicStress-pressureBurst-proposed-r1-mth4wkge,proposed,publicStress,pressureBurst,1,20260823,unregistered,pc,2.3.6,lan,adHoc,none,none,none,none,none,,False,unspecified,unknown,unknown,,,True,,0,0,0,0,0,0,0,1,1,1.0,428.31,428.31,32.0,7,7.0,0,0,0.0,0.0,,,,,,,400.8149999999999,466.8030000000002,1.0,3910.699999988079,61,0,"{""PRESSURE"": 1}",62,2981228,2962628,True,563.7999999523163,33.299999999999955,2.0,9.0,,,,,,,,,,,,,,,,,,,,,,,,,,,
unregistered-publicStress-pressureBurst-proposed-r1-mth55orb,proposed,publicStress,pressureBurst,1,20260823,unregistered,pc,2.3.6,lan,adHoc,none,none,none,none,none,,False,unspecified,unknown,unknown,,,True,,0,0,0,0,0,0,0,1,1,1.0,403.22999999999956,403.22999999999956,32.0,7,7.0,0,0,0.0,0.0,,,,,,,393.23999999999955,425.20799999999974,1.0,5775.10000001192,61,0,"{""PRESSURE"": 1}",62,2981228,2962628,True,608.0999999642372,64.34000000476826,2.0,9.0,,,,,,,,,,,,,,,,,,,,,,,,,,,
unregistered-publicStress-pressureBurst-proposed-r1-mtidrply,proposed,publicStress,pressureBurst,1,20260823,unregistered,pc,2.3.6,lan,adHoc,none,none,none,none,none,,False,unspecified,unknown,unknown,,,True,,0,0,0,0,0,0,0,1,1,1.0,404.10000000000036,404.10000000000036,32.0,7,7.0,0,0,0.0,0.0,,,,,,,399.10000000000036,413.10000000000036,1.0,,61,0,"{""PRESSURE"": 1}",62,2981228,2962628,True,593.0000000596046,83.30000000000018,2.0,9.0,,,,,,,,,,,,,,,,,,,,,,,,,,,
unregistered-publicStress-pressureBurst-proposed-r1-mtie1u20,proposed,publicStress,pressureBurst,1,20260823,unregistered,pc,2.3.6,lan,adHoc,none,none,none,none,none,,False,unspecified,unknown,unknown,,,True,,0,0,0,0,0,0,0,1,1,1.0,759.209999998808,759.209999998808,32.0,9,9.0,0,0,0.0,0.0,,,,,,,780.7800000000025,782.7960000000028,1.0,,61,0,"{""PRESSURE"": 1}",62,2981228,2962628,True,827.0,212.55999996602532,2.0,13.0,,,,,,,,,,,,,,,,,,,,,,,,,,,
unregistered-publicStress-pressureBurst-proposed-r1-mtiq3lbh,proposed,publicStress,pressureBurst,1,20260823,unregistered,pc,2.3.6,lan,adHoc,none,none,none,none,none,,False,unspecified,unknown,unknown,,,True,,0,0,0,0,0,0,0,1,1,1.0,374.97499999999945,374.97499999999945,32.0,18,18.0,0,0,0.0,0.0,,,,,,,415.8000000000004,429.800000000001,1.0,6751.400000023841,61,0,"{""PRESSURE"": 1}",62,2981228,2962628,True,570.8000000715256,80.87999999999974,2.0,9.0,433.3000000000011,1.0,"[{""binEndMs"": 20, ""binStartMs"": 0, ""count"": 0}, {""binEndMs"": 33.33, ""binStartMs"": 20, ""count"": 0}, {""binEndMs"": 50, ""binStartMs"": 33.33, ""count"": 0}, {""binEndMs"": 66.67, ""binStartMs"": 50, ""count"": 0}, {""binEndMs"": null, ""binStartMs"": 66.67, ""count"": 8}]",,,,,,,,,,,,,,,,,,,,,,,,
unregistered-publicStress-pressureBurst-proposed-r1-mtiq7qtl,proposed,publicStress,pressureBurst,1,20260823,unregistered,pc,2.3.6,lan,adHoc,none,none,none,none,none,,False,unspecified,unknown,unknown,,,True,,0,0,0,0,0,0,0,1,1,1.0,408.3000000000002,408.3000000000002,32.0,9,9.0,0,0,0.0,0.0,,,,,,,439.90999999999985,447.90199999999965,1.0,6685.200000000001,61,0,"{""PRESSURE"": 1}",62,2981228,2962628,True,661.3999999761581,83.30000000000018,2.0,9.0,449.89999999999964,1.0,"[{""binEndMs"": 20, ""binStartMs"": 0, ""count"": 0}, {""binEndMs"": 33.33, ""binStartMs"": 20, ""count"": 0}, {""binEndMs"": 50, ""binStartMs"": 33.33, ""count"": 0}, {""binEndMs"": 66.67, ""binStartMs"": 50, ""count"": 0}, {""binEndMs"": null, ""binStartMs"": 66.67, ""count"": 7}]",,,,,,,,,,,,,,,,,,,,,,,,
unregistered-publicStress-pressureBurst-proposed-r1-mtk1y0tp,proposed,publicStress,pressureBurst,1,20260823,unregistered,pc,2.3.6,lan,adHoc,none,none,none,none,none,,False,local,http://127.0.0.1:8091,127.0.0.1:8091,,,True,,0,0,0,0,0,0,0,1,1,1.0,340.05000000000035,340.05000000000035,32.0,17,17.0,0,0,0.0,0.0,,,,,,,336.70000000000033,347.42000000000036,1.0,6843.0,61,0,"{""PRESSURE"": 1}",62,2981228,2962628,True,710.9000000953674,83.4000000000004,2.0,9.0,350.10000000000036,1.0,"[{""binEndMs"": 20, ""binStartMs"": 0, ""count"": 0}, {""binEndMs"": 33.33, ""binStartMs"": 20, ""count"": 0}, {""binEndMs"": 50, ""binStartMs"": 33.33, ""count"": 0}, {""binEndMs"": 66.67, ""binStartMs"": 50, ""count"": 0}, {""binEndMs"": null, ""binStartMs"": 66.67, ""count"": 9}]",17.0,808282.0,18.0,2.0,61.0,17.0,808282.0,18.0,1.0,61.0,25.0,1188650.0,26.0,2.0,61.0,"{""binMs"": 100, ""bins"": [{""encodedBodyBytes"": 80622, ""endMs"": 100, ""eventCount"": 1, ""startMs"": 0, ""transferBytes"": 80922}, {""encodedBodyBytes"": 47246, ""endMs"": 500, ""eventCount"": 1, ""startMs"": 400, ""transferBytes"": 47546}, {""encodedBodyBytes"": 803182, ""endMs"": 600, ""eventCount"": 17, ""startMs"": 500, ""transferBytes"": 808282}, {""encodedBodyBytes"": 377968, ""endMs"": 1200, ""eventCount"": 8, ""startMs"": 1100, ""transferBytes"": 380368}, {""encodedBodyBytes"": 472460, ""endMs"": 3500, ""eventCount"": 10, ""startMs"": 3400, ""transferBytes"": 475460}, {""encodedBodyBytes"": 377968, ""endMs"": 3700, ""eventCount"": 8, ""startMs"": 3600, ""transferBytes"": 380368}, {""encodedBodyBytes"": 803182, ""endMs"": 4000, ""eventCount"": 17, ""startMs"": 3900, ""transferBytes"": 808282}], ""originMs"": 6038.199999928474}","{""binMs"": 100, ""bins"": [{""endMs"": 100, ""eventCount"": 18, ""startMs"": 0}, {""endMs"": 300, ""eventCount"": 8, ""startMs"": 200}, {""endMs"": 900, ""eventCount"": 18, ""startMs"": 800}, {""endMs"": 1900, ""eventCount"": 17, ""startMs"": 1800}], ""originMs"": 10022.799999952316}","{""binMs"": 100, ""bins"": [{""endMs"": 100, ""eventCount"": 1, ""requestQueuePeak"": 20, ""startMs"": 0}, {""endMs"": 700, ""eventCount"": 1, ""requestQueuePeak"": 38, ""startMs"": 600}, {""endMs"": 3000, ""eventCount"": 1, ""requestQueuePeak"": 46, ""startMs"": 2900}, {""endMs"": 3200, ""eventCount"": 1, ""requestQueuePeak"": 56, ""startMs"": 3100}, {""endMs"": 3500, ""eventCount"": 1, ""requestQueuePeak"": 61, ""startMs"": 3400}, {""endMs"": 3800, ""eventCount"": 2, ""requestQueuePeak"": 43, ""startMs"": 3700}, {""endMs"": 4500, ""eventCount"": 1, ""requestQueuePeak"": 17, ""startMs"": 4400}, {""endMs"": 5400, ""eventCount"": 1, ""requestQueuePeak"": 0, ""startMs"": 5300}], ""originMs"": 6538.799999952316}","{""binMs"": 250, ""bins"": [{""encodedBodyBytes"": 80622, ""endMs"": 250, ""eventCount"": 1, ""startMs"": 0, ""transferBytes"": 80922}, {""encodedBodyBytes"": 47246, ""endMs"": 500, ""eventCount"": 1, ""startMs"": 250, ""transferBytes"": 47546}, {""encodedBodyBytes"": 803182, ""endMs"": 750, ""eventCount"": 17, ""startMs"": 500, ""transferBytes"": 808282}, {""encodedBodyBytes"": 377968, ""endMs"": 1250, ""eventCount"": 8, ""startMs"": 1000, ""transferBytes"": 380368}, {""encodedBodyBytes"": 472460, ""endMs"": 3500, ""eventCount"": 10, ""startMs"": 3250, ""transferBytes"": 475460}, {""encodedBodyBytes"": 377968, ""endMs"": 3750, ""eventCount"": 8, ""startMs"": 3500, ""transferBytes"": 380368}, {""encodedBodyBytes"": 803182, ""endMs"": 4000, ""eventCount"": 17, ""startMs"": 3750, ""transferBytes"": 808282}], ""originMs"": 6038.199999928474}","{""binMs"": 250, ""bins"": [{""endMs"": 250, ""eventCount"": 18, ""startMs"": 0}, {""endMs"": 500, ""eventCount"": 8, ""startMs"": 250}, {""endMs"": 1000, ""eventCount"": 18, ""startMs"": 750}, {""endMs"": 2000, ""eventCount"": 17, ""startMs"": 1750}], ""originMs"": 10022.799999952316}","{""binMs"": 250, ""bins"": [{""endMs"": 250, ""eventCount"": 1, ""requestQueuePeak"": 20, ""startMs"": 0}, {""endMs"": 750, ""eventCount"": 1, ""requestQueuePeak"": 38, ""startMs"": 500}, {""endMs"": 3000, ""eventCount"": 1, ""requestQueuePeak"": 46, ""startMs"": 2750}, {""endMs"": 3250, ""eventCount"": 1, ""requestQueuePeak"": 56, ""startMs"": 3000}, {""endMs"": 3500, ""eventCount"": 1, ""requestQueuePeak"": 61, ""startMs"": 3250}, {""endMs"": 3750, ""eventCount"": 1, ""requestQueuePeak"": 43, ""startMs"": 3500}, {""endMs"": 4000, ""eventCount"": 1, ""requestQueuePeak"": 35, ""startMs"": 3750}, {""endMs"": 4500, ""eventCount"": 1, ""requestQueuePeak"": 17, ""startMs"": 4250}, {""endMs"": 5500, ""eventCount"": 1, ""requestQueuePeak"": 0, ""startMs"": 5250}], ""originMs"": 6538.799999952316}","{""binMs"": 500, ""bins"": [{""encodedBodyBytes"": 127868, ""endMs"": 500, ""eventCount"": 2, ""startMs"": 0, ""transferBytes"": 128468}, {""encodedBodyBytes"": 803182, ""endMs"": 1000, ""eventCount"": 17, ""startMs"": 500, ""transferBytes"": 808282}, {""encodedBodyBytes"": 377968, ""endMs"": 1500, ""eventCount"": 8, ""startMs"": 1000, ""transferBytes"": 380368}, {""encodedBodyBytes"": 472460, ""endMs"": 3500, ""eventCount"": 10, ""startMs"": 3000, ""transferBytes"": 475460}, {""encodedBodyBytes"": 1181150, ""endMs"": 4000, ""eventCount"": 25, ""startMs"": 3500, ""transferBytes"": 1188650}], ""originMs"": 6038.199999928474}","{""binMs"": 500, ""bins"": [{""endMs"": 500, ""eventCount"": 26, ""startMs"": 0}, {""endMs"": 1000, ""eventCount"": 18, ""startMs"": 500}, {""endMs"": 2000, ""eventCount"": 17, ""startMs"": 1500}], ""originMs"": 10022.799999952316}","{""binMs"": 500, ""bins"": [{""endMs"": 500, ""eventCount"": 1, ""requestQueuePeak"": 20, ""startMs"": 0}, {""endMs"": 1000, ""eventCount"": 1, ""requestQueuePeak"": 38, ""startMs"": 500}, {""endMs"": 3000, ""eventCount"": 1, ""requestQueuePeak"": 46, ""startMs"": 2500}, {""endMs"": 3500, ""eventCount"": 2, ""requestQueuePeak"": 61, ""startMs"": 3000}, {""endMs"": 4000, ""eventCount"": 2, ""requestQueuePeak"": 43, ""startMs"": 3500}, {""endMs"": 4500, ""eventCount"": 1, ""requestQueuePeak"": 17, ""startMs"": 4000}, {""endMs"": 5500, ""eventCount"": 1, ""requestQueuePeak"": 0, ""startMs"": 5000}], ""originMs"": 6538.799999952316}"
unregistered-bagAmsterdam-pressureBurst-cesiumDynamic-r1-mtjqw7qk,cesiumDynamic,bagAmsterdam,pressureBurst,1,20260823,unregistered,pc,2.3.6,lan,pilot,request-peak-probe-v2.3.6-pressure-burst,none,none,none,none,,False,unspecified,unknown,unknown,,,True,,0,0,0,0,0,0,0,75,0,0.0,16.899999999965075,16.899999999965075,16.0,1,1516.600000000035,0,0,0.0,74.0,0.007567567572570203,0.007567567572570203,,,,,16.800000000046566,16.900000000023283,0.0,10133.699999809265,9,0,"{""STABLE"": 75}",10,829762,826762,True,4028.2999999523163,16.79999999998836,2.0,11.0,18.20000000001164,0.0,"[{""binEndMs"": 20, ""binStartMs"": 0, ""count"": 2401}, {""binEndMs"": 33.33, ""binStartMs"": 20, ""count"": 0}, {""binEndMs"": 50, ""binStartMs"": 33.33, ""count"": 0}, {""binEndMs"": 66.67, ""binStartMs"": 50, ""count"": 0}, {""binEndMs"": null, ""binStartMs"": 66.67, ""count"": 0}]",,,,,,,,,,,,,,,,,,,,,,,,
unregistered-bagAmsterdam-pressureBurst-fixed16-r1-mtjqr6ga,fixed16,bagAmsterdam,pressureBurst,1,20260823,unregistered,pc,2.3.6,lan,pilot,request-peak-probe-v2.3.6-pressure-burst,none,none,none,none,,False,unspecified,unknown,unknown,,,True,,0,0,0,0,0,0,0,76,0,0.0,16.828750000000397,16.89999999999418,16.0,13,34049.399999999936,0,0,0.0,75.0,0.006933333332727898,0.006933333332727898,,,,,16.80000000000291,16.90000000000873,0.0,10124.700000047684,30,0,"{""STABLE"": 76}",31,15454198,15444898,True,4032.0999999046326,16.80000000000291,2.0,50.0,17.60000000000582,0.0,"[{""binEndMs"": 20, ""binStartMs"": 0, ""count"": 2401}, {""binEndMs"": 33.33, ""binStartMs"": 20, ""count"": 0}, {""binEndMs"": 50, ""binStartMs"": 33.33, ""count"": 0}, {""binEndMs"": 66.67, ""binStartMs"": 50, ""count"": 0}, {""binEndMs"": null, ""binStartMs"": 66.67, ""count"": 0}]",,,,,,,,,,,,,,,,,,,,,,,,
unregistered-bagAmsterdam-pressureBurst-fixed8-r1-mtjqv140,fixed8,bagAmsterdam,pressureBurst,1,20260823,unregistered,pc,2.3.6,lan,pilot,request-peak-probe-v2.3.6-pressure-burst,none,none,none,none,,False,unspecified,unknown,unknown,,,True,,0,0,0,0,0,0,0,76,0,0.0,16.800000000046566,16.899999999979627,8.0,39,541797.8999999997,0,0,0.0,75.0,0.002800000011416491,0.002800000011416491,,,,,16.800000000046566,17.0,0.0,10122.699999809265,129,0,"{""STABLE"": 76}",152,89399410,89357410,True,4032.7999999523163,16.800000000017462,2.0,277.0,17.400000000023283,0.0,"[{""binEndMs"": 20, ""binStartMs"": 0, ""count"": 2401}, {""binEndMs"": 33.33, ""binStartMs"": 20, ""count"": 0}, {""binEndMs"": 50, ""binStartMs"": 33.33, ""count"": 0}, {""binEndMs"": 66.67, ""binStartMs"": 50, ""count"": 0}, {""binEndMs"": null, ""binStartMs"": 66.67, ""count"": 0}]",,,,,,,,,,,,,,,,,,,,,,,,
unregistered-bagAmsterdam-pressureBurst-proposed-r1-mtjqsd44,proposed,bagAmsterdam,pressureBurst,1,20260823,unregistered,pc,2.3.6,lan,pilot,request-peak-probe-v2.3.6-pressure-burst,none,none,none,none,,False,unspecified,unknown,unknown,,,True,,37,37,0,0,0,0,0,76,0,0.0,16.89999999999418,16.89999999999454,11.37211964780084,38,373848.59999999934,2,0,3.122333007222998,75.0,0.022101102180455665,0.014799999998921294,,,,,16.800000000017462,17.10000000000582,0.0,10113.700000047684,98,0,"{""INTERACTING"": 28, ""PRESSURE"": 32, ""RECOVERY"": 2, ""STABLE"": 14}",133,65254806,65222406,True,4032.9000000953674,16.89999999999418,2.0,195.0,18.20000000001164,0.0,"[{""binEndMs"": 20, ""binStartMs"": 0, ""count"": 2401}, {""binEndMs"": 33.33, ""binStartMs"": 20, ""count"": 0}, {""binEndMs"": 50, ""binStartMs"": 33.33, ""count"": 0}, {""binEndMs"": 66.67, ""binStartMs"": 50, ""count"": 0}, {""binEndMs"": null, ""binStartMs"": 66.67, ""count"": 0}]",,,,,,,,,,,,,,,,,,,,,,,,
unregistered-bagAmsterdam-pressureBurst-reactive-r1-mtjqpzsw,reactive,bagAmsterdam,pressureBurst,1,20260823,unregistered,pc,2.3.6,lan,pilot,request-peak-probe-v2.3.6-pressure-burst,none,none,none,none,,False,unspecified,unknown,unknown,,,True,,0,0,0,0,0,0,0,75,0,0.0,16.80000000000291,16.80000000000291,5.520600531117713,40,733459.0000000001,4,0,6.3103094680934975,74.0,5.899425092581156e-13,5.899425092581156e-13,,,,,16.80000000000291,16.900000000001455,0.0,10121.299999952316,141,0,"{""INTERACTING"": 28, ""RECOVERY"": 15, ""STABLE"": 32}",195,97032390,96985290,True,4032.199999809265,17.0,2.0,332.0,17.30000000000291,0.0,"[{""binEndMs"": 20, ""binStartMs"": 0, ""count"": 2401}, {""binEndMs"": 33.33, ""binStartMs"": 20, ""count"": 0}, {""binEndMs"": 50, ""binStartMs"": 33.33, ""count"": 0}, {""binEndMs"": 66.67, ""binStartMs"": 50, ""count"": 0}, {""binEndMs"": null, ""binStartMs"": 66.67, ""count"": 0}]",,,,,,,,,,,,,,,,,,,,,,,,
